label,regime,seed,transform_kind,fit_model,scale,delta_azimuth,delta_elevation,sun_elevation,ambiguity,overlap_fraction,n_kp_src,n_kp_dst,n_putative,n_inliers,inlier_ratio,fit_rmse,held_out_median,held_out_p90,held_out_ok,split_consistency,coverage_max_gap,coverage_occupancy,coverage_entropy,true_inlier_precision,true_putative_precision,transform_error_median,transform_error_p90,is_wrong,gen_s,pipeline_s,ransac_s,split
similarity/d_az=0,A_mare_moderate,1001,similarity,similarity,1.0,0.0,0.0,45.0,0.0,1.0,20,16,11,10,0.9090909090909091,0.3660574485512943,0.28247452822418306,0.5638345025999234,True,0.1237468032298343,0.2585873247355502,0.12698412698412698,0.4888390927451272,1.0,0.9090909090909091,0.3257907173004329,0.3755307844256327,False,1.4573072999482974,0.12718759989365935,0.03761080000549555,calibration
affine/d_az=0,A_mare_moderate,1001,affine,affine,1.0,0.0,0.0,45.0,0.0,1.0,20,17,13,12,0.9230769230769231,0.4005234273583825,0.339792190018637,0.8003347029141344,True,0.6125039733469573,0.2585873247355502,0.140625,0.5036758681457001,1.0,0.9230769230769231,0.34579782577381546,0.7289582088218444,False,0.22654659999534488,0.10374429996591061,0.04594280000310391,calibration
projective/d_az=0,A_mare_moderate,1001,projective,projective,1.0,0.0,0.0,45.0,0.0,1.0,20,17,12,4,0.3333333333333333,0.808243313446064,inf,inf,False,inf,0.5151578797407915,0.06349206349206349,0.3346003576203483,1.0,0.8333333333333334,171.79427942412576,319.9666614847798,True,0.20028730004560202,0.27636639995034784,0.21918490005191416,calibration
similarity/d_az=20,A_mare_moderate,1001,similarity,similarity,1.0,20.0,0.0,45.0,0.0,1.0,20,19,8,7,0.875,2.033638655675054,1.7593540122278983,3.633664636032397,True,3.9384661456747994,0.4707134803206252,0.1016949152542373,0.42865776746676304,0.8571428571428571,0.875,2.5298705561000143,4.0148236823118495,False,0.2056893000844866,0.09353160008322448,0.03807020001113415,calibration
affine/d_az=20,A_mare_moderate,1001,affine,affine,1.0,20.0,0.0,45.0,0.0,1.0,20,23,8,7,0.875,0.6387652068033746,2.6013247082090594,3.6510089276427555,True,inf,0.4828359565948903,0.1,0.42689814472237453,1.0,1.0,1.839243038707687,2.3660970947143856,False,0.19918230001349002,0.09522739995736629,0.03982750000432134,calibration
projective/d_az=20,A_mare_moderate,1001,projective,projective,1.0,20.0,0.0,45.0,0.0,1.0,20,18,7,4,0.5714285714285714,1.3253681955180023,inf,inf,False,inf,0.6022160050625293,0.06666666666666667,0.33858761519756286,1.0,1.0,637.2344772916083,1586.8717644798448,True,0.1999173000222072,0.09572820004541427,0.041066600009799004,calibration
similarity/d_az=40,A_mare_moderate,1001,similarity,similarity,1.0,40.0,0.0,45.0,0.0,1.0,20,23,3,2,0.6666666666666666,9.209686451197087e-14,inf,inf,False,inf,0.5310073996724947,0.03225806451612903,0.16794877895704194,1.0,0.6666666666666666,2.820139817546769,4.5689815439884764,False,0.2197869000956416,0.10060180013533682,0.03563139995094389,calibration
affine/d_az=40,A_mare_moderate,1001,affine,affine,1.0,40.0,0.0,45.0,0.0,1.0,20,23,2,0,0.0,nan,inf,inf,False,inf,1.0,0.0,0.0,0.0,1.0,inf,inf,True,0.21198670007288456,0.05640040000434965,3.3800024539232254e-05,calibration
projective/d_az=40,A_mare_moderate,1001,projective,projective,1.0,40.0,0.0,45.0,0.0,1.0,20,23,3,0,0.0,nan,inf,inf,False,inf,1.0,0.0,0.0,0.0,0.6666666666666666,inf,inf,True,0.21181969996541739,0.056179100065492094,3.9199949242174625e-05,calibration
similarity/d_az=60,A_mare_moderate,1001,similarity,similarity,1.0,60.0,0.0,45.0,0.0,1.0,20,20,1,0,0.0,nan,inf,inf,False,inf,1.0,0.0,0.0,0.0,0.0,inf,inf,True,0.19938969996292144,0.05578830000013113,3.800005652010441e-05,calibration
affine/d_az=60,A_mare_moderate,1001,affine,affine,1.0,60.0,0.0,45.0,0.0,1.0,20,17,2,0,0.0,nan,inf,inf,False,inf,1.0,0.0,0.0,0.0,0.0,inf,inf,True,0.21163420006632805,0.05627719999756664,3.8199941627681255e-05,calibration
projective/d_az=60,A_mare_moderate,1001,projective,projective,1.0,60.0,0.0,45.0,0.0,1.0,20,17,2,0,0.0,nan,inf,inf,False,inf,1.0,0.0,0.0,0.0,0.0,inf,inf,True,0.19767859997227788,0.05690530000720173,3.600004129111767e-05,calibration
similarity/d_az=0,A_mare_moderate,1002,similarity,similarity,1.0,0.0,0.0,45.0,0.0,1.0,22,19,16,16,1.0,0.41598927409792463,0.33839049953233524,0.7145960211392428,True,0.5198038098073081,0.37526213349711374,0.15625,0.5338032551857972,1.0,1.0,0.18994430595547238,0.2953142740654957,False,1.112167099956423,0.09914519998710603,0.037353400024585426,calibration
affine/d_az=0,A_mare_moderate,1002,affine,affine,1.0,0.0,0.0,45.0,0.0,1.0,22,14,13,13,1.0,0.3148837725387102,0.17470861902244522,0.4248511670384713,True,1.322276972947619,0.37526213349711374,0.140625,0.5141758504594128,1.0,1.0,0.3244185111007958,0.7325523705317196,False,0.2244160999543965,0.10072350013069808,0.04061669996008277,calibration
projective/d_az=0,A_mare_moderate,1002,projective,projective,1.0,0.0,0.0,45.0,0.0,1.0,22,18,15,7,0.4666666666666667,8.987733679556355e-14,inf,inf,False,inf,0.52719101440408,0.0625,0.3250353441524579,1.0,1.0,28.21697528295394,74.62461073204591,True,0.22621290001552552,0.11050549999345094,0.05498489993624389,calibration
similarity/d_az=20,A_mare_moderate,1002,similarity,similarity,1.0,20.0,0.0,45.0,0.0,1.0,22,29,7,7,1.0,1.2884354540153578,1.608595490398294,2.2000296238417074,True,2.308142774000304,0.3917778127978848,0.078125,0.37265439177150544,1.0,1.0,2.0276631300101347,2.8517839511677963,False,0.22299289994407445,0.11128139996435493,0.04225399997085333,calibration
affine/d_az=20,A_mare_moderate,1002,affine,affine,1.0,20.0,0.0,45.0,0.0,1.0,22,20,1,0,0.0,nan,inf,inf,False,inf,1.0,0.0,0.0,0.0,1.0,inf,inf,True,0.2292050999822095,0.059798400034196675,3.530003596097231e-05,calibration
projective/d_az=20,A_mare_moderate,1002,projective,projective,1.0,20.0,0.0,45.0,0.0,1.0,22,29,7,6,0.8571428571428571,1.106337229152991,inf,inf,False,inf,0.41564409025706717,0.0625,0.3197159723424149,1.0,1.0,98.8080732779162,477.6277967094089,True,0.22390540002379566,0.09331570006906986,0.03817600000184029,calibration
similarity/d_az=40,A_mare_moderate,1002,similarity,similarity,1.0,40.0,0.0,45.0,0.0,1.0,22,23,0,0,0.0,nan,inf,inf,False,inf,1.0,0.0,0.0,nan,nan,nan,nan,True,0.21984590007923543,0.05419690010603517,3.550003748387098e-05,calibration
affine/d_az=40,A_mare_moderate,1002,affine,affine,1.0,40.0,0.0,45.0,0.0,1.0,22,20,1,0,0.0,nan,inf,inf,False,inf,1.0,0.0,0.0,0.0,0.0,inf,inf,True,0.2219903999939561,0.06691159994807094,3.5400036722421646e-05,calibration
projective/d_az=40,A_mare_moderate,1002,projective,projective,1.0,40.0,0.0,45.0,0.0,1.0,22,21,0,0,0.0,nan,inf,inf,False,inf,1.0,0.0,0.0,nan,nan,nan,nan,True,0.22311159991659224,0.05595529999118298,3.560003824532032e-05,calibration
similarity/d_az=60,A_mare_moderate,1002,similarity,similarity,1.0,60.0,0.0,45.0,0.0,1.0,22,26,0,0,0.0,nan,inf,inf,False,inf,1.0,0.0,0.0,nan,nan,nan,nan,True,0.22031349991448224,0.05726100015453994,3.850006032735109e-05,calibration
affine/d_az=60,A_mare_moderate,1002,affine,affine,1.0,60.0,0.0,45.0,0.0,1.0,22,27,0,0,0.0,nan,inf,inf,False,inf,1.0,0.0,0.0,nan,nan,nan,nan,True,0.22223610000219196,0.06276150001212955,3.809994086623192e-05,calibration
projective/d_az=60,A_mare_moderate,1002,projective,projective,1.0,60.0,0.0,45.0,0.0,1.0,22,25,0,0,0.0,nan,inf,inf,False,inf,1.0,0.0,0.0,nan,nan,nan,nan,True,0.22634920000564307,0.055090999929234385,4.239997360855341e-05,calibration
similarity/d_az=0,A_mare_moderate,1003,similarity,similarity,1.0,0.0,0.0,45.0,0.0,1.0,21,19,13,13,1.0,0.5591045908811647,0.6296567593513909,0.9113359006568048,True,0.5042280648265838,0.3619135881843897,0.125,0.46289379917736156,1.0,1.0,0.18272970365368751,0.2476011070061842,False,1.0783967999741435,0.09475899988319725,0.03707379999104887,calibration
affine/d_az=0,A_mare_moderate,1003,affine,affine,1.0,0.0,0.0,45.0,0.0,1.0,21,19,13,13,1.0,0.4810241713209474,0.5690586140367245,0.7799470631039751,True,1.8317327029601245,0.3619135881843897,0.140625,0.5044978055598812,1.0,1.0,0.21706743497756925,0.43914836316295947,False,0.2029554001055658,0.10260640014894307,0.04560080007649958,calibration
projective/d_az=0,A_mare_moderate,1003,projective,projective,1.0,0.0,0.0,45.0,0.0,1.0,21,18,14,7,0.5,2.0816424984281102e-13,inf,inf,False,inf,0.610136854596414,0.046875,0.2297972489143626,1.0,1.0,160.8767383393254,281.03708685896396,True,0.1989893999416381,0.09872099990025163,0.04171589994803071,calibration
similarity/d_az=20,A_mare_moderate,1003,similarity,similarity,1.0,20.0,0.0,45.0,0.0,1.0,21,24,17,17,1.0,0.9208511633916348,0.978008186496604,1.5342973065601897,True,0.3651098934125124,0.28002360895321055,0.14035087719298245,0.4752193792969177,1.0,1.0,0.3045246643969583,0.506566501162338,False,0.20966699998825788,0.09565499995369464,0.03998670005239546,calibration
affine/d_az=20,A_mare_moderate,1003,affine,affine,1.0,20.0,0.0,45.0,0.0,1.0,21,25,15,15,1.0,1.092705372740146,1.0045960883992013,1.752296674555455,True,1.572336941602484,0.2585873247355502,0.15789473684210525,0.5097914164426419,0.9333333333333333,0.9333333333333333,0.3909976466361098,0.5735641295077853,False,0.2154839999275282,0.10261890001129359,0.04524510004557669,calibration
projective/d_az=20,A_mare_moderate,1003,projective,projective,1.0,20.0,0.0,45.0,0.0,1.0,21,23,16,8,0.5,0.6857187675307053,inf,inf,False,inf,0.5668505800280397,0.07017543859649122,0.32670581094480833,1.0,0.9375,367.94962348890954,630.5053249334993,True,0.21397329994942993,0.10060090001206845,0.04332330008037388,calibration
similarity/d_az=40,A_mare_moderate,1003,similarity,similarity,1.0,40.0,0.0,45.0,0.0,1.0,21,21,0,0,0.0,nan,inf,inf,False,inf,1.0,0.0,0.0,nan,nan,nan,nan,True,0.21464319992810488,0.05438670003786683,3.860006108880043e-05,calibration
affine/d_az=40,A_mare_moderate,1003,affine,affine,1.0,40.0,0.0,45.0,0.0,1.0,21,20,0,0,0.0,nan,inf,inf,False,inf,1.0,0.0,0.0,nan,nan,nan,nan,True,0.21071580005809665,0.055966599960811436,3.809994086623192e-05,calibration
projective/d_az=40,A_mare_moderate,1003,projective,projective,1.0,40.0,0.0,45.0,0.0,1.0,21,20,1,0,0.0,nan,inf,inf,False,inf,1.0,0.0,0.0,0.0,0.0,inf,inf,True,0.22114569996483624,0.06142679997719824,3.920006565749645e-05,calibration
similarity/d_az=60,A_mare_moderate,1003,similarity,similarity,1.0,60.0,0.0,45.0,0.0,1.0,21,24,0,0,0.0,nan,inf,inf,False,inf,1.0,0.0,0.0,nan,nan,nan,nan,True,0.20287229993846267,0.0560852000489831,3.570003900676966e-05,calibration
affine/d_az=60,A_mare_moderate,1003,affine,affine,1.0,60.0,0.0,45.0,0.0,1.0,21,21,0,0,0.0,nan,inf,inf,False,inf,1.0,0.0,0.0,nan,nan,nan,nan,True,0.19835770002100617,0.053267400013282895,3.520003519952297e-05,calibration
projective/d_az=60,A_mare_moderate,1003,projective,projective,1.0,60.0,0.0,45.0,0.0,1.0,21,21,0,0,0.0,nan,inf,inf,False,inf,1.0,0.0,0.0,nan,nan,nan,nan,True,0.20044559997040778,0.06142739998176694,3.66999302059412e-05,calibration
similarity/d_az=0,A_mare_moderate,1004,similarity,similarity,1.0,0.0,0.0,45.0,0.0,1.0,41,30,23,23,1.0,0.5211668960778537,0.32845292243275315,0.5890706560028143,True,0.3628841726183195,0.24251629786656154,0.22033898305084745,0.5952082756090291,1.0,1.0,0.17354103225865386,0.28631939224275427,False,1.0975050999550149,0.09888119995594025,0.040890099946409464,calibration
affine/d_az=0,A_mare_moderate,1004,affine,affine,1.0,0.0,0.0,45.0,0.0,1.0,41,27,20,18,0.9,0.4263470083094696,0.37961475772594944,0.8551328016906894,True,0.6882602277685624,0.2522817960152782,0.1724137931034483,0.5339701186260943,1.0,0.9,0.19050498656478668,0.3420259833666655,False,0.21545929997228086,0.10463920002803206,0.0477702000644058,calibration
projective/d_az=0,A_mare_moderate,1004,projective,projective,1.0,0.0,0.0,45.0,0.0,1.0,41,30,22,21,0.9545454545454546,0.413811498619282,0.33439760828355736,1.086392759252765,True,0.8192456875983812,0.24251629786656154,0.22033898305084745,0.5887286528776402,1.0,0.9545454545454546,0.41593375487087025,0.8113800996383012,False,0.21543189999647439,0.09914480010047555,0.04074820003006607,calibration
similarity/d_az=20,A_mare_moderate,1004,similarity,similarity,1.0,20.0,0.0,45.0,0.0,1.0,41,27,9,9,1.0,0.7128278348128101,0.8686716969639714,1.0830717066986124,True,3.0637468375225287,0.35822676619094923,0.11290322580645161,0.45774113161895047,1.0,1.0,0.6522810891494264,0.9227017804398184,False,0.21285649994388223,0.09995530010201037,0.040403000079095364,calibration
affine/d_az=20,A_mare_moderate,1004,affine,affine,1.0,20.0,0.0,45.0,0.0,1.0,41,24,11,11,1.0,0.8690465487503617,0.7487802131246056,1.7473937133068744,True,2.6251678413486728,0.36236770963738923,0.12698412698412698,0.4760277204746301,1.0,1.0,0.631095737885553,1.4820522785276267,False,0.21792520000599325,0.11219449993222952,0.044275599997490644,calibration
projective/d_az=20,A_mare_moderate,1004,projective,projective,1.0,20.0,0.0,45.0,0.0,1.0,41,21,10,5,0.5,7.805804659512887e-12,inf,inf,False,inf,0.48937550996851537,0.06349206349206349,0.3215389139349531,0.6,0.8,190.98112619293974,353.35692045190115,True,0.21064810000825673,0.1155143000651151,0.05259600002318621,calibration
similarity/d_az=40,A_mare_moderate,1004,similarity,similarity,1.0,40.0,0.0,45.0,0.0,1.0,41,23,0,0,0.0,nan,inf,inf,False,inf,1.0,0.0,0.0,nan,nan,nan,nan,True,0.19934910000301898,0.05935790005605668,3.2400013878941536e-05,calibration
affine/d_az=40,A_mare_moderate,1004,affine,affine,1.0,40.0,0.0,45.0,0.0,1.0,41,23,0,0,0.0,nan,inf,inf,False,inf,1.0,0.0,0.0,nan,nan,nan,nan,True,0.2115040000062436,0.058735899976454675,3.750005271285772e-05,calibration
projective/d_az=40,A_mare_moderate,1004,projective,projective,1.0,40.0,0.0,45.0,0.0,1.0,41,25,0,0,0.0,nan,inf,inf,False,inf,1.0,0.0,0.0,nan,nan,nan,nan,True,0.20308249990921468,0.054688200005330145,3.750005271285772e-05,calibration
similarity/d_az=60,A_mare_moderate,1004,similarity,similarity,1.0,60.0,0.0,45.0,0.0,1.0,41,26,2,2,1.0,4.14314051144892e-14,inf,inf,False,inf,0.6414105321111628,0.03125,0.16666666666666669,0.0,0.0,195.98649308733647,318.54074028689354,True,0.20247639995068312,0.08836119994521141,0.034929599962197244,calibration
affine/d_az=60,A_mare_moderate,1004,affine,affine,1.0,60.0,0.0,45.0,0.0,1.0,41,21,2,0,0.0,nan,inf,inf,False,inf,1.0,0.0,0.0,0.0,0.0,inf,inf,True,0.2135067000053823,0.05860530002973974,3.879994619637728e-05,calibration
projective/d_az=60,A_mare_moderate,1004,projective,projective,1.0,60.0,0.0,45.0,0.0,1.0,41,24,2,0,0.0,nan,inf,inf,False,inf,1.0,0.0,0.0,0.0,0.0,inf,inf,True,0.1995237999362871,0.058507999987341464,3.450002986937761e-05,calibration
similarity/d_az=0,A_highlands_moderate,1001,similarity,similarity,1.0,0.0,0.0,45.0,0.0,1.0,1496,1364,964,963,0.9989626556016598,0.4432384505723357,0.22910935554571937,0.6323416569232279,True,0.038446939283497156,0.05975413492491546,1.0,0.9805888951361644,1.0,0.9989626556016598,0.04827695842101194,0.06373825087441315,False,1.2945220000110567,0.17849049996584654,0.04477540007792413,calibration
affine/d_az=0,A_highlands_moderate,1001,affine,affine,1.0,0.0,0.0,45.0,0.0,1.0,1496,1362,987,987,1.0,0.6693002979612954,0.22420668954940515,0.606110079038498,True,0.055627211140080506,0.05975413492491546,0.984375,0.9770669370204893,0.9989868287740629,0.9989868287740629,0.3971661441425952,0.9092990927601214,False,0.2737868999829516,0.1820014000404626,0.05537319998256862,calibration
projective/d_az=0,A_highlands_moderate,1001,projective,projective,1.0,0.0,0.0,45.0,0.0,1.0,1496,1361,963,962,0.9989615784008308,0.4423375637377668,0.23499630023763068,0.6405565030237947,True,0.09608096086986034,0.05975413492491546,1.0,0.9792013224343344,1.0,0.9989615784008308,0.044084878170464956,0.07470514033105859,False,0.27175870002247393,0.15932770003564656,0.050267199985682964,calibration
similarity/d_az=20,A_highlands_moderate,1001,similarity,similarity,1.0,20.0,0.0,45.0,0.0,1.0,1496,1212,74,69,0.9324324324324325,1.0921339748877512,0.7178675774485369,1.6908129530139402,True,0.7183748594083381,0.1358291993555489,0.576271186440678,0.8400021467322294,1.0,0.9324324324324325,0.17480159214944802,0.28206208244010034,False,0.28119889996014535,0.14027039997745305,0.03732740005943924,calibration
affine/d_az=20,A_highlands_moderate,1001,affine,affine,1.0,20.0,0.0,45.0,0.0,1.0,1496,1220,119,115,0.9663865546218487,1.150810296331612,0.8200348158205538,1.9560774367254021,True,1.4864656527315567,0.11595123365048536,0.6833333333333333,0.8741569340221186,0.991304347826087,0.957983193277311,0.1998330001749115,0.3276895460276418,False,0.29396359995007515,0.17583700001705438,0.05092180008068681,calibration
projective/d_az=20,A_highlands_moderate,1001,projective,projective,1.0,20.0,0.0,45.0,0.0,1.0,1496,1206,70,68,0.9714285714285714,1.296714806738095,0.8151857477046704,1.7805357116530915,True,1.6647592280106769,0.14770469700507535,0.5666666666666667,0.8148964467454467,1.0,0.9714285714285714,0.6936514682442727,2.5776604101078506,False,0.283759200014174,0.16584370017517358,0.04235360003076494,calibration
similarity/d_az=40,A_highlands_moderate,1001,similarity,similarity,1.0,40.0,0.0,45.0,0.0,1.0,1496,1345,17,11,0.6470588235294118,1.094387014795902,1.041584247747127,1.9642858768084124,True,1.4670878411311294,0.2951108034022513,0.16129032258064516,0.5504711746069643,1.0,0.6470588235294118,0.36773421328937533,0.5696540055588046,False,0.27713030006270856,0.18819079990498722,0.07341539999470115,calibration
affine/d_az=40,A_highlands_moderate,1001,affine,affine,1.0,40.0,0.0,45.0,0.0,1.0,1496,1390,23,19,0.8260869565217391,0.9385920593645494,1.039146940716154,1.8352674564207452,True,1.4239526595849168,0.2589607740733731,0.22950819672131148,0.6208133311660696,1.0,0.8260869565217391,0.19693858568347045,0.4350514735224754,False,0.280709300073795,0.15634810004848987,0.0458084000274539,calibration
projective/d_az=40,A_highlands_moderate,1001,projective,projective,1.0,40.0,0.0,45.0,0.0,1.0,1496,1392,15,5,0.3333333333333333,0.23448784031525335,inf,inf,False,inf,0.47437667549294216,0.08064516129032258,0.38996498836238314,1.0,0.6666666666666666,19.981566822744604,61.09040802929234,True,0.26877810002770275,0.4032870999071747,0.26504169998224825,calibration
similarity/d_az=60,A_highlands_moderate,1001,similarity,similarity,1.0,60.0,0.0,45.0,0.0,1.0,1496,1205,5,2,0.4,8.28628102289784e-14,inf,inf,False,inf,0.4972696993210498,0.03333333333333333,0.16929380759878143,0.0,0.0,243.20995518263481,405.2694355922946,True,0.2889551999978721,0.1595254000276327,0.03690399997867644,calibration
affine/d_az=60,A_highlands_moderate,1001,affine,affine,1.0,60.0,0.0,45.0,0.0,1.0,1496,1184,7,3,0.42857142857142855,1.9136346316603822e-13,inf,inf,False,inf,0.40929762972216266,0.05,0.26832433664837085,0.0,0.0,638.0874473940441,1329.9013023408506,True,0.2831150999991223,0.17283269995823503,0.046288999961689115,calibration
projective/d_az=60,A_highlands_moderate,1001,projective,projective,1.0,60.0,0.0,45.0,0.0,1.0,1496,1199,6,0,0.0,nan,inf,inf,False,inf,1.0,0.0,0.0,0.0,0.0,inf,inf,True,0.29742929991334677,0.3395950000267476,0.2138679000781849,calibration
similarity/d_az=0,A_highlands_moderate,1002,similarity,similarity,1.0,0.0,0.0,45.0,0.0,1.0,1494,1473,1111,1110,0.9990999099909991,0.5874935786607703,0.16169182346337146,0.49572487646799673,True,0.025020387361954187,0.05474946885840792,1.0,0.9903053118284256,0.9990990990990991,0.9981998199819982,0.49367140473591375,0.689551726325337,False,1.2992528000613675,0.1799361000303179,0.0450997999869287,calibration
affine/d_az=0,A_highlands_moderate,1002,affine,affine,1.0,0.0,0.0,45.0,0.0,1.0,1494,1471,1081,1080,0.9990749306197965,0.5314121187814332,0.1821547486406937,0.5707012377414034,True,0.039406876763119436,0.05474946885840792,1.0,0.9889151439922005,0.9990740740740741,0.9981498612395929,0.3000609849850679,0.640044538329409,False,0.2712146999547258,0.18850389996077865,0.058563899947330356,calibration
projective/d_az=0,A_highlands_moderate,1002,projective,projective,1.0,0.0,0.0,45.0,0.0,1.0,1494,1490,1107,1105,0.998193315266486,0.3054025179945266,0.15154724205931805,0.4826074227871463,True,0.056234632895856104,0.05352813747680851,1.0,0.9904072803534228,1.0,0.998193315266486,0.025910509710319753,0.04706674187589634,False,0.30244449991732836,0.16632550000213087,0.051380100077949464,calibration
similarity/d_az=20,A_highlands_moderate,1002,similarity,similarity,1.0,20.0,0.0,45.0,0.0,1.0,1494,1713,143,138,0.965034965034965,1.1409715106277467,0.6813370685201728,2.0180261718575667,True,0.48336026990539294,0.16305702140939157,0.78125,0.8920307821645828,0.9927536231884058,0.958041958041958,0.4004482571785612,0.5899950645438143,False,0.26063919998705387,0.1849828000413254,0.041197100072167814,calibration
affine/d_az=20,A_highlands_moderate,1002,affine,affine,1.0,20.0,0.0,45.0,0.0,1.0,1494,1689,93,88,0.946236559139785,1.0972735589774054,0.7621683029683356,2.0288319826582537,True,0.8592953860012089,0.18386596987608184,0.65625,0.8459082054891314,1.0,0.946236559139785,0.08005377855797113,0.1529486570076765,False,0.25929369998630136,0.18796150002162904,0.045106800040230155,calibration
projective/d_az=20,A_highlands_moderate,1002,projective,projective,1.0,20.0,0.0,45.0,0.0,1.0,1494,1734,138,134,0.9710144927536232,0.9313812143255754,0.6102613254584526,1.6914553638262282,True,0.6502906692399459,0.16305702140939157,0.8125,0.8998241356563963,1.0,0.9710144927536232,0.1619039607176483,0.31269808929037074,False,0.2593588000163436,0.18977069994434714,0.043266599997878075,calibration
similarity/d_az=40,A_highlands_moderate,1002,similarity,similarity,1.0,40.0,0.0,45.0,0.0,1.0,1494,1689,8,3,0.375,0.12916804445320787,inf,inf,False,inf,0.6046379268367511,0.03125,0.15304930567574826,1.0,0.375,2.1984561229929818,3.6252823702267833,False,0.2566330999834463,0.15616830007638782,0.03741760004777461,calibration
affine/d_az=40,A_highlands_moderate,1002,affine,affine,1.0,40.0,0.0,45.0,0.0,1.0,1494,1726,6,3,0.5,2.861056007558981e-13,inf,inf,False,inf,0.7098659315969558,0.03125,0.15304930567574826,0.0,0.16666666666666666,1391.9694969093975,2802.4199366638286,True,0.259807400056161,0.17864239995833486,0.04460240004118532,calibration
projective/d_az=40,A_highlands_moderate,1002,projective,projective,1.0,40.0,0.0,45.0,0.0,1.0,1494,1715,9,0,0.0,nan,inf,inf,False,inf,1.0,0.0,0.0,0.0,0.4444444444444444,inf,inf,True,0.261348900035955,1.3009244999848306,1.132890300010331,calibration
similarity/d_az=60,A_highlands_moderate,1002,similarity,similarity,1.0,60.0,0.0,45.0,0.0,1.0,1494,1556,7,2,0.2857142857142857,2.0097183471152322e-14,inf,inf,False,inf,0.47918435768972456,0.03125,0.16666666666666669,0.0,0.0,254.25414723692123,419.2862896838788,True,0.2603248000377789,0.1680655999807641,0.03548129997216165,calibration
affine/d_az=60,A_highlands_moderate,1002,affine,affine,1.0,60.0,0.0,45.0,0.0,1.0,1494,1572,6,3,0.5,1.1832901233595593e-13,inf,inf,False,inf,0.47918435768972456,0.046875,0.26416041678685936,0.0,0.0,290.4260556489741,560.9366218713366,True,0.26099219999741763,0.18287030002102256,0.04503300006035715,calibration
projective/d_az=60,A_highlands_moderate,1002,projective,projective,1.0,60.0,0.0,45.0,0.0,1.0,1494,1535,11,0,0.0,nan,inf,inf,False,inf,1.0,0.0,0.0,0.0,0.0,inf,inf,True,0.25784840004052967,0.6283502998994663,0.49305319995619357,calibration
similarity/d_az=0,A_highlands_moderate,1003,similarity,similarity,1.0,0.0,0.0,45.0,0.0,1.0,1446,1768,1045,1045,1.0,0.4076974761031813,0.20881255491103243,0.6405612229816364,True,0.04035133256271661,0.05415790193511829,1.0,0.9945758682736857,1.0,1.0,0.053291241168525044,0.06195094527007612,False,1.3018475999124348,0.21492319996468723,0.07139960001222789,calibration
affine/d_az=0,A_highlands_moderate,1003,affine,affine,1.0,0.0,0.0,45.0,0.0,1.0,1446,1746,1069,1067,0.9981290926099158,0.779370853321199,0.19591396125170757,0.5926576081362865,True,0.1302878339630491,0.05188765324263354,1.0,0.9964198819992205,0.9971883786316776,0.9953227315247896,0.5029855282231508,1.0004635757418943,False,0.2618023999966681,0.19734860002063215,0.05754990002606064,calibration
projective/d_az=0,A_highlands_moderate,1003,projective,projective,1.0,0.0,0.0,45.0,0.0,1.0,1446,1779,1041,1039,0.9980787704130644,0.41724870628559446,0.21545925857384282,0.6497251950826691,True,0.0513698966872384,0.04985466072676211,1.0,0.9938620056338457,1.0,0.9980787704130644,0.056575990464836315,0.06878482325436501,False,0.2556794999400154,0.19628889998421073,0.05208439996931702,calibration
similarity/d_az=20,A_highlands_moderate,1003,similarity,similarity,1.0,20.0,0.0,45.0,0.0,1.0,1446,1145,531,527,0.992467043314501,0.9344073105402816,0.5077508749455447,1.376270803715806,True,0.11087544166343696,0.06507811978958229,0.9824561403508771,0.9569097356992982,0.9981024667931688,0.9905838041431262,0.40479499407128683,0.6631137605442983,False,0.26324780005961657,0.1634862000355497,0.043679800000973046,calibration
affine/d_az=20,A_highlands_moderate,1003,affine,affine,1.0,20.0,0.0,45.0,0.0,1.0,1446,1137,593,584,0.984822934232715,0.815764563830453,0.4575460928918005,1.3937497495228275,True,0.19816811591412203,0.05524271728019903,0.9824561403508771,0.9613389538772388,1.0,0.984822934232715,0.07131864714303968,0.12255061299239844,False,0.26192650001030415,0.19821069994941354,0.05242309998720884,calibration
projective/d_az=20,A_highlands_moderate,1003,projective,projective,1.0,20.0,0.0,45.0,0.0,1.0,1446,1125,522,510,0.9770114942528736,1.289976918998644,0.4956436785614937,1.2757957806117073,True,0.1406373557519727,0.06919442841451262,1.0,0.9579448102934469,1.0,0.9923371647509579,0.6190044821463252,2.288610897150832,False,0.2618741999613121,0.2541167000308633,0.12826060003135353,calibration
similarity/d_az=40,A_highlands_moderate,1003,similarity,similarity,1.0,40.0,0.0,45.0,0.0,1.0,1446,1212,10,2,0.2,2.4116620165382783e-13,inf,inf,False,inf,0.6629867716767831,0.031746031746031744,0.16730017881017414,0.0,0.0,1078.8025391696294,1719.3255881013495,True,0.26114750001579523,0.18339409993495792,0.06064189993776381,calibration
affine/d_az=40,A_highlands_moderate,1003,affine,affine,1.0,40.0,0.0,45.0,0.0,1.0,1446,1182,11,3,0.2727272727272727,2.320622857404618e-13,inf,inf,False,inf,0.4795981413330737,0.047619047619047616,0.26516450977807016,0.0,0.0,665.8628147849337,1451.2739085946175,True,0.2586800999706611,0.2701761000789702,0.14568930002860725,calibration
projective/d_az=40,A_highlands_moderate,1003,projective,projective,1.0,40.0,0.0,45.0,0.0,1.0,1446,1166,10,0,0.0,nan,inf,inf,False,inf,1.0,0.0,0.0,0.0,0.0,inf,inf,True,0.26235580001957715,1.84469769988209,1.7013803999871016,calibration
similarity/d_az=60,A_highlands_moderate,1003,similarity,similarity,1.0,60.0,0.0,45.0,0.0,1.0,1446,1419,7,3,0.42857142857142855,2.3722623203163407e-13,inf,inf,False,inf,0.9274727792735499,0.015625,-0.0,0.0,0.0,1317.0281747389326,1800.4983933509598,True,0.2513785999035463,0.17349890002515167,0.03757889999542385,calibration
affine/d_az=60,A_highlands_moderate,1003,affine,affine,1.0,60.0,0.0,45.0,0.0,1.0,1446,1414,8,4,0.5,2.5421149729252077e-13,inf,inf,False,inf,0.7111640168748483,0.03125,0.1352130207431888,0.0,0.0,1573.4319698830618,3073.9676499734696,True,0.25829050003085285,0.16932109999470413,0.040530099999159575,calibration
projective/d_az=60,A_highlands_moderate,1003,projective,projective,1.0,60.0,0.0,45.0,0.0,1.0,1446,1400,8,0,0.0,nan,inf,inf,False,inf,1.0,0.0,0.0,0.0,0.0,inf,inf,True,0.2478889999911189,0.26378549996297807,0.1307663000188768,calibration
similarity/d_az=0,A_highlands_moderate,1004,similarity,similarity,1.0,0.0,0.0,45.0,0.0,1.0,1448,1120,818,817,0.9987775061124694,0.34716914617777644,0.1917628526436509,0.519436486071999,True,0.028498728021091727,0.04694728223260403,0.9830508474576272,0.9551989062144076,1.0,0.9987775061124694,0.06650424998219814,0.08566968305960279,False,1.3122327000601217,0.15390089992433786,0.040069399983622134,calibration
affine/d_az=0,A_highlands_moderate,1004,affine,affine,1.0,0.0,0.0,45.0,0.0,1.0,1448,1130,806,804,0.9975186104218362,0.4246708001561561,0.23193008197190385,0.667427266591015,True,0.06824426363113265,0.062635486827113,0.9827586206896551,0.9602985348444012,1.0,0.9975186104218362,0.07369533734765753,0.10511874941462998,False,0.27983389992732555,0.18015519995242357,0.05918390001170337,calibration
projective/d_az=0,A_highlands_moderate,1004,projective,projective,1.0,0.0,0.0,45.0,0.0,1.0,1448,1103,814,812,0.9975429975429976,0.3532974165348109,0.18854720086887938,0.532169816228894,True,0.09632604171755893,0.05600472179064211,0.9830508474576272,0.95737948004711,1.0,0.9975429975429976,0.07296891502531963,0.08743750548959472,False,0.2838939999928698,0.17184070008806884,0.051858099992387,calibration
similarity/d_az=20,A_highlands_moderate,1004,similarity,similarity,1.0,20.0,0.0,45.0,0.0,1.0,1448,1222,170,165,0.9705882352941176,1.0997346115849878,0.7335478797813811,1.860450295128483,True,0.3187014158859969,0.09554133504085491,0.7258064516129032,0.8692477904213635,1.0,0.9705882352941176,0.10203806405517751,0.1498280922377077,False,0.2943304000655189,0.16637929994612932,0.03925949998665601,calibration
affine/d_az=20,A_highlands_moderate,1004,affine,affine,1.0,20.0,0.0,45.0,0.0,1.0,1448,1217,243,237,0.9753086419753086,1.0521087648514602,0.7257034354128279,1.7685957436684068,True,0.20838419848397843,0.085660855226034,0.8095238095238095,0.8918895113257015,1.0,0.9753086419753086,0.060150210679790754,0.11085814148046008,False,0.2836636999854818,0.17227780004031956,0.04817570000886917,calibration
projective/d_az=20,A_highlands_moderate,1004,projective,projective,1.0,20.0,0.0,45.0,0.0,1.0,1448,1210,175,168,0.96,1.0241194475095392,0.7142156378991962,1.7523071340590166,True,0.6721202415517968,0.14617009109087226,0.6984126984126984,0.8617454614699103,1.0,0.96,0.06395963901383919,0.21355147826577914,False,0.27944259997457266,0.17200399993453175,0.04713700001593679,calibration
similarity/d_az=40,A_highlands_moderate,1004,similarity,similarity,1.0,40.0,0.0,45.0,0.0,1.0,1448,1646,1,0,0.0,nan,inf,inf,False,inf,1.0,0.0,0.0,0.0,0.0,inf,inf,True,0.2703227000311017,0.11733380006626248,4.6200002543628216e-05,calibration
affine/d_az=40,A_highlands_moderate,1004,affine,affine,1.0,40.0,0.0,45.0,0.0,1.0,1448,1668,7,3,0.42857142857142855,2.7062880495209545e-13,inf,inf,False,inf,0.5490593775602103,0.046875,0.26416041678685936,0.0,0.14285714285714285,573.3044831653392,1334.0080713371983,True,0.2720519999274984,0.15823729999829084,0.04370150004979223,calibration
projective/d_az=40,A_highlands_moderate,1004,projective,projective,1.0,40.0,0.0,45.0,0.0,1.0,1448,1632,3,0,0.0,nan,inf,inf,False,inf,1.0,0.0,0.0,0.0,0.0,inf,inf,True,0.2734650999773294,0.1374785000225529,3.130000550299883e-05,calibration
similarity/d_az=60,A_highlands_moderate,1004,similarity,similarity,1.0,60.0,0.0,45.0,0.0,1.0,1448,1554,5,2,0.4,8.987733679556355e-14,inf,inf,False,inf,0.6363258735934867,0.03125,0.16666666666666669,0.0,0.0,241.62471995547082,404.34092315220283,True,0.2712164999684319,0.17441510001663119,0.03578420006670058,calibration
affine/d_az=60,A_highlands_moderate,1004,affine,affine,1.0,60.0,0.0,45.0,0.0,1.0,1448,1506,1,0,0.0,nan,inf,inf,False,inf,1.0,0.0,0.0,0.0,0.0,inf,inf,True,0.27618730009999126,0.1323896001558751,4.090007860213518e-05,calibration
projective/d_az=60,A_highlands_moderate,1004,projective,projective,1.0,60.0,0.0,45.0,0.0,1.0,1448,1556,5,0,0.0,nan,inf,inf,False,inf,1.0,0.0,0.0,0.0,0.0,inf,inf,True,0.2722526000579819,1.8266258999938145,1.7158421999774873,calibration
similarity/d_az=0,B_highlands_challenging,1001,similarity,similarity,1.0,0.0,0.0,45.0,0.0,1.0,6426,6139,4122,4119,0.9992721979621543,0.24966862624057978,0.13156378462451127,0.37437435294143495,True,0.010981295151185854,0.03871372069614195,1.0,0.9890890399568827,1.0,0.9992721979621543,0.03993889909420626,0.0413466263449897,False,1.4712495000567287,0.6963211999973282,0.06169689993839711,calibration
affine/d_az=0,B_highlands_challenging,1001,affine,affine,1.0,0.0,0.0,45.0,0.0,1.0,6426,6119,4143,4142,0.9997586290127927,1.2182665146428526,0.12827345340195284,0.3582913116742551,True,0.012918602602951544,0.028822843256743044,1.0,0.9868740939451953,0.9995171414775471,0.999275887038378,1.1206479439171801,2.005248948173418,False,0.3006016999715939,0.7049976999405771,0.0750644999789074,calibration
projective/d_az=0,B_highlands_challenging,1001,projective,projective,1.0,0.0,0.0,45.0,0.0,1.0,6426,6154,4150,4148,0.9995180722891567,0.24855806594975668,0.13291613877432343,0.3743213837708417,True,0.017385283018032223,0.03215908602924081,1.0,0.9891688102470416,1.0,0.9995180722891567,0.04292983592496877,0.047987030270301254,False,0.30923570005688816,0.7318964001024142,0.07113259995821863,calibration
similarity/d_az=20,B_highlands_challenging,1001,similarity,similarity,1.0,20.0,0.0,45.0,0.0,1.0,6426,6139,185,172,0.9297297297297298,0.5823304484832182,0.4038194154396325,0.942998198004111,True,0.14540251640872182,0.0841633469332933,0.8135593220338984,0.890242511087209,1.0,0.9297297297297298,0.10084804823095306,0.14328444052069117,False,0.3112710000714287,0.7947632001014426,0.039399600005708635,calibration
affine/d_az=20,B_highlands_challenging,1001,affine,affine,1.0,20.0,0.0,45.0,0.0,1.0,6426,6084,313,301,0.9616613418530351,0.5815465542882239,0.3695761708800188,0.9314155680257966,True,0.3064893050204329,0.07994834079692059,0.9,0.9358568802631082,1.0,0.9616613418530351,0.06345351288733464,0.1233657193672654,False,0.3058822000166401,0.6973267999710515,0.04833290004171431,calibration
projective/d_az=20,B_highlands_challenging,1001,projective,projective,1.0,20.0,0.0,45.0,0.0,1.0,6426,6051,181,170,0.9392265193370166,0.5705267376506565,0.40635839058535084,0.8552400141568188,True,0.2434232915737473,0.09849466483894502,0.8166666666666667,0.8884456094834791,1.0,0.9392265193370166,0.1654471226514122,0.33336771278979804,False,0.3136020000092685,0.6903068999527022,0.043894800008274615,calibration
similarity/d_az=40,B_highlands_challenging,1001,similarity,similarity,1.0,40.0,0.0,45.0,0.0,1.0,6426,6405,35,16,0.45714285714285713,0.6230853763204097,0.5122328575546722,1.1565050039232834,True,0.9031399818320902,0.37653404399167184,0.1935483870967742,0.5798968242097539,1.0,0.45714285714285713,0.43001386753268045,0.6492209145067558,False,0.30361429997719824,0.7682657999685034,0.03531379997730255,calibration
affine/d_az=40,B_highlands_challenging,1001,affine,affine,1.0,40.0,0.0,45.0,0.0,1.0,6426,6393,68,47,0.6911764705882353,0.6202812671636309,0.3163586781036289,1.1423454446658692,True,0.5168389096602051,0.15601110209114752,0.4426229508196721,0.7531848840345368,1.0,0.6911764705882353,0.19083275800213712,0.39013626989000144,False,0.29418189998250455,0.7872927999123931,0.04569079994689673,calibration
projective/d_az=40,B_highlands_challenging,1001,projective,projective,1.0,40.0,0.0,45.0,0.0,1.0,6426,6469,29,10,0.3448275862068966,0.5496776834598239,1.0223441089481302,3.1273526699142082,True,8.859676372722571,0.4578744151344583,0.11290322580645161,0.4235547441537914,1.0,0.4827586206896552,1.8018855928334412,7.467189861423808,False,0.29639479995239526,1.9567155999829993,1.2371524999616668,calibration
similarity/d_az=60,B_highlands_challenging,1001,similarity,similarity,1.0,60.0,0.0,45.0,0.0,1.0,6426,5928,16,3,0.1875,1.1492452732755096,inf,inf,False,inf,0.629939250405457,0.05,0.26832433664837085,0.0,0.0,142.8914677947546,224.4346810873227,True,0.3164420999819413,0.7251177000580356,0.07567950000520796,calibration
affine/d_az=60,B_highlands_challenging,1001,affine,affine,1.0,60.0,0.0,45.0,0.0,1.0,6426,5841,24,4,0.16666666666666666,1.0052552388382667,inf,inf,False,inf,0.47537277496046315,0.06666666666666667,0.33858761519756286,0.0,0.0,266.0364184462295,432.96956354196885,True,0.3142287000082433,1.2969317000824958,0.6641359000932425,calibration
projective/d_az=60,B_highlands_challenging,1001,projective,projective,1.0,60.0,0.0,45.0,0.0,1.0,6426,5892,18,4,0.2222222222222222,1.0052541167784834,inf,inf,False,inf,0.4655744577807585,0.06666666666666667,0.33858761519756286,0.0,0.0,263.6781705578992,526.2376568954318,True,0.31199029996059835,1.8147208999143913,1.1463332999264821,calibration
similarity/d_az=0,B_highlands_challenging,1002,similarity,similarity,1.0,0.0,0.0,45.0,0.0,1.0,6441,6458,4821,4818,0.9993777224642191,0.17301787282597508,0.0851938845453912,0.24815643477750582,True,0.006662752241069396,0.027621358640099514,1.0,0.9946252701156179,1.0,0.9993777224642191,0.025722515458104927,0.02924539925853982,False,1.4516954000573605,0.7398195000132546,0.06327119993511587,calibration
affine/d_az=0,B_highlands_challenging,1002,affine,affine,1.0,0.0,0.0,45.0,0.0,1.0,6441,6480,4764,4763,0.9997900923593619,0.19649841207638633,0.09850362792025963,0.29179021479480227,True,0.007528181313526398,0.029115468457028514,1.0,0.9941999747093899,1.0,0.9997900923593619,0.03256346391407991,0.0400777741725922,False,0.32520399999339134,0.7975844000466168,0.0775844999589026,calibration
projective/d_az=0,B_highlands_challenging,1002,projective,projective,1.0,0.0,0.0,45.0,0.0,1.0,6441,6479,4834,4833,0.9997931319817956,0.17532194194724068,0.08529277444190282,0.25007039861429053,True,0.013965337779648444,0.029115468457028514,1.0,0.9946591229608444,1.0,0.9997931319817956,0.024602948082468795,0.029481468733931898,False,0.3281507999636233,0.7636809999821708,0.0745406000642106,calibration
similarity/d_az=20,B_highlands_challenging,1002,similarity,similarity,1.0,20.0,0.0,45.0,0.0,1.0,6441,6624,391,379,0.969309462915601,0.5429614655913394,0.3219742498607014,0.8990057115036819,True,0.0403661062921231,0.09835686181261073,0.96875,0.9531695347738139,1.0,0.969309462915601,0.053641552353490156,0.06502600536726591,False,0.33484439994208515,0.7351225999882445,0.04130000004079193,calibration
affine/d_az=20,B_highlands_challenging,1002,affine,affine,1.0,20.0,0.0,45.0,0.0,1.0,6441,6658,239,226,0.9456066945606695,0.567414837299671,0.3254172422240681,1.008568081062987,True,0.09676114480528858,0.09835686181261073,0.921875,0.9267790947617458,1.0,0.9456066945606695,0.03555198157086169,0.05226885784901136,False,0.3124419000232592,0.7549628999549896,0.04828260000795126,calibration
projective/d_az=20,B_highlands_challenging,1002,projective,projective,1.0,20.0,0.0,45.0,0.0,1.0,6441,6633,397,389,0.9798488664987406,0.5351850704808602,0.32414877719705915,0.9012935242632909,True,0.172976129892985,0.09835686181261073,0.984375,0.9532635524339106,1.0,0.9798488664987406,0.06111872055603906,0.09252429402822956,False,0.3151417999761179,0.8054809001041576,0.046192800044082105,calibration
similarity/d_az=40,B_highlands_challenging,1002,similarity,similarity,1.0,40.0,0.0,45.0,0.0,1.0,6441,6817,30,7,0.23333333333333334,0.42515936437972224,0.47309309169090397,1.0334996727270325,True,1.1685860720964039,0.4350205659450354,0.078125,0.3546808798152324,1.0,0.23333333333333334,0.4669886167839132,0.7172189437954684,False,0.31746049993671477,0.761027800035663,0.04492790007498115,calibration
affine/d_az=40,B_highlands_challenging,1002,affine,affine,1.0,40.0,0.0,45.0,0.0,1.0,6441,6859,22,5,0.22727272727272727,7.044915666860865e-13,inf,inf,False,inf,0.547708318475022,0.046875,0.2536546824812271,0.0,0.13636363636363635,3968.7246118747144,8167.186255467817,True,0.30775460007134825,0.9858379000797868,0.25713320006616414,calibration
projective/d_az=40,B_highlands_challenging,1002,projective,projective,1.0,40.0,0.0,45.0,0.0,1.0,6441,6883,28,6,0.21428571428571427,5.339916573919623e-12,inf,inf,False,inf,0.5249479399204612,0.046875,0.24319131950454084,0.5,0.17857142857142858,225.40757981552673,344.65540324042644,True,0.32293749996460974,2.10469190008007,1.3806965000694618,calibration
similarity/d_az=60,B_highlands_challenging,1002,similarity,similarity,1.0,60.0,0.0,45.0,0.0,1.0,6441,6728,22,2,0.09090909090909091,8.987733679556355e-14,inf,inf,False,inf,0.6097198988344749,0.03125,0.16666666666666669,0.0,0.0,203.62472221472626,300.0560061125653,True,0.330479700001888,0.9821825000690296,0.2937136000255123,calibration
affine/d_az=60,B_highlands_challenging,1002,affine,affine,1.0,60.0,0.0,45.0,0.0,1.0,6441,6684,22,3,0.13636363636363635,5.250970108951385e-13,inf,inf,False,inf,0.5429828010771842,0.046875,0.26416041678685936,0.0,0.0,2690.481942075941,5995.881831087872,True,0.3276188999880105,1.9479146000230685,1.2216269000200555,calibration
projective/d_az=60,B_highlands_challenging,1002,projective,projective,1.0,60.0,0.0,45.0,0.0,1.0,6441,6761,24,4,0.16666666666666666,0.6401553657960196,inf,inf,False,inf,0.39797341572865913,0.0625,0.33333333333333337,0.0,0.0,245.1018965876681,589.9751545075587,True,0.3439722000621259,4.308530900045298,3.6204722999827936,calibration
similarity/d_az=0,B_highlands_challenging,1003,similarity,similarity,1.0,0.0,0.0,45.0,0.0,1.0,6313,6475,3794,3791,0.9992092778070638,0.22722212146022636,0.12167442283804109,0.3528193736925226,True,0.01127456082231056,0.030867889560233595,1.0,0.9979728196211596,1.0,0.9992092778070638,0.047836935393335035,0.05464640901726804,False,1.415098199970089,0.7389577999711037,0.06043910002335906,calibration
affine/d_az=0,B_highlands_challenging,1003,affine,affine,1.0,0.0,0.0,45.0,0.0,1.0,6313,6568,3944,3940,0.9989858012170385,0.2163386046743727,0.11181520267374631,0.3308867631636889,True,0.012738735452504101,0.02737473442920396,1.0,0.9980608057382553,1.0,0.9989858012170385,0.043239907051653786,0.050367762176548064,False,0.30602979997638613,0.8063700000056997,0.0751398999709636,calibration
projective/d_az=0,B_highlands_challenging,1003,projective,projective,1.0,0.0,0.0,45.0,0.0,1.0,6313,6480,3792,3792,1.0,0.2270144588316053,0.1236155496232258,0.34748725086228344,True,0.024325471551463446,0.02737473442920396,1.0,0.9977953874666773,1.0,1.0,0.0483141114909926,0.05128863795253943,False,0.3006000999594107,0.7482602000236511,0.06864349998068064,calibration
similarity/d_az=20,B_highlands_challenging,1003,similarity,similarity,1.0,20.0,0.0,45.0,0.0,1.0,6313,5979,2130,2127,0.9985915492957746,0.5725101385223534,0.28823755945674595,0.8081070776184384,True,0.0312661511079199,0.03575398494204683,1.0,0.9764795142910706,0.999529854254819,0.9981220657276996,0.32940973988864913,0.5205958486911965,False,0.30626849993132055,0.680392500013113,0.04799960006494075,calibration
affine/d_az=20,B_highlands_challenging,1003,affine,affine,1.0,20.0,0.0,45.0,0.0,1.0,6313,5868,2351,2346,0.9978732454274777,0.48053842088796644,0.26474990295503864,0.7677827761120548,True,0.06904780063438609,0.03278562060420358,1.0,0.9776191599218799,1.0,0.9978732454274777,0.05930000875428111,0.0700762806684838,False,0.3042665000539273,0.6902673998847604,0.06122989999130368,calibration
projective/d_az=20,B_highlands_challenging,1003,projective,projective,1.0,20.0,0.0,45.0,0.0,1.0,6313,5993,2143,2136,0.9967335510965936,0.5008463886358612,0.2884248822384051,0.8042629542844408,True,0.043655957136383795,0.03319674162495303,1.0,0.9765159747953271,1.0,0.9967335510965936,0.05801518962546312,0.07772399036852476,False,0.31493430002592504,0.6909650999587029,0.05799000000115484,calibration
similarity/d_az=40,B_highlands_challenging,1003,similarity,similarity,1.0,40.0,0.0,45.0,0.0,1.0,6313,6403,16,2,0.125,9.845568954283848e-14,inf,inf,False,inf,0.4735467821710057,0.031746031746031744,0.16730017881017414,0.0,0.0625,478.68421650399347,762.0024714354412,True,0.31133779999800026,0.8359637999674305,0.16373710008338094,calibration
affine/d_az=40,B_highlands_challenging,1003,affine,affine,1.0,40.0,0.0,45.0,0.0,1.0,6313,6372,24,4,0.16666666666666666,1.0619802570347678,inf,inf,False,inf,0.6778091062104474,0.031746031746031744,0.13572697528679561,0.0,0.041666666666666664,833.9078116148127,1915.5829056469138,True,0.3169987000292167,1.3272101999027655,0.6597176999785006,calibration
projective/d_az=40,B_highlands_challenging,1003,projective,projective,1.0,40.0,0.0,45.0,0.0,1.0,6313,6326,16,4,0.25,0.5658842373760854,inf,inf,False,inf,0.4193314850023024,0.047619047619047616,0.2509502682152612,0.0,0.0625,261.54151837340174,691.6632926413986,True,0.29941059998236597,1.371291400049813,0.7088816000614315,calibration
similarity/d_az=60,B_highlands_challenging,1003,similarity,similarity,1.0,60.0,0.0,45.0,0.0,1.0,6313,6586,14,3,0.21428571428571427,4.641245714809236e-14,inf,inf,False,inf,0.6731884166518585,0.03125,0.15304930567574826,0.0,0.0,266.4037568167083,415.3839053196233,True,0.29720949998591095,0.8017061001155525,0.05246540007647127,calibration
affine/d_az=60,B_highlands_challenging,1003,affine,affine,1.0,60.0,0.0,45.0,0.0,1.0,6313,6583,18,4,0.2222222222222222,1.1368683772161603e-13,inf,inf,False,inf,0.4060245768808214,0.046875,0.25,0.0,0.0,224.17437103999345,443.8213260747753,True,0.3069326999830082,1.0118464999832213,0.2742351999040693,calibration
projective/d_az=60,B_highlands_challenging,1003,projective,projective,1.0,60.0,0.0,45.0,0.0,1.0,6313,6548,19,5,0.2631578947368421,4.468630324261891e-13,inf,inf,False,inf,0.4092852027256042,0.0625,0.3203213491478938,0.0,0.0,211.07466128503552,532.4226218145919,True,0.29407800000626594,1.2613566999789327,0.5786021999083459,calibration
similarity/d_az=0,B_highlands_challenging,1004,similarity,similarity,1.0,0.0,0.0,45.0,0.0,1.0,6296,5715,3633,3629,0.9988989815579411,0.20677108433004612,0.10615214745666751,0.3146088346885362,True,0.011400538855599957,0.02876396098225849,1.0,0.9784091050535196,1.0,0.9988989815579411,0.05661931078240075,0.05758348137084117,False,1.4267327999696136,0.6767076998949051,0.060832299990579486,calibration
affine/d_az=0,B_highlands_challenging,1004,affine,affine,1.0,0.0,0.0,45.0,0.0,1.0,6296,5734,3564,3561,0.9991582491582491,0.5496330376394593,0.1288217934854396,0.37728452186874795,True,0.015917065381623255,0.02876396098225849,1.0,0.9795766756676006,0.9994383600112328,0.9985970819304153,0.3883527805209773,0.8635460987209985,False,0.3245879999594763,0.6858937999932095,0.0702822000021115,calibration
projective/d_az=0,B_highlands_challenging,1004,projective,projective,1.0,0.0,0.0,45.0,0.0,1.0,6296,5825,3685,3681,0.9989145183175034,0.2125144245193614,0.10657175545278294,0.3200535050381279,True,0.022351316586507085,0.023072975451392384,1.0,0.9781284688862131,1.0,0.9989145183175034,0.057089090361899436,0.06247556147888808,False,0.3261802000924945,0.7203662999672815,0.06974239996634424,calibration
similarity/d_az=20,B_highlands_challenging,1004,similarity,similarity,1.0,20.0,0.0,45.0,0.0,1.0,6296,5884,490,479,0.9775510204081632,0.6385353718711188,0.4188369807316158,1.029714056915055,True,0.11916643196011978,0.06285165826118318,0.9516129032258065,0.9378026639210829,1.0,0.9775510204081632,0.06647071433938892,0.10565066403160303,False,0.3114287001080811,0.666142400004901,0.039606899954378605,calibration
affine/d_az=20,B_highlands_challenging,1004,affine,affine,1.0,20.0,0.0,45.0,0.0,1.0,6296,5924,728,716,0.9835164835164835,0.6076412510763609,0.3817798921268969,0.9805939158133763,True,0.05811453963237421,0.06360247261364486,0.9682539682539683,0.9471931651706532,1.0,0.9835164835164835,0.048550235106780124,0.09238576978281572,False,0.3067901999456808,0.6792899998836219,0.05047549994196743,calibration
projective/d_az=20,B_highlands_challenging,1004,projective,projective,1.0,20.0,0.0,45.0,0.0,1.0,6296,5855,494,481,0.9736842105263158,0.6589952285073004,0.4204032745641331,1.0343997981604327,True,0.21405893555858396,0.0679083583875276,0.9365079365079365,0.9333214205692284,1.0,0.9736842105263158,0.06903641043195208,0.1132871541584318,False,0.3165734999347478,0.6736828000284731,0.04538869997486472,calibration
similarity/d_az=40,B_highlands_challenging,1004,similarity,similarity,1.0,40.0,0.0,45.0,0.0,1.0,6296,6850,12,2,0.16666666666666666,6.431098710768743e-13,inf,inf,False,inf,0.8392247799825776,0.015625,-0.0,0.0,0.0,3976.678159738883,6004.756099452785,True,0.30015499994624406,0.7977291999850422,0.08277089998591691,calibration
affine/d_az=40,B_highlands_challenging,1004,affine,affine,1.0,40.0,0.0,45.0,0.0,1.0,6296,6781,11,3,0.2727272727272727,1.1368683772161603e-13,inf,inf,False,inf,0.5160621305742626,0.046875,0.26416041678685936,0.0,0.0,268.88386109085593,554.7340894241797,True,0.31110319995786995,0.8636124999029562,0.14994729997124523,calibration
projective/d_az=40,B_highlands_challenging,1004,projective,projective,1.0,40.0,0.0,45.0,0.0,1.0,6296,6898,11,0,0.0,nan,inf,inf,False,inf,1.0,0.0,0.0,0.0,0.0,inf,inf,True,0.3134128999663517,3.334851899999194,2.6086761000333354,calibration
similarity/d_az=60,B_highlands_challenging,1004,similarity,similarity,1.0,60.0,0.0,45.0,0.0,1.0,6296,6706,11,2,0.18181818181818182,5.684341886080802e-14,inf,inf,False,inf,0.42149304339891613,0.03125,0.16666666666666669,0.0,0.0,369.90019125536685,519.8994934124803,True,0.29727980005554855,0.7830052999779582,0.07413889991585165,calibration
affine/d_az=60,B_highlands_challenging,1004,affine,affine,1.0,60.0,0.0,45.0,0.0,1.0,6296,6783,18,4,0.2222222222222222,1.0746387987518837,inf,inf,False,inf,0.45712212712348854,0.046875,0.25,0.0,0.0,208.38098072345662,354.508145818672,True,0.308174500009045,1.076716700103134,0.2823151000775397,calibration
projective/d_az=60,B_highlands_challenging,1004,projective,projective,1.0,60.0,0.0,45.0,0.0,1.0,6296,6689,14,0,0.0,nan,inf,inf,False,inf,1.0,0.0,0.0,0.0,0.0,inf,inf,True,0.2921750999521464,2.0219732000259683,1.3174619000637904,calibration
similarity/d_az=0,C_extreme_diagnostic,1001,similarity,similarity,1.0,0.0,0.0,45.0,0.0,1.0,2868,2675,1722,1718,0.9976771196283392,0.5320311536421783,0.21335772458053948,0.6624342481331856,True,0.035176149621364575,0.05368627116689663,1.0,0.980492866980974,0.9994179278230501,0.997096399535424,0.30062455310332015,0.46372406799314175,False,2.1486610000720248,0.2690721000544727,0.04758740006946027,calibration
affine/d_az=0,C_extreme_diagnostic,1001,affine,affine,1.0,0.0,0.0,45.0,0.0,1.0,2868,2662,1730,1728,0.9988439306358381,0.6037681433004493,0.21199127120662736,0.6235357947737188,True,0.03953618830076011,0.04117549036677578,1.0,0.9782075732218821,0.9988425925925926,0.9982658959537573,0.4647367181137053,0.586820575496706,False,1.1616812000283971,0.28162519994657487,0.060466299997642636,calibration
projective/d_az=0,C_extreme_diagnostic,1001,projective,projective,1.0,0.0,0.0,45.0,0.0,1.0,2868,2653,1715,1711,0.997667638483965,0.4508686808976494,0.215006659728781,0.6573568575584208,True,0.08793333696045949,0.0577925547426358,1.0,0.9797895055358344,1.0,0.997667638483965,0.056102705185970596,0.0895069263343552,False,1.1536402000347152,0.28210329997818917,0.05569969990756363,calibration
similarity/d_az=20,C_extreme_diagnostic,1001,similarity,similarity,1.0,20.0,0.0,45.0,0.0,1.0,2868,2336,115,92,0.8,1.3222012272534025,0.7288969836420056,1.8497197380623656,True,0.5446276681146305,0.18867183006958288,0.6779661016949152,0.8677876975681926,0.9565217391304348,0.7739130434782608,0.7429591027346677,0.8914155941448079,False,1.1763783000642434,0.24490879999939352,0.03594989993143827,calibration
affine/d_az=20,C_extreme_diagnostic,1001,affine,affine,1.0,20.0,0.0,45.0,0.0,1.0,2868,2323,163,146,0.8957055214723927,1.1873579980745368,0.7260311862918971,1.7951009095214028,True,0.4491728650831066,0.127630737029613,0.7833333333333333,0.9046422994650773,0.9794520547945206,0.8834355828220859,0.38450055859851423,0.8398602247021694,False,1.1706909999484196,0.26175800000783056,0.04800950002390891,calibration
projective/d_az=20,C_extreme_diagnostic,1001,projective,projective,1.0,20.0,0.0,45.0,0.0,1.0,2868,2330,125,105,0.84,1.2160573452177124,0.7177818469677467,1.8791626272475592,True,0.4925157633586903,0.143264673629159,0.6833333333333333,0.8690291791715283,0.9904761904761905,0.84,0.4123284994099738,1.032319402364413,False,1.1690441999817267,0.270541499950923,0.04270879994146526,calibration
similarity/d_az=40,C_extreme_diagnostic,1001,similarity,similarity,1.0,40.0,0.0,45.0,0.0,1.0,2868,2580,35,13,0.37142857142857144,1.2030080098507694,1.088544673090303,2.050210634034613,True,2.165560900198341,0.3303547339104041,0.1774193548387097,0.5600552899531327,0.9230769230769231,0.34285714285714286,0.43714376502554464,0.6809822977844767,False,1.151157799991779,0.25913939997553825,0.036185799981467426,calibration
affine/d_az=40,C_extreme_diagnostic,1001,affine,affine,1.0,40.0,0.0,45.0,0.0,1.0,2868,2586,53,32,0.6037735849056604,0.878038266436128,0.5649969281082721,1.623904721789563,True,1.4868559568327728,0.25536772233606797,0.32786885245901637,0.7006951793176596,1.0,0.6037735849056604,0.1851265528031159,0.29564980388263307,False,1.1497152999509126,0.2723907999461517,0.04671629995573312,calibration
projective/d_az=40,C_extreme_diagnostic,1001,projective,projective,1.0,40.0,0.0,45.0,0.0,1.0,2868,2579,42,7,0.16666666666666666,1.035151394140904,10.291442791227457,22.502557420710005,True,inf,0.5395089234407734,0.06451612903225806,0.32753573500972316,0.8571428571428571,0.40476190476190477,41.89303541982366,181.5149050091485,True,1.1511422999901697,3.8549435001332313,3.6363627000246197,calibration
similarity/d_az=60,C_extreme_diagnostic,1001,similarity,similarity,1.0,60.0,0.0,45.0,0.0,1.0,2868,2244,24,3,0.125,1.0199809720158128,inf,inf,False,inf,0.45561754585428094,0.03333333333333333,0.15546179824918327,0.0,0.0,256.77886995848746,367.0824968116894,True,1.2063541000243276,0.35649349994491786,0.15205909998621792,calibration
affine/d_az=60,C_extreme_diagnostic,1001,affine,affine,1.0,60.0,0.0,45.0,0.0,1.0,2868,2220,23,3,0.13043478260869565,2.842170943040401e-14,inf,inf,False,inf,0.47280150144180494,0.05,0.26832433664837085,0.0,0.0,293.9228387034935,630.0206949958596,True,1.1841479999711737,1.5948254999238998,1.3932731999084353,calibration
projective/d_az=60,C_extreme_diagnostic,1001,projective,projective,1.0,60.0,0.0,45.0,0.0,1.0,2868,2246,21,4,0.19047619047619047,2.575508608467006,inf,inf,False,inf,0.5721852575582614,0.05,0.25394071139817215,0.0,0.0,179.17727672807382,283.235897179576,True,1.2113438999513164,3.209527000086382,2.995541700045578,calibration
similarity/d_az=0,C_extreme_diagnostic,1002,similarity,similarity,1.0,0.0,0.0,45.0,0.0,1.0,2959,2972,2034,2027,0.9965585054080629,0.35284304201576605,0.16149077834773426,0.5129681270798044,True,0.03520344336497766,0.035180354390901815,1.0,0.9924854643049806,1.0,0.9965585054080629,0.0583170207908386,0.0660023981429893,False,3.2179601000389084,0.433474300079979,0.1023402001010254,calibration
affine/d_az=0,C_extreme_diagnostic,1002,affine,affine,1.0,0.0,0.0,45.0,0.0,1.0,2959,2929,1984,1983,0.9994959677419355,0.3800471277821649,0.18430397051622208,0.5525967365874624,True,0.06247208508003815,0.03385416666666667,1.0,0.9911853088610842,1.0,0.9994959677419355,0.05698669361942136,0.06515202904948189,False,1.6630299999378622,0.40226569992955774,0.0913608999690041,calibration
projective/d_az=0,C_extreme_diagnostic,1002,projective,projective,1.0,0.0,0.0,45.0,0.0,1.0,2959,2931,2018,2015,0.9985133795837463,0.3363619356750907,0.16225914986051498,0.4830893428815774,True,0.13569856749975961,0.0339541791937638,1.0,0.9926465965353344,1.0,0.9985133795837463,0.0585820832100181,0.06404067325076129,False,1.4676524000242352,0.29331229999661446,0.057568500051274896,calibration
similarity/d_az=20,C_extreme_diagnostic,1002,similarity,similarity,1.0,20.0,0.0,45.0,0.0,1.0,2959,3387,170,149,0.8764705882352941,1.094199589489564,0.6978552192249646,1.4859937484265662,True,0.2601021138859587,0.13750394565045926,0.796875,0.8990356575848815,0.9865771812080537,0.8647058823529412,0.3780628182376594,0.6094026218141781,False,1.162100699963048,0.2797046999912709,0.04185859998688102,calibration
affine/d_az=20,C_extreme_diagnostic,1002,affine,affine,1.0,20.0,0.0,45.0,0.0,1.0,2959,3413,136,108,0.7941176470588235,1.0855306203796493,0.8283857073559258,1.8922872314039436,True,0.1358571979875507,0.15248279801091044,0.71875,0.8706321046255607,1.0,0.7941176470588235,0.2638286361275318,0.378367072264141,False,1.1399366999976337,0.31648320017848164,0.04737760010175407,calibration
projective/d_az=20,C_extreme_diagnostic,1002,projective,projective,1.0,20.0,0.0,45.0,0.0,1.0,2959,3364,178,144,0.8089887640449438,1.2272873454833368,0.7650528091751454,1.622251869442277,True,0.45162178360830685,0.13390583471023376,0.765625,0.8901812578424684,0.9791666666666666,0.8033707865168539,0.4362402055265836,1.2873851742407432,False,1.1535384999588132,0.30129470000974834,0.041888699983246624,calibration
similarity/d_az=40,C_extreme_diagnostic,1002,similarity,similarity,1.0,40.0,0.0,45.0,0.0,1.0,2959,3338,22,2,0.09090909090909091,4.0194366942304644e-14,inf,inf,False,inf,0.5440433884814219,0.03125,0.16666666666666669,0.0,0.045454545454545456,103.61616835786903,171.66702015777466,True,1.1302761000115424,0.5451621999964118,0.29302420001477003,calibration
affine/d_az=40,C_extreme_diagnostic,1002,affine,affine,1.0,40.0,0.0,45.0,0.0,1.0,2959,3334,21,3,0.14285714285714285,5.5684371818210574e-14,inf,inf,False,inf,0.5142981929711623,0.046875,0.26416041678685936,0.3333333333333333,0.09523809523809523,210.54257815860663,446.7038811122594,True,1.1444050999125466,1.3165067000081763,1.0553443999961019,calibration
projective/d_az=40,C_extreme_diagnostic,1002,projective,projective,1.0,40.0,0.0,45.0,0.0,1.0,2959,3300,25,5,0.2,3.17468564114096e-13,inf,inf,False,inf,0.5673408835686028,0.0625,0.3203213491478938,0.0,0.08,264.1408047527674,398.52153693557176,True,1.1621466999640688,1.981323599931784,1.722535999957472,calibration
similarity/d_az=60,C_extreme_diagnostic,1002,similarity,similarity,1.0,60.0,0.0,45.0,0.0,1.0,2959,2980,27,2,0.07407407407407407,5.0242958677880804e-14,inf,inf,False,inf,0.48010692394521753,0.03125,0.16666666666666669,0.0,0.0,240.01018056841076,345.04630126517714,True,1.1477081999182701,0.7001690999604762,0.4593285999726504,calibration
affine/d_az=60,C_extreme_diagnostic,1002,affine,affine,1.0,60.0,0.0,45.0,0.0,1.0,2959,2975,29,4,0.13793103448275862,0.2253559344926874,inf,inf,False,inf,0.4498994691429069,0.0625,0.33333333333333337,0.0,0.0,193.91726464788223,426.8320139898002,True,1.1494781000074,1.418817300000228,1.174410599982366,calibration
projective/d_az=60,C_extreme_diagnostic,1002,projective,projective,1.0,60.0,0.0,45.0,0.0,1.0,2959,2961,32,4,0.125,0.583541650981877,inf,inf,False,inf,0.4671014123118026,0.0625,0.33333333333333337,0.0,0.0,352.84766551050575,1397.5489224464216,True,1.1373909999383613,4.278695499990135,4.046663200017065,calibration
similarity/d_az=0,C_extreme_diagnostic,1003,similarity,similarity,1.0,0.0,0.0,45.0,0.0,1.0,2843,3372,1861,1850,0.9940891993551854,0.393656509486783,0.20319278162192408,0.5884736937640712,True,0.0715038262175387,0.045479815616075475,1.0,0.9954123977060121,1.0,0.9940891993551854,0.07411023060446251,0.09234512573261552,False,2.2701990000205114,0.32581529999151826,0.06370479997713119,calibration
affine/d_az=0,C_extreme_diagnostic,1003,affine,affine,1.0,0.0,0.0,45.0,0.0,1.0,2843,3359,1882,1878,0.997874601487779,0.3659906890913404,0.18261900510357149,0.5451210917904927,True,0.06532420467199138,0.03728599235228217,1.0,0.9953843968103032,1.0,0.997874601487779,0.05554478842594505,0.07243294983838769,False,1.222059900057502,0.327232199953869,0.0771942000137642,calibration
projective/d_az=0,C_extreme_diagnostic,1003,projective,projective,1.0,0.0,0.0,45.0,0.0,1.0,2843,3375,1866,1859,0.9962486602357985,0.38496943897929475,0.2097724247153685,0.6090396968330055,True,0.10450167504794275,0.0370579413300982,1.0,0.9959190087649523,1.0,0.9962486602357985,0.0616229508040384,0.0900248404940932,False,1.2173975999467075,0.29634210013318807,0.06695910007692873,calibration
similarity/d_az=20,C_extreme_diagnostic,1003,similarity,similarity,1.0,20.0,0.0,45.0,0.0,1.0,2843,2283,855,832,0.9730994152046784,0.8888256807758426,0.4891631297249458,1.4989335330411588,True,0.07059422194751033,0.06285165826118318,1.0,0.9632924840057907,0.9987980769230769,0.9719298245614035,0.24672142981261475,0.38797579322091064,False,1.1164695000043139,0.23256060003768653,0.042567100026644766,calibration
affine/d_az=20,C_extreme_diagnostic,1003,affine,affine,1.0,20.0,0.0,45.0,0.0,1.0,2843,2223,917,901,0.9825517993456925,1.0289223398257408,0.4709086594909067,1.335091286682484,True,0.06744078344088653,0.05995241892302781,1.0,0.9627569056278769,0.9966703662597114,0.9792802617230099,0.6846778439660077,1.1154161911601932,False,1.1491084001027048,0.2633680001599714,0.053943000035360456,calibration
projective/d_az=20,C_extreme_diagnostic,1003,projective,projective,1.0,20.0,0.0,45.0,0.0,1.0,2843,2291,834,816,0.9784172661870504,0.8296823186745406,0.4458974294592201,1.4803107131740876,True,0.3157805493638943,0.07050513734729627,1.0,0.9627198763467483,1.0,0.9784172661870504,0.06655511988579854,0.10957623225554078,False,1.1011555000441149,0.24189970002043992,0.05063670000527054,calibration
similarity/d_az=40,C_extreme_diagnostic,1003,similarity,similarity,1.0,40.0,0.0,45.0,0.0,1.0,2843,2408,18,2,0.1111111111111111,1.4210854715202004e-14,inf,inf,False,inf,0.5719036972915059,0.031746031746031744,0.16730017881017414,0.0,0.0,220.20407204388027,343.04732275313245,True,1.185983799980022,0.4649577001109719,0.23608030006289482,calibration
affine/d_az=40,C_extreme_diagnostic,1003,affine,affine,1.0,40.0,0.0,45.0,0.0,1.0,2843,2461,17,3,0.17647058823529413,8.049333865740223e-14,inf,inf,False,inf,0.5620778701550663,0.047619047619047616,0.26516450977807016,0.0,0.0,426.9527975526038,906.4084719630415,True,1.1831355000613257,0.8200497999787331,0.6166462999535725,calibration
projective/d_az=40,C_extreme_diagnostic,1003,projective,projective,1.0,40.0,0.0,45.0,0.0,1.0,2843,2417,20,4,0.2,1.3522481537073745,inf,inf,False,inf,0.42218031647396304,0.06349206349206349,0.3346003576203483,0.0,0.0,237.51183970509945,394.155882683487,True,1.164511900045909,1.9953264000359923,1.788351400056854,calibration
similarity/d_az=60,C_extreme_diagnostic,1003,similarity,similarity,1.0,60.0,0.0,45.0,0.0,1.0,2843,2845,27,3,0.1111111111111111,6.961868572213855e-14,inf,inf,False,inf,0.5661772166247949,0.03125,0.15304930567574826,0.0,0.0,233.83964392672334,335.26841188147796,True,1.1048443999607116,0.43326419999357313,0.19546040007844567,calibration
affine/d_az=60,C_extreme_diagnostic,1003,affine,affine,1.0,60.0,0.0,45.0,0.0,1.0,2843,2796,30,4,0.13333333333333333,9.426414608115578e-14,inf,inf,False,inf,0.5594202195021621,0.046875,0.25,0.0,0.0,263.5866520172219,495.37726809830815,True,1.103836900088936,1.5409668000647798,1.3124419000232592,calibration
projective/d_az=60,C_extreme_diagnostic,1003,projective,projective,1.0,60.0,0.0,45.0,0.0,1.0,2843,2780,31,4,0.12903225806451613,0.9062921648578456,inf,inf,False,inf,0.5615648573189872,0.0625,0.33333333333333337,0.0,0.0,181.54555011916324,294.63824328091994,True,1.1087276000762358,4.335322300205007,4.126958000008017,calibration
similarity/d_az=0,C_extreme_diagnostic,1004,similarity,similarity,1.0,0.0,0.0,45.0,0.0,1.0,2926,2232,1514,1509,0.9966974900924703,1.1949363247786318,0.1878723492732838,0.5488257539935517,True,0.04550152671728677,0.04694728223260403,1.0,0.9646727186886597,0.998674618952949,0.9953764861294584,1.198102503917342,1.8986050927578468,False,2.2804809000808746,0.24398250004742295,0.045458100037649274,calibration
affine/d_az=0,C_extreme_diagnostic,1004,affine,affine,1.0,0.0,0.0,45.0,0.0,1.0,2926,2174,1425,1418,0.9950877192982456,0.45911984212259027,0.235705444832909,0.7156421110143738,True,0.10279508517357516,0.04392481196206511,1.0,0.9684059825729149,1.0,0.9950877192982456,0.06354775462227916,0.11049718274332936,False,1.2685072999447584,0.27642579993698746,0.06979590002447367,calibration
projective/d_az=0,C_extreme_diagnostic,1004,projective,projective,1.0,0.0,0.0,45.0,0.0,1.0,2926,2284,1523,1519,0.9973736047275115,0.39121621462559397,0.1918186004848903,0.5655690960367777,True,0.04889304025263577,0.05079794063315407,1.0,0.9662956301450238,1.0,0.9973736047275115,0.07563774813304427,0.09556491570305822,False,1.3321449999930337,0.27140889992006123,0.05772119993343949,calibration
similarity/d_az=20,C_extreme_diagnostic,1004,similarity,similarity,1.0,20.0,0.0,45.0,0.0,1.0,2926,2290,221,201,0.9095022624434389,1.1406378662278929,0.7357996476164562,1.863239846861638,True,0.40711361838674975,0.10586185741759295,0.8064516129032258,0.9000282911192109,0.9950248756218906,0.9049773755656109,0.2646231403814702,0.38656847273452,False,1.2819277999224141,0.23748060001526028,0.04258700006175786,calibration
affine/d_az=20,C_extreme_diagnostic,1004,affine,affine,1.0,20.0,0.0,45.0,0.0,1.0,2926,2303,287,272,0.9477351916376306,1.0810761479104103,0.6705846069004708,1.896380696686266,True,0.24216881479315464,0.10186253758129139,0.8571428571428571,0.9138905854897907,1.0,0.9477351916376306,0.12537358888910555,0.21891591217954978,False,1.2847839000169188,0.3058803000021726,0.049902800004929304,calibration
projective/d_az=20,C_extreme_diagnostic,1004,projective,projective,1.0,20.0,0.0,45.0,0.0,1.0,2926,2304,221,199,0.9004524886877828,1.1593165215366454,0.7775028791679242,2.0335263653041773,True,0.7269245107830536,0.11014732282581564,0.7936507936507936,0.8940738267514429,0.9949748743718593,0.8959276018099548,0.23069123812517334,0.4655621992504123,False,1.2648464000085369,0.25163650000467896,0.048019299982115626,calibration
similarity/d_az=40,C_extreme_diagnostic,1004,similarity,similarity,1.0,40.0,0.0,45.0,0.0,1.0,2926,3080,17,2,0.11764705882352941,2.2469334198890888e-14,inf,inf,False,inf,0.6518744673482431,0.03125,0.16666666666666669,0.0,0.058823529411764705,41.80927911012799,70.0090915402834,True,1.1642375000519678,0.4250830999808386,0.17330509994644672,calibration
affine/d_az=40,C_extreme_diagnostic,1004,affine,affine,1.0,40.0,0.0,45.0,0.0,1.0,2926,3164,24,4,0.16666666666666666,0.9076186958052537,inf,inf,False,inf,0.5397916767174835,0.0625,0.33333333333333337,0.0,0.0,209.31256842588925,356.2789784430928,True,1.165335000026971,0.9515592999523506,0.7087027999805287,calibration
projective/d_az=40,C_extreme_diagnostic,1004,projective,projective,1.0,40.0,0.0,45.0,0.0,1.0,2926,3227,22,4,0.18181818181818182,1.271422749759268,inf,inf,False,inf,0.41425490157740175,0.046875,0.25,0.0,0.045454545454545456,170.62326552910383,350.9503392915818,True,1.1627827000338584,2.8810891999164596,2.634393999935128,calibration
similarity/d_az=60,C_extreme_diagnostic,1004,similarity,similarity,1.0,60.0,0.0,45.0,0.0,1.0,2926,2927,25,3,0.12,1.0539394208500052,inf,inf,False,inf,0.6474484173468957,0.03125,0.15304930567574826,0.0,0.0,360.44059984197054,560.647554636509,True,1.2095938000129536,0.3940650000004098,0.16562629991676658,calibration
affine/d_az=60,C_extreme_diagnostic,1004,affine,affine,1.0,60.0,0.0,45.0,0.0,1.0,2926,2940,28,5,0.17857142857142858,0.9517247144102214,101.88994068229705,183.40189322813467,True,inf,0.5908905239789559,0.046875,0.2536546824812271,0.0,0.0,187.14829937220537,314.23721315954475,True,1.2310521999606863,0.7722319000167772,0.5269287000410259,calibration
projective/d_az=60,C_extreme_diagnostic,1004,projective,projective,1.0,60.0,0.0,45.0,0.0,1.0,2926,2975,27,4,0.14814814814814814,0.27210273421279096,inf,inf,False,inf,0.4392095196715788,0.0625,0.33333333333333337,0.0,0.0,228.8365103648971,374.7507733266922,True,1.1814587999833748,4.323756100027822,4.079112000064924,calibration
similarity/d_az=0,A_mare_moderate,7001,similarity,similarity,1.0,0.0,0.0,45.0,0.0,1.0,31,32,16,16,1.0,0.4806291452324344,0.25708289413080854,0.8952366062412137,True,0.6016944057669329,0.3672706022982238,0.21666666666666667,0.6136900525455826,1.0,1.0,0.22585442804026756,0.32577454762916996,False,1.1004860999528319,0.09754700015764683,0.03617920004762709,validation
affine/d_az=0,A_mare_moderate,7001,affine,affine,1.0,0.0,0.0,45.0,0.0,1.0,31,30,15,15,1.0,0.3903383415752014,0.24358671736392654,0.6816295774694393,True,0.4337419835963413,0.3672706022982238,0.2,0.5936948617629246,1.0,1.0,0.36279146912706506,0.7507292676314603,False,0.22908179997466505,0.10366040014196187,0.04331920004915446,validation
projective/d_az=0,A_mare_moderate,7001,projective,projective,1.0,0.0,0.0,45.0,0.0,1.0,31,25,16,6,0.375,0.31110087637746153,inf,inf,False,inf,0.5284918700264252,0.08333333333333333,0.3811868750475585,1.0,1.0,29.085184212558918,134.73964073641153,True,0.2255871999077499,0.19815930002368987,0.13535959995351732,validation
similarity/d_az=20,A_mare_moderate,7001,similarity,similarity,1.0,20.0,0.0,45.0,0.0,1.0,31,34,12,12,1.0,1.1312525265159215,0.850214978316896,2.5452162955141437,True,1.6250373560707714,0.4431102648486448,0.15625,0.5419381945646372,0.9166666666666666,0.9166666666666666,0.9430633177919101,1.4898499610905176,False,0.2245817999355495,0.09969429997727275,0.0366611999925226,validation
affine/d_az=20,A_mare_moderate,7001,affine,affine,1.0,20.0,0.0,45.0,0.0,1.0,31,38,15,15,1.0,0.9372612662120846,1.0016841853176723,1.6203899651826956,True,0.5938429017337292,0.4431102648486448,0.1875,0.5844817659347531,0.9333333333333333,0.9333333333333333,0.8145572968824465,1.816614984883905,False,0.22620729997288436,0.10753489995840937,0.04650599998421967,validation
projective/d_az=20,A_mare_moderate,7001,projective,projective,1.0,20.0,0.0,45.0,0.0,1.0,31,32,10,6,0.6,1.2205762026609344,inf,inf,False,inf,0.5242660316688519,0.0625,0.31971597234241494,0.8333333333333334,0.9,61.71433431467632,271.900682989434,True,0.22386819997336715,0.09725460002664477,0.03963609994389117,validation
similarity/d_az=40,A_mare_moderate,7001,similarity,similarity,1.0,40.0,0.0,45.0,0.0,1.0,31,25,1,0,0.0,nan,inf,inf,False,inf,1.0,0.0,0.0,0.0,0.0,inf,inf,True,0.22173019999172539,0.05889480002224445,3.370002377778292e-05,validation
affine/d_az=40,A_mare_moderate,7001,affine,affine,1.0,40.0,0.0,45.0,0.0,1.0,31,29,1,0,0.0,nan,inf,inf,False,inf,1.0,0.0,0.0,0.0,0.0,inf,inf,True,0.22470879997126758,0.06054170010611415,5.270005203783512e-05,validation
projective/d_az=40,A_mare_moderate,7001,projective,projective,1.0,40.0,0.0,45.0,0.0,1.0,31,26,1,0,0.0,nan,inf,inf,False,inf,1.0,0.0,0.0,0.0,0.0,inf,inf,True,0.2271493999287486,0.06139029993209988,3.4499913454055786e-05,validation
similarity/d_az=60,A_mare_moderate,7001,similarity,similarity,1.0,60.0,0.0,45.0,0.0,1.0,31,21,1,0,0.0,nan,inf,inf,False,inf,1.0,0.0,0.0,0.0,0.0,inf,inf,True,0.23030599998310208,0.056349099962972105,3.650004509836435e-05,validation
affine/d_az=60,A_mare_moderate,7001,affine,affine,1.0,60.0,0.0,45.0,0.0,1.0,31,22,1,0,0.0,nan,inf,inf,False,inf,1.0,0.0,0.0,0.0,0.0,inf,inf,True,0.22741130006033927,0.05257849988993257,3.4199911169707775e-05,validation
projective/d_az=60,A_mare_moderate,7001,projective,projective,1.0,60.0,0.0,45.0,0.0,1.0,31,22,0,0,0.0,nan,inf,inf,False,inf,1.0,0.0,0.0,nan,nan,nan,nan,True,0.22565829998347908,0.06630840001162142,3.759993705898523e-05,validation
similarity/d_az=0,A_mare_moderate,7002,similarity,similarity,1.0,0.0,0.0,45.0,0.0,1.0,11,22,9,9,1.0,0.31847013347127845,0.32538520612444327,0.9237754478053678,True,1.2209504725521185,0.4004409055488782,0.125,0.4912837965366818,1.0,1.0,0.36663553206085747,0.6068967054040312,False,1.102368599968031,0.09397889988031238,0.037325299927033484,validation
affine/d_az=0,A_mare_moderate,7002,affine,affine,1.0,0.0,0.0,45.0,0.0,1.0,11,21,11,11,1.0,0.3758650007520668,0.335640951263616,0.9176349345288616,True,0.6620595473367145,0.2646017874141779,0.15625,0.5462689061365193,1.0,1.0,0.2859250668960346,0.6679251760555418,False,0.21127490000799298,0.10073220008052886,0.04535020003095269,validation
projective/d_az=0,A_mare_moderate,7002,projective,projective,1.0,0.0,0.0,45.0,0.0,1.0,11,19,10,5,0.5,6.538846496016595e-13,inf,inf,False,inf,0.5588046537557001,0.0625,0.3203213491478938,1.0,1.0,186.38447211767357,303.99840629917423,True,0.21236310002859682,0.09437780000735074,0.043272400042042136,validation
similarity/d_az=20,A_mare_moderate,7002,similarity,similarity,1.0,20.0,0.0,45.0,0.0,1.0,11,18,2,2,1.0,6.815286501638296e-14,inf,inf,False,inf,0.5204686223064322,0.03125,0.16666666666666669,0.5,0.5,2.04320561742416,3.323080722882308,False,0.2110491000348702,0.09472990001086146,0.036686900071799755,validation
affine/d_az=20,A_mare_moderate,7002,affine,affine,1.0,20.0,0.0,45.0,0.0,1.0,11,21,0,0,0.0,nan,inf,inf,False,inf,1.0,0.0,0.0,nan,nan,nan,nan,True,0.2039748999522999,0.0581714001018554,3.5100034438073635e-05,validation
projective/d_az=20,A_mare_moderate,7002,projective,projective,1.0,20.0,0.0,45.0,0.0,1.0,11,23,3,0,0.0,nan,inf,inf,False,inf,1.0,0.0,0.0,0.0,0.3333333333333333,inf,inf,True,0.20865160005632788,0.056366799981333315,3.470003139227629e-05,validation
similarity/d_az=40,A_mare_moderate,7002,similarity,similarity,1.0,40.0,0.0,45.0,0.0,1.0,11,15,1,0,0.0,nan,inf,inf,False,inf,1.0,0.0,0.0,0.0,0.0,inf,inf,True,0.20173289999365807,0.055918100057169795,3.829994238913059e-05,validation
affine/d_az=40,A_mare_moderate,7002,affine,affine,1.0,40.0,0.0,45.0,0.0,1.0,11,15,1,0,0.0,nan,inf,inf,False,inf,1.0,0.0,0.0,0.0,0.0,inf,inf,True,0.2205120000289753,0.06848349992651492,3.460003063082695e-05,validation
projective/d_az=40,A_mare_moderate,7002,projective,projective,1.0,40.0,0.0,45.0,0.0,1.0,11,18,0,0,0.0,nan,inf,inf,False,inf,1.0,0.0,0.0,nan,nan,nan,nan,True,0.22094100003596395,0.052769399946555495,3.509991802275181e-05,validation
similarity/d_az=60,A_mare_moderate,7002,similarity,similarity,1.0,60.0,0.0,45.0,0.0,1.0,11,20,0,0,0.0,nan,inf,inf,False,inf,1.0,0.0,0.0,nan,nan,nan,nan,True,0.21609170001465827,0.054972799960523844,3.5100034438073635e-05,validation
affine/d_az=60,A_mare_moderate,7002,affine,affine,1.0,60.0,0.0,45.0,0.0,1.0,11,19,0,0,0.0,nan,inf,inf,False,inf,1.0,0.0,0.0,nan,nan,nan,nan,True,0.21290400007274002,0.05464350001420826,3.66999302059412e-05,validation
projective/d_az=60,A_mare_moderate,7002,projective,projective,1.0,60.0,0.0,45.0,0.0,1.0,11,21,0,0,0.0,nan,inf,inf,False,inf,1.0,0.0,0.0,nan,nan,nan,nan,True,0.21250590006820858,0.05457490007393062,4.329998046159744e-05,validation
similarity/d_az=0,A_mare_moderate,7003,similarity,similarity,1.0,0.0,0.0,45.0,0.0,1.0,25,19,15,15,1.0,0.23778112444506466,0.18696958091645208,0.4591967977485398,True,0.32301902668084004,0.4633843658665168,0.171875,0.562259543712531,1.0,1.0,0.06890214952224188,0.10642690156287868,False,1.0866321999346837,0.0929980999790132,0.03802259999793023,validation
affine/d_az=0,A_mare_moderate,7003,affine,affine,1.0,0.0,0.0,45.0,0.0,1.0,25,21,16,16,1.0,0.33716742147207707,0.30799762871193204,0.7085364549110325,True,0.6855955785530035,0.46080138644728075,0.1875,0.5833333333333333,1.0,1.0,0.14787306476754464,0.31298067183174944,False,0.19968670001253486,0.10715459997300059,0.05327649996615946,validation
projective/d_az=0,A_mare_moderate,7003,projective,projective,1.0,0.0,0.0,45.0,0.0,1.0,25,20,16,16,1.0,0.22303545703703037,0.22293707896295598,0.3999184895246395,True,2.2417479966598917,0.46272898094784143,0.15625,0.5416666666666666,1.0,1.0,0.09939619824898219,0.36537761114372147,False,0.21331659995485097,0.10454980004578829,0.04333450004924089,validation
similarity/d_az=20,A_mare_moderate,7003,similarity,similarity,1.0,20.0,0.0,45.0,0.0,1.0,25,35,12,12,1.0,0.822805941009762,0.6392155488478872,1.652754238943233,True,0.507897969899292,0.4421450153815331,0.15,0.5222650480465431,1.0,1.0,0.19058723907763225,0.27363418703828657,False,0.2047119999770075,0.0968517999863252,0.036235100007615983,validation
affine/d_az=20,A_mare_moderate,7003,affine,affine,1.0,20.0,0.0,45.0,0.0,1.0,25,35,12,12,1.0,0.8028927194997371,0.7253724012989156,1.4234641872069411,True,3.190624340960398,0.44084319115080794,0.13559322033898305,0.49608582563429054,1.0,1.0,0.4060646310612357,0.8943677211439904,False,0.20109220000449568,0.09384940005838871,0.039845300023444,validation
projective/d_az=20,A_mare_moderate,7003,projective,projective,1.0,20.0,0.0,45.0,0.0,1.0,25,32,10,10,1.0,0.8576119605324708,12.6117171759908,15.973400049001564,True,247.9382858788864,0.4734501052594021,0.13333333333333333,0.49466433271333515,1.0,1.0,1.1524468813462978,5.291923170639107,False,0.1993821000214666,0.0975843999767676,0.04306619998533279,validation
similarity/d_az=40,A_mare_moderate,7003,similarity,similarity,1.0,40.0,0.0,45.0,0.0,1.0,25,23,2,2,1.0,7.246142549764705e-14,inf,inf,False,inf,0.7278005245365141,0.01639344262295082,-0.0,0.0,0.0,332.9720721923923,464.2503371190254,True,0.20014249999076128,0.09673460002522916,0.035145699977874756,validation
affine/d_az=40,A_mare_moderate,7003,affine,affine,1.0,40.0,0.0,45.0,0.0,1.0,25,23,3,3,1.0,3.2530133302826686e-13,inf,inf,False,inf,0.716879359184654,0.01639344262295082,-0.0,0.0,0.0,1229.9233935892462,2740.16772192791,True,0.20129180001094937,0.10366060014348477,0.04347759997472167,validation
projective/d_az=40,A_mare_moderate,7003,projective,projective,1.0,40.0,0.0,45.0,0.0,1.0,25,24,2,0,0.0,nan,inf,inf,False,inf,1.0,0.0,0.0,0.0,0.0,inf,inf,True,0.21176190010737628,0.054255700088106096,3.769993782043457e-05,validation
similarity/d_az=60,A_mare_moderate,7003,similarity,similarity,1.0,60.0,0.0,45.0,0.0,1.0,25,34,1,0,0.0,nan,inf,inf,False,inf,1.0,0.0,0.0,0.0,0.0,inf,inf,True,0.20256830006837845,0.05388300004415214,3.570003900676966e-05,validation
affine/d_az=60,A_mare_moderate,7003,affine,affine,1.0,60.0,0.0,45.0,0.0,1.0,25,33,2,0,0.0,nan,inf,inf,False,inf,1.0,0.0,0.0,0.0,0.0,inf,inf,True,0.20324689999688417,0.05909530015196651,3.69000481441617e-05,validation
projective/d_az=60,A_mare_moderate,7003,projective,projective,1.0,60.0,0.0,45.0,0.0,1.0,25,34,1,0,0.0,nan,inf,inf,False,inf,1.0,0.0,0.0,0.0,0.0,inf,inf,True,0.20140399993397295,0.05509199993684888,3.560003824532032e-05,validation
similarity/d_az=0,A_mare_moderate,7004,similarity,similarity,1.0,0.0,0.0,45.0,0.0,1.0,19,19,15,15,1.0,0.26385027835219405,0.24877357664313288,0.5050717398217299,True,0.35740624592904907,0.3327631842700685,0.171875,0.5538719047996035,1.0,1.0,0.20395910079959378,0.2097762062202625,False,1.0969576999777928,0.093998400028795,0.03592910000588745,validation
affine/d_az=0,A_mare_moderate,7004,affine,affine,1.0,0.0,0.0,45.0,0.0,1.0,19,15,12,12,1.0,0.16878778415202486,0.15125624314688366,0.39307510275017316,True,0.21759970313396032,0.34094201131295776,0.15625,0.5419381945646372,1.0,1.0,0.21745973716653885,0.2750029715967414,False,0.21384420001413673,0.09646540018729866,0.042761299991980195,validation
projective/d_az=0,A_mare_moderate,7004,projective,projective,1.0,0.0,0.0,45.0,0.0,1.0,19,17,14,5,0.35714285714285715,1.449228509952941e-13,inf,inf,False,inf,0.639183676707599,0.046875,0.2284917657424448,1.0,1.0,49.30261972938865,394.48427106672176,True,0.22189759998582304,0.2231141000520438,0.16835679998621345,validation
similarity/d_az=20,A_mare_moderate,7004,similarity,similarity,1.0,20.0,0.0,45.0,0.0,1.0,19,14,11,10,0.9090909090909091,1.4453361262412643,1.663061206578185,2.4626208101208773,True,1.236821645078233,0.3485499787313308,0.140625,0.5203213491478937,0.9,0.8181818181818182,1.2511289866544555,1.4767337270289789,False,0.2323210999602452,0.08791549992747605,0.03604689997155219,validation
affine/d_az=20,A_mare_moderate,7004,affine,affine,1.0,20.0,0.0,45.0,0.0,1.0,19,13,11,10,0.9090909090909091,1.4366339074261878,1.9758673161165314,3.1843443279130486,True,1.956625432698844,0.3485499787313308,0.140625,0.5203213491478937,0.9,0.8181818181818182,1.2372782436832965,1.4758605084836236,False,0.22602619999088347,0.09565210004802793,0.042663700063712895,validation
projective/d_az=20,A_mare_moderate,7004,projective,projective,1.0,20.0,0.0,45.0,0.0,1.0,19,13,11,7,0.6363636363636364,0.777494802280063,47.56654641851094,143.1174359518834,True,inf,0.4447029209866153,0.09375,0.42027343939055306,1.0,0.9090909090909091,8.288111534248538,28.295867509507154,True,0.2252909999806434,0.11295820015948266,0.05729860009159893,validation
similarity/d_az=40,A_mare_moderate,7004,similarity,similarity,1.0,40.0,0.0,45.0,0.0,1.0,19,17,0,0,0.0,nan,inf,inf,False,inf,1.0,0.0,0.0,nan,nan,nan,nan,True,0.21255439997185022,0.05352510011289269,3.270001616328955e-05,validation
affine/d_az=40,A_mare_moderate,7004,affine,affine,1.0,40.0,0.0,45.0,0.0,1.0,19,18,1,0,0.0,nan,inf,inf,False,inf,1.0,0.0,0.0,0.0,0.0,inf,inf,True,0.21278890001121908,0.053391699912026525,3.409991040825844e-05,validation
projective/d_az=40,A_mare_moderate,7004,projective,projective,1.0,40.0,0.0,45.0,0.0,1.0,19,18,0,0,0.0,nan,inf,inf,False,inf,1.0,0.0,0.0,nan,nan,nan,nan,True,0.21582490007858723,0.05693469988182187,3.9899954572319984e-05,validation
similarity/d_az=60,A_mare_moderate,7004,similarity,similarity,1.0,60.0,0.0,45.0,0.0,1.0,19,13,0,0,0.0,nan,inf,inf,False,inf,1.0,0.0,0.0,nan,nan,nan,nan,True,0.21371929999440908,0.052064099931158125,3.359990660101175e-05,validation
affine/d_az=60,A_mare_moderate,7004,affine,affine,1.0,60.0,0.0,45.0,0.0,1.0,19,12,0,0,0.0,nan,inf,inf,False,inf,1.0,0.0,0.0,nan,nan,nan,nan,True,0.20981859997846186,0.05056270002387464,3.530003596097231e-05,validation
projective/d_az=60,A_mare_moderate,7004,projective,projective,1.0,60.0,0.0,45.0,0.0,1.0,19,15,0,0,0.0,nan,inf,inf,False,inf,1.0,0.0,0.0,nan,nan,nan,nan,True,0.21724649996031076,0.05162669997662306,3.1800009310245514e-05,validation
similarity/d_az=0,A_highlands_moderate,7001,similarity,similarity,1.0,0.0,0.0,45.0,0.0,1.0,1511,1205,874,871,0.9965675057208238,0.6165399385380295,0.2297347295703646,0.6687868082767048,True,0.09346497862642887,0.05717317291692748,1.0,0.9715142565734429,0.9977037887485649,0.994279176201373,0.40932059756334926,0.6477810166051752,False,1.302284299978055,0.17008950002491474,0.04513550002593547,validation
affine/d_az=0,A_highlands_moderate,7001,affine,affine,1.0,0.0,0.0,45.0,0.0,1.0,1511,1231,887,885,0.9977452085682075,0.6564716281072811,0.22444863613412225,0.6511696108364523,True,0.07176392113439736,0.05717317291692748,1.0,0.9692881076257409,0.9977401129943503,0.9954904171364148,0.4125289015567605,0.9483070216018022,False,0.2831386999459937,0.1831334000453353,0.05708020005840808,validation
projective/d_az=0,A_highlands_moderate,7001,projective,projective,1.0,0.0,0.0,45.0,0.0,1.0,1511,1207,885,882,0.9966101694915255,0.4365875340813517,0.22998300034847666,0.6570866521169375,True,0.12488585025415018,0.05767509007903673,1.0,0.9698686155679594,1.0,0.9966101694915255,0.06190119593999338,0.07772575346331,False,0.28446630004327744,0.15562860004138201,0.04952710005454719,validation
similarity/d_az=20,A_highlands_moderate,7001,similarity,similarity,1.0,20.0,0.0,45.0,0.0,1.0,1511,1522,202,197,0.9752475247524752,1.170787445273258,0.5660734267779336,1.4538471630288328,True,0.10202280783240666,0.09858069391014428,0.921875,0.9392468298483111,0.9949238578680203,0.9702970297029703,0.6422560473097548,1.0418199225019684,False,0.27243420004379004,0.1736855999333784,0.057163999998010695,validation
affine/d_az=20,A_highlands_moderate,7001,affine,affine,1.0,20.0,0.0,45.0,0.0,1.0,1511,1518,290,284,0.9793103448275862,1.0348015899828902,0.534849544636465,1.4928703384685105,True,0.27018266664533785,0.08732699290160009,0.96875,0.9587779143382379,0.9929577464788732,0.9724137931034482,0.4627286641239033,0.8031538350702566,False,0.29534220008645207,0.16256440000142902,0.04838970000855625,validation
projective/d_az=20,A_highlands_moderate,7001,projective,projective,1.0,20.0,0.0,45.0,0.0,1.0,1511,1542,191,183,0.9581151832460733,0.9243302924439627,0.5637799714807723,1.6238948016365784,True,0.36655261722890203,0.09729969631390316,0.90625,0.9386132048921837,1.0,0.9633507853403142,0.13633911533825988,0.187466159152746,False,0.2733862999593839,0.17224889993667603,0.043027799925766885,validation
similarity/d_az=40,A_highlands_moderate,7001,similarity,similarity,1.0,40.0,0.0,45.0,0.0,1.0,1511,1200,10,2,0.2,0.0,inf,inf,False,inf,0.6335889869152382,0.016129032258064516,-0.0,0.0,0.0,1225.22270122375,2003.5076397537937,True,0.2925568000646308,0.18311119999270886,0.05917959997896105,validation
affine/d_az=40,A_highlands_moderate,7001,affine,affine,1.0,40.0,0.0,45.0,0.0,1.0,1511,1171,8,3,0.375,8.038873388460929e-14,inf,inf,False,inf,0.6598492773303635,0.03225806451612903,0.1542266640507899,0.0,0.0,433.2698458781346,701.1198557376016,True,0.2863822999643162,0.20071400003507733,0.059694800060242414,validation
projective/d_az=40,A_highlands_moderate,7001,projective,projective,1.0,40.0,0.0,45.0,0.0,1.0,1511,1205,7,0,0.0,nan,inf,inf,False,inf,1.0,0.0,0.0,0.0,0.0,inf,inf,True,0.2799582000588998,0.5222024000249803,0.4012591999489814,validation
similarity/d_az=60,A_highlands_moderate,7001,similarity,similarity,1.0,60.0,0.0,45.0,0.0,1.0,1511,1176,8,2,0.25,5.684341886080802e-14,inf,inf,False,inf,0.6868140912358591,0.03333333333333333,0.16929380759878143,0.0,0.0,168.15807396083073,273.24638307678913,True,0.28446229989640415,0.1554458000464365,0.03726510005071759,validation
affine/d_az=60,A_highlands_moderate,7001,affine,affine,1.0,60.0,0.0,45.0,0.0,1.0,1511,1171,6,3,0.5,2.6254850544756925e-13,inf,inf,False,inf,0.7101882880714726,0.03278688524590164,0.1686130986895011,0.0,0.0,3399.5035145211195,6617.769899953959,True,0.28321559994947165,0.1722016999265179,0.046199899981729686,validation
projective/d_az=60,A_highlands_moderate,7001,projective,projective,1.0,60.0,0.0,45.0,0.0,1.0,1511,1173,9,0,0.0,nan,inf,inf,False,inf,1.0,0.0,0.0,0.0,0.0,inf,inf,True,0.28438540000934154,1.2498120999662206,1.1259973000269383,validation
similarity/d_az=0,A_highlands_moderate,7002,similarity,similarity,1.0,0.0,0.0,45.0,0.0,1.0,1469,1754,1084,1083,0.9990774907749077,0.7581581048287396,0.16699730651436043,0.47954740294128767,True,0.03436415959803061,0.0653121677290857,1.0,0.9908679004363605,0.9990766389658357,0.9981549815498155,0.622839655658441,0.9601307239786339,False,1.3285235000075772,0.17671659996267408,0.04392620001453906,validation
affine/d_az=0,A_highlands_moderate,7002,affine,affine,1.0,0.0,0.0,45.0,0.0,1.0,1469,1782,1077,1076,0.9990714948932219,0.7646157756817924,0.18501377906290645,0.5443772790386854,True,0.05441454458266942,0.0653121677290857,1.0,0.9907904940306816,0.9990706319702602,0.9981429897864438,0.5266703487545097,1.1696718766085126,False,0.2850067999679595,0.22475289995782077,0.05815419997088611,validation
projective/d_az=0,A_highlands_moderate,7002,projective,projective,1.0,0.0,0.0,45.0,0.0,1.0,1469,1711,1077,1073,0.9962859795728877,0.3257097872279048,0.16690749197446128,0.4687224635421687,True,0.07290370858031375,0.0653121677290857,1.0,0.990884965715496,1.0,0.9972144846796658,0.0615115297517585,0.07453223547970977,False,0.29270530003122985,0.17126870015636086,0.05146990006323904,validation
similarity/d_az=20,A_highlands_moderate,7002,similarity,similarity,1.0,20.0,0.0,45.0,0.0,1.0,1469,1683,56,52,0.9285714285714286,1.3285801399789938,0.7517435448088228,1.71852093367811,True,0.5445767332325554,0.21553314267248505,0.453125,0.7749797271161737,1.0,0.9285714285714286,0.9021572055373985,1.4559486288927943,False,0.293718499946408,0.17763469996862113,0.03680469992104918,validation
affine/d_az=20,A_highlands_moderate,7002,affine,affine,1.0,20.0,0.0,45.0,0.0,1.0,1469,1691,33,26,0.7878787878787878,1.4007299634530521,0.9276384676121654,2.1407594547170303,True,0.7491597471743188,0.2977531784803294,0.25,0.6198824209444967,1.0,0.7878787878787878,0.6418525207532138,1.4869262795839195,False,0.2840022000018507,0.1809195999521762,0.04531929991208017,validation
projective/d_az=20,A_highlands_moderate,7002,projective,projective,1.0,20.0,0.0,45.0,0.0,1.0,1469,1681,64,58,0.90625,1.0891284568839015,0.9328703757716048,1.791311117854463,True,0.7613152874495612,0.21516311490500645,0.53125,0.8124808842205324,1.0,0.921875,0.25145736297001253,0.39451483924177144,False,0.2894319000188261,0.206475600018166,0.0461281999014318,validation
similarity/d_az=40,A_highlands_moderate,7002,similarity,similarity,1.0,40.0,0.0,45.0,0.0,1.0,1469,1614,4,2,0.5,6.961868572213855e-14,inf,inf,False,inf,0.49558940625482895,0.03125,0.16666666666666669,0.0,0.0,313.7146303781833,501.002984538319,True,0.28194060001987964,0.15093929995782673,0.034972600056789815,validation
affine/d_az=40,A_highlands_moderate,7002,affine,affine,1.0,40.0,0.0,45.0,0.0,1.0,1469,1599,1,0,0.0,nan,inf,inf,False,inf,1.0,0.0,0.0,0.0,0.0,inf,inf,True,0.28081830008886755,0.1347631000680849,3.0399998649954796e-05,validation
projective/d_az=40,A_highlands_moderate,7002,projective,projective,1.0,40.0,0.0,45.0,0.0,1.0,1469,1633,4,0,0.0,nan,inf,inf,False,inf,1.0,0.0,0.0,0.0,0.0,inf,inf,True,0.28243989998009056,0.1814003000035882,0.0405882999766618,validation
similarity/d_az=60,A_highlands_moderate,7002,similarity,similarity,1.0,60.0,0.0,45.0,0.0,1.0,1469,1712,4,3,0.75,1.0115360521497328e-13,inf,inf,False,inf,0.7797142022537364,0.03125,0.15304930567574826,0.0,0.0,664.6566043064331,1066.4661548237873,True,0.2876288000261411,0.16527900006622076,0.035172299947589636,validation
affine/d_az=60,A_highlands_moderate,7002,affine,affine,1.0,60.0,0.0,45.0,0.0,1.0,1469,1673,5,3,0.6,2.100388043580554e-12,inf,inf,False,inf,0.7558411500996938,0.03125,0.15304930567574826,0.0,0.0,8784.259949307529,16264.769982976282,True,0.28165340004488826,0.16364219994284213,0.0458008999703452,validation
projective/d_az=60,A_highlands_moderate,7002,projective,projective,1.0,60.0,0.0,45.0,0.0,1.0,1469,1699,6,5,0.8333333333333334,4.758022511587733e-12,inf,inf,False,inf,0.6707056401824645,0.03125,0.16182509907577813,0.0,0.0,236.07305833764258,453.5890318640688,True,0.29344540007878095,0.18443759996443987,0.042633699951693416,validation
similarity/d_az=0,A_highlands_moderate,7003,similarity,similarity,1.0,0.0,0.0,45.0,0.0,1.0,1458,1471,1054,1054,1.0,0.32885122330771294,0.1615888280041205,0.4989536937040602,True,0.015023238587957352,0.05211587525049349,1.0,0.9839678369383907,1.0,1.0,0.021847806033099756,0.025256789856764415,False,1.3213586000492796,0.17684079997707158,0.0424879000056535,validation
affine/d_az=0,A_highlands_moderate,7003,affine,affine,1.0,0.0,0.0,45.0,0.0,1.0,1458,1465,1032,1032,1.0,0.3670229265899655,0.18082354451559846,0.5329309804459433,True,0.03338757203468982,0.0486149862046731,1.0,0.9832469466907461,1.0,1.0,0.02272390163764577,0.02839176560871215,False,0.2700370999518782,0.18971559999044985,0.052335600019432604,validation
projective/d_az=0,A_highlands_moderate,7003,projective,projective,1.0,0.0,0.0,45.0,0.0,1.0,1458,1492,1074,1073,0.9990689013035382,0.33206243663131724,0.16693819767313703,0.49312262007646485,True,0.11340100170256973,0.04892784955222901,1.0,0.9860934800555328,1.0,0.9990689013035382,0.02891212400994475,0.04137880419694416,False,0.26972660003229976,0.17300819989759475,0.05495859996881336,validation
similarity/d_az=20,A_highlands_moderate,7003,similarity,similarity,1.0,20.0,0.0,45.0,0.0,1.0,1458,1262,392,389,0.9923469387755102,0.9170632289593339,0.5398449921443302,1.5681309352780326,True,0.17134404531008074,0.08369874312493854,0.85,0.9257948249968264,1.0,0.9923469387755102,0.10218387013025451,0.12203609094608976,False,0.283226800034754,0.1640618999954313,0.03956659999676049,validation
affine/d_az=20,A_highlands_moderate,7003,affine,affine,1.0,20.0,0.0,45.0,0.0,1.0,1458,1255,421,416,0.9881235154394299,0.9084116870772555,0.5733533997583615,1.547696278664605,True,0.13413631490078498,0.08369874312493854,0.864406779661017,0.9326096578711338,1.0,0.9881235154394299,0.07384820659624491,0.1698023561795357,False,0.2791868000058457,0.17649880005046725,0.050886600045487285,validation
projective/d_az=20,A_highlands_moderate,7003,projective,projective,1.0,20.0,0.0,45.0,0.0,1.0,1458,1258,387,381,0.9844961240310077,0.928423532754048,0.5622705708942409,1.567449847094138,True,0.35152841149616254,0.0848854479844095,0.85,0.9218146662815103,1.0,0.9844961240310077,0.14645511099640104,0.1850420906990426,False,0.297928599989973,0.1670429998775944,0.04425799997989088,validation
similarity/d_az=40,A_highlands_moderate,7003,similarity,similarity,1.0,40.0,0.0,45.0,0.0,1.0,1458,1176,8,2,0.25,1.0634429903501376e-13,inf,inf,False,inf,0.6619707660757301,0.03278688524590164,0.1686130986895011,0.0,0.0,306.10531165857583,478.4424308477405,True,0.28496780002024025,0.16420860006473958,0.039900500094518065,validation
affine/d_az=40,A_highlands_moderate,7003,affine,affine,1.0,40.0,0.0,45.0,0.0,1.0,1458,1159,5,3,0.6,1.8564982859236946e-13,inf,inf,False,inf,0.6980551207504339,0.04918032786885246,0.2672454385532547,0.0,0.0,8614.96843458874,16810.100378153445,True,0.2889646999537945,0.17214529996272177,0.04942809999920428,validation
projective/d_az=40,A_highlands_moderate,7003,projective,projective,1.0,40.0,0.0,45.0,0.0,1.0,1458,1166,4,0,0.0,nan,inf,inf,False,inf,1.0,0.0,0.0,0.0,0.0,inf,inf,True,0.2806440000422299,0.16168729995843023,0.041091699968092144,validation
similarity/d_az=60,A_highlands_moderate,7003,similarity,similarity,1.0,60.0,0.0,45.0,0.0,1.0,1458,1702,6,2,0.3333333333333333,4.922784477141924e-14,inf,inf,False,inf,0.5340034090172215,0.03125,0.16666666666666669,0.0,0.0,215.52864460028343,314.1903956968488,True,0.27821949997451156,0.1793315999675542,0.034314399934373796,validation
affine/d_az=60,A_highlands_moderate,7003,affine,affine,1.0,60.0,0.0,45.0,0.0,1.0,1458,1633,5,3,0.6,7.435052550679085e-13,inf,inf,False,inf,0.5199210760752273,0.046875,0.26416041678685936,0.0,0.0,2385.571784454327,4840.490952634131,True,0.27340589999221265,0.18707219988573343,0.04661949991714209,validation
projective/d_az=60,A_highlands_moderate,7003,projective,projective,1.0,60.0,0.0,45.0,0.0,1.0,1458,1667,5,0,0.0,nan,inf,inf,False,inf,1.0,0.0,0.0,0.0,0.0,inf,inf,True,0.27579169999808073,0.2443104999838397,0.1049811999546364,validation
similarity/d_az=0,A_highlands_moderate,7004,similarity,similarity,1.0,0.0,0.0,45.0,0.0,1.0,1533,1551,1168,1168,1.0,0.23102822389926417,0.11606604126369728,0.35140022588542347,True,0.011663774169908247,0.047521582267954846,1.0,0.9913796873855127,1.0,1.0,0.027854448416244917,0.03432345665736203,False,1.4003518000245094,0.22889010002836585,0.04331350000575185,validation
affine/d_az=0,A_highlands_moderate,7004,affine,affine,1.0,0.0,0.0,45.0,0.0,1.0,1533,1525,1167,1166,0.9991431019708654,0.2045850567138764,0.09994932354088329,0.2909653611038756,True,0.036745087587553904,0.04787702164283916,1.0,0.990859413229419,1.0,0.9991431019708654,0.026277732528405512,0.041996993484567965,False,0.368447000044398,0.20242509990930557,0.058359700022265315,validation
projective/d_az=0,A_highlands_moderate,7004,projective,projective,1.0,0.0,0.0,45.0,0.0,1.0,1533,1552,1181,1180,0.9991532599491956,0.23735322050133223,0.11815971364346742,0.3355624686297366,True,0.06322777434672183,0.05066426161027011,1.0,0.9898333581203712,1.0,0.9991532599491956,0.030041408981629183,0.04270460913165188,False,0.3677527999971062,0.1935185001930222,0.052905900054611266,validation
similarity/d_az=20,A_highlands_moderate,7004,similarity,similarity,1.0,20.0,0.0,45.0,0.0,1.0,1533,1374,260,255,0.9807692307692307,1.0966753909103486,0.6371326380316341,1.5650808026225718,True,0.11371586457104485,0.08072916666666667,0.953125,0.9507591438794101,0.996078431372549,0.9769230769230769,0.5289804954953536,0.7733357963280508,False,0.3897129000397399,0.18315649998839945,0.04202589998021722,validation
affine/d_az=20,A_highlands_moderate,7004,affine,affine,1.0,20.0,0.0,45.0,0.0,1.0,1533,1369,260,254,0.9769230769230769,0.9838955106127375,0.6274534486777488,1.5918487372450905,True,0.13072218800935587,0.08245385520306023,0.9375,0.9480122449297481,0.9960629921259843,0.9730769230769231,0.09517530589101493,0.20807858779933047,False,0.38859439990483224,0.1778817999875173,0.04828069999348372,validation
projective/d_az=20,A_highlands_moderate,7004,projective,projective,1.0,20.0,0.0,45.0,0.0,1.0,1533,1380,287,278,0.9686411149825784,1.030693351115371,0.6832841502191092,1.6750616334685489,True,0.235025760387923,0.08730757611583442,0.953125,0.9503323834366338,1.0,0.9686411149825784,0.08420030507736188,0.22885894839440712,False,0.3597534999717027,0.17530939995776862,0.04574269999284297,validation
similarity/d_az=40,A_highlands_moderate,7004,similarity,similarity,1.0,40.0,0.0,45.0,0.0,1.0,1533,1563,7,3,0.42857142857142855,6.563712636189231e-14,inf,inf,False,inf,0.690317871785095,0.03125,0.15304930567574826,0.0,0.0,78.64856620859311,115.2478720992132,True,0.3665051000425592,0.17626199999358505,0.0406620999565348,validation
affine/d_az=40,A_highlands_moderate,7004,affine,affine,1.0,40.0,0.0,45.0,0.0,1.0,1533,1534,7,3,0.42857142857142855,8.836668573137572e-14,inf,inf,False,inf,0.5683560191052128,0.046875,0.26416041678685936,0.0,0.0,136.65577738447692,303.01454673588296,True,0.3638414000160992,0.18057159997988492,0.044734800001606345,validation
projective/d_az=40,A_highlands_moderate,7004,projective,projective,1.0,40.0,0.0,45.0,0.0,1.0,1533,1538,11,4,0.36363636363636365,1.959064696168024,inf,inf,False,inf,0.5394994957793572,0.046875,0.25,0.0,0.0,147.28138697151442,450.06684044439993,True,0.3734233999857679,0.28917669993825257,0.15844319993630052,validation
similarity/d_az=60,A_highlands_moderate,7004,similarity,similarity,1.0,60.0,0.0,45.0,0.0,1.0,1533,1154,7,2,0.2857142857142857,1.0048591735576161e-13,inf,inf,False,inf,0.5474017800184442,0.03278688524590164,0.1686130986895011,0.0,0.0,407.3025396041332,658.7706136945735,True,0.34503009996842593,0.16974279994610697,0.0368396999547258,validation
affine/d_az=60,A_highlands_moderate,7004,affine,affine,1.0,60.0,0.0,45.0,0.0,1.0,1533,1143,7,3,0.42857142857142855,8.367124703386107e-14,inf,inf,False,inf,0.4367009692514306,0.05,0.26832433664837085,0.0,0.0,289.89714018946216,562.7719877181562,True,0.34333890001289546,0.16776500002015382,0.044645900023169816,validation
projective/d_az=60,A_highlands_moderate,7004,projective,projective,1.0,60.0,0.0,45.0,0.0,1.0,1533,1156,7,0,0.0,nan,inf,inf,False,inf,1.0,0.0,0.0,0.0,0.0,inf,inf,True,0.34245280001778156,0.20159939990844578,0.07720669999253005,validation
similarity/d_az=0,B_highlands_challenging,7001,similarity,similarity,1.0,0.0,0.0,45.0,0.0,1.0,6368,5966,3791,3790,0.9997362173568979,0.25096598203129433,0.13162558085382364,0.38816650987121026,True,0.020854376125706738,0.025581878521339196,1.0,0.982920781369232,1.0,0.9997362173568979,0.05600344081431474,0.0591619082938402,False,1.4355669999495149,0.7075657000532374,0.06112650001887232,validation
affine/d_az=0,B_highlands_challenging,7001,affine,affine,1.0,0.0,0.0,45.0,0.0,1.0,6368,6034,3853,3852,0.9997404619776797,0.24812547069912214,0.13090674101463395,0.38176012312296614,True,0.012874339009213122,0.025581878521339196,1.0,0.9827820450205415,1.0,0.9997404619776797,0.05603657500381333,0.0632367538436924,False,0.3275844999589026,0.7503612999571487,0.07204240001738071,validation
projective/d_az=0,B_highlands_challenging,7001,projective,projective,1.0,0.0,0.0,45.0,0.0,1.0,6368,5965,3767,3766,0.9997345367666578,0.24103848577167836,0.13210222288077383,0.3804785628294396,True,0.04002663230366617,0.025581878521339196,1.0,0.9824893401254946,1.0,0.9997345367666578,0.0565457105768042,0.06077827204360549,False,0.32631309994030744,0.7070820000953972,0.07191190007142723,validation
similarity/d_az=20,B_highlands_challenging,7001,similarity,similarity,1.0,20.0,0.0,45.0,0.0,1.0,6368,6615,600,585,0.975,0.5560425478527724,0.342760294700363,0.8805701241768227,True,0.054048492866778694,0.05860821580691094,1.0,0.9753149860842171,1.0,0.975,0.02952248010815582,0.047139258605133724,False,0.31956779991742224,0.7391707999631763,0.03893449995666742,validation
affine/d_az=20,B_highlands_challenging,7001,affine,affine,1.0,20.0,0.0,45.0,0.0,1.0,6368,6505,818,804,0.9828850855745721,0.5247667806474137,0.30803814744631264,0.8470630763487192,True,0.10117029408472597,0.04958185615796815,1.0,0.9817072538838163,1.0,0.9828850855745721,0.023665583288072445,0.03472552305838168,False,0.3047344000078738,0.7052346999989823,0.050837400020100176,validation
projective/d_az=20,B_highlands_challenging,7001,projective,projective,1.0,20.0,0.0,45.0,0.0,1.0,6368,6562,595,588,0.9882352941176471,0.5648385193976808,0.3431422580969753,0.8929736402950752,True,0.20707139202982588,0.07011933342623053,1.0,0.9746542664447817,1.0,0.9882352941176471,0.026817461848300896,0.04213372080597901,False,0.3014596999855712,0.7425543001154438,0.04825750004965812,validation
similarity/d_az=40,B_highlands_challenging,7001,similarity,similarity,1.0,40.0,0.0,45.0,0.0,1.0,6368,6106,19,3,0.15789473684210525,0.7920243370655297,inf,inf,False,inf,0.4687572337404809,0.03225806451612903,0.1542266640507899,0.6666666666666666,0.15789473684210525,80.05207472886607,132.13684727419036,True,0.2971760000800714,0.7506733000045642,0.10330429999157786,validation
affine/d_az=40,B_highlands_challenging,7001,affine,affine,1.0,40.0,0.0,45.0,0.0,1.0,6368,6166,18,4,0.2222222222222222,0.48015601464831503,inf,inf,False,inf,0.48714276997818,0.06451612903225806,0.3358975579140839,0.0,0.05555555555555555,327.8547934202181,680.657197499931,True,0.3054093000246212,0.9232381999026984,0.29089169995859265,validation
projective/d_az=40,B_highlands_challenging,7001,projective,projective,1.0,40.0,0.0,45.0,0.0,1.0,6368,6079,20,4,0.2,1.6304535970792104,inf,inf,False,inf,0.5649331298385997,0.04838709677419355,0.2519231684355629,0.5,0.15,205.52841081300895,386.70712428730747,True,0.29495470004621893,2.378804999985732,1.7319169000256807,validation
similarity/d_az=60,B_highlands_challenging,7001,similarity,similarity,1.0,60.0,0.0,45.0,0.0,1.0,6368,6132,16,4,0.25,1.2028504104422901,4.137906153866648,110.46659543501677,True,inf,0.48311678540702135,0.016666666666666666,-0.0,0.0,0.0,203.8290296192967,307.4432805804628,True,0.3196623999392614,0.6852250000229105,0.037939899950288236,validation
affine/d_az=60,B_highlands_challenging,7001,affine,affine,1.0,60.0,0.0,45.0,0.0,1.0,6368,6130,19,3,0.15789473684210525,9.282491429618472e-14,inf,inf,False,inf,0.4276625264681708,0.04918032786885246,0.2672454385532547,0.0,0.0,373.1352164802113,784.7733726146058,True,0.32138219999615103,1.438433500006795,0.7877515000291169,validation
projective/d_az=60,B_highlands_challenging,7001,projective,projective,1.0,60.0,0.0,45.0,0.0,1.0,6368,6142,13,5,0.38461538461538464,7.169090995165241e-14,inf,inf,False,inf,0.41667480460802875,0.05,0.23209344616504374,0.0,0.0,241.16689823522273,1101.6862508195754,True,0.30368080001790076,0.7684910999378189,0.13102029997389764,validation
similarity/d_az=0,B_highlands_challenging,7002,similarity,similarity,1.0,0.0,0.0,45.0,0.0,1.0,6395,6512,4124,4122,0.9995150339476236,0.18090733030254622,0.09464217818681442,0.27510289791056247,True,0.007869561559812742,0.036551220957339065,1.0,0.9976495913100113,1.0,0.9995150339476236,0.04123423043957833,0.04183455929962126,False,1.436259499983862,0.7401627999497578,0.061518399976193905,validation
affine/d_az=0,B_highlands_challenging,7002,affine,affine,1.0,0.0,0.0,45.0,0.0,1.0,6395,6416,4020,4014,0.9985074626865672,0.20025293356152604,0.10380893435448946,0.3038711378254441,True,0.02079433638012071,0.027188298200287894,1.0,0.9979825627138248,1.0,0.9985074626865672,0.046796703042840546,0.05157756171792016,False,0.3294441000325605,0.7485272001940757,0.0755401001079008,validation
projective/d_az=0,B_highlands_challenging,7002,projective,projective,1.0,0.0,0.0,45.0,0.0,1.0,6395,6563,4169,4164,0.9988006716238906,0.18128996721847454,0.09656083897503082,0.27085609774411923,True,0.02087367314525992,0.036551220957339065,1.0,0.9984483822832547,1.0,0.9988006716238906,0.04173101195661828,0.046268864038682064,False,0.3315980000188574,0.7604083999758586,0.07280780002474785,validation
similarity/d_az=20,B_highlands_challenging,7002,similarity,similarity,1.0,20.0,0.0,45.0,0.0,1.0,6395,6701,126,115,0.9126984126984127,0.5691288580082152,0.38387737894614543,0.8598426002806192,True,0.09592194769111081,0.13432300754488333,0.75,0.8967070469486743,1.0,0.9126984126984127,0.04392351112318817,0.059942951574187234,False,0.31580680003389716,0.7375505000818521,0.03625690005719662,validation
affine/d_az=20,B_highlands_challenging,7002,affine,affine,1.0,20.0,0.0,45.0,0.0,1.0,6395,6683,71,59,0.8309859154929577,0.4938374073056227,0.40725795170523443,0.8386197787063958,True,0.5927381289824422,0.16978088219840728,0.53125,0.8242704163762835,1.0,0.8309859154929577,0.06904484501246853,0.1569068449860646,False,0.31177849997766316,0.8400507000042126,0.046746799955144525,validation
projective/d_az=20,B_highlands_challenging,7002,projective,projective,1.0,20.0,0.0,45.0,0.0,1.0,6395,6654,128,114,0.890625,0.63697593007741,0.43485674813417663,1.0032935753330057,True,0.3226147718142826,0.13432300754488333,0.734375,0.8875173832829073,1.0,0.890625,0.04397469294793056,0.08185882344776506,False,0.3194363999646157,0.7424045999068767,0.040841199923306704,validation
similarity/d_az=40,B_highlands_challenging,7002,similarity,similarity,1.0,40.0,0.0,45.0,0.0,1.0,6395,6819,14,2,0.14285714285714285,2.0097183471152322e-14,inf,inf,False,inf,0.6332999237350166,0.03125,0.16666666666666669,0.5,0.07142857142857142,291.69240577289077,476.90232777095343,True,0.3319974000332877,0.8798333999002352,0.11863839998841286,validation
affine/d_az=40,B_highlands_challenging,7002,affine,affine,1.0,40.0,0.0,45.0,0.0,1.0,6395,6728,13,3,0.23076923076923078,1.5588817510949423e-13,inf,inf,False,inf,0.7073776679734592,0.046875,0.26416041678685936,0.0,0.07692307692307693,735.0927311609883,1625.7363159388892,True,0.32147820002865046,0.9530436999630183,0.2505270999390632,validation
projective/d_az=40,B_highlands_challenging,7002,projective,projective,1.0,40.0,0.0,45.0,0.0,1.0,6395,6812,15,4,0.26666666666666666,0.7812274673627584,inf,inf,False,inf,0.6332999237350166,0.0625,0.33333333333333337,0.25,0.2,209.09493887783276,373.2026960357083,True,0.3320269000250846,1.2619606000371277,0.5494474000297487,validation
similarity/d_az=60,B_highlands_challenging,7002,similarity,similarity,1.0,60.0,0.0,45.0,0.0,1.0,6395,6755,14,2,0.14285714285714285,1.6852000649168165e-14,inf,inf,False,inf,0.5488586296633249,0.03125,0.16666666666666669,0.0,0.0,219.74573890361415,308.0050408638796,True,0.3168565999949351,0.8532181001501158,0.1212082999991253,validation
affine/d_az=60,B_highlands_challenging,7002,affine,affine,1.0,60.0,0.0,45.0,0.0,1.0,6395,6802,17,4,0.23529411764705882,5.684341886080802e-14,inf,inf,False,inf,0.52247787242154,0.046875,0.25,0.0,0.0,206.12944848709932,351.0080902860041,True,0.3822743999771774,0.927607599995099,0.2349390999879688,validation
projective/d_az=60,B_highlands_challenging,7002,projective,projective,1.0,60.0,0.0,45.0,0.0,1.0,6395,6748,13,0,0.0,nan,inf,inf,False,inf,1.0,0.0,0.0,0.0,0.0,inf,inf,True,0.31129689991939813,1.668810199946165,0.9480251999339089,validation
similarity/d_az=0,B_highlands_challenging,7003,similarity,similarity,1.0,0.0,0.0,45.0,0.0,1.0,6494,6414,4725,4723,0.9995767195767196,0.1755182994871465,0.09036380722524255,0.2551264483325209,True,0.0035502699221723914,0.02358173213056619,1.0,0.9934519337575191,1.0,0.9995767195767196,0.03147158675011426,0.03343935628223173,False,1.4573909998871386,0.7749986000126228,0.06952779996208847,validation
affine/d_az=0,B_highlands_challenging,7003,affine,affine,1.0,0.0,0.0,45.0,0.0,1.0,6494,6345,4613,4611,0.9995664426620421,0.19814989273393224,0.09952552076344025,0.28553656846851644,True,0.01071291565480673,0.02393851082141958,1.0,0.9929838044831043,1.0,0.9995664426620421,0.03534148716357796,0.03903635020743062,False,0.32730129989795387,0.7856080000055954,0.0774751000571996,validation
projective/d_az=0,B_highlands_challenging,7003,projective,projective,1.0,0.0,0.0,45.0,0.0,1.0,6494,6410,4712,4710,0.9995755517826825,0.17838028068315911,0.08934033954736684,0.25483615469390625,True,0.00959155668602579,0.02470529422006547,1.0,0.9937839292975869,1.0,0.9995755517826825,0.029885297104165535,0.03209666867302263,False,0.3463768999790773,0.7340813999762759,0.07297819992527366,validation
similarity/d_az=20,B_highlands_challenging,7003,similarity,similarity,1.0,20.0,0.0,45.0,0.0,1.0,6494,5911,1519,1508,0.9927583936800527,0.5556094698819951,0.311361632378615,0.9176419051748157,True,0.042753356552537126,0.04377014665096774,1.0,0.9677443598804243,1.0,0.9927583936800527,0.04315775375048502,0.06024470721051574,False,0.34715470008086413,0.6910744999768212,0.04598850000184029,validation
affine/d_az=20,B_highlands_challenging,7003,affine,affine,1.0,20.0,0.0,45.0,0.0,1.0,6494,5868,1667,1658,0.9946010797840432,0.8544905730658839,0.29684910469716075,0.856635262859668,True,0.022952819901034573,0.04314594147338774,1.0,0.9686795881649873,0.9993968636911942,0.994001199760048,0.5220165924937203,1.1599329037074035,False,0.3394912000512704,0.7259749999502674,0.05876529996749014,validation
projective/d_az=20,B_highlands_challenging,7003,projective,projective,1.0,20.0,0.0,45.0,0.0,1.0,6494,5868,1492,1480,0.9919571045576407,0.5343969400552012,0.29644597383735716,0.8693347743097675,True,0.05736028088712138,0.03966548492637453,1.0,0.9653817047503421,1.0,0.9919571045576407,0.07155265898022109,0.13078809558472676,False,0.33713350002653897,0.6686073000309989,0.052445200039073825,validation
similarity/d_az=40,B_highlands_challenging,7003,similarity,similarity,1.0,40.0,0.0,45.0,0.0,1.0,6494,6000,24,2,0.08333333333333333,8.28628102289784e-14,inf,inf,False,inf,0.6192142136647978,0.03278688524590164,0.1686130986895011,0.0,0.0,526.1341666162241,861.7179527588909,True,0.35614060005173087,1.0089300000108778,0.36059739999473095,validation
affine/d_az=40,B_highlands_challenging,7003,affine,affine,1.0,40.0,0.0,45.0,0.0,1.0,6494,5949,10,3,0.3,3.9561345224328346e-14,inf,inf,False,inf,0.5187588896493994,0.04918032786885246,0.2672454385532547,0.0,0.0,452.41770977626487,656.6016662923266,True,0.339503200026229,0.7616952999960631,0.11226909991819412,validation
projective/d_az=40,B_highlands_challenging,7003,projective,projective,1.0,40.0,0.0,45.0,0.0,1.0,6494,5927,19,4,0.21052631578947367,2.3703683416226746,inf,inf,False,inf,0.32301115888984566,0.06557377049180328,0.3372261973790022,0.0,0.0,190.11559849057795,278.3896598423371,True,0.34300790005363524,2.0385728999972343,1.3916780999861658,validation
similarity/d_az=60,B_highlands_challenging,7003,similarity,similarity,1.0,60.0,0.0,45.0,0.0,1.0,6494,6794,11,2,0.18181818181818182,8.038873388460929e-14,inf,inf,False,inf,0.6589365067124998,0.03125,0.16666666666666669,0.0,0.0,874.5718312009556,1413.0601784888465,True,0.3343108999542892,0.8020179001614451,0.07399840001016855,validation
affine/d_az=60,B_highlands_challenging,7003,affine,affine,1.0,60.0,0.0,45.0,0.0,1.0,6494,6818,15,4,0.26666666666666666,0.1965095870655923,inf,inf,False,inf,0.4204418816769514,0.0625,0.33333333333333337,0.0,0.0,326.9342532770654,571.249049493403,True,0.3266765000298619,0.8822041999083012,0.16404049994889647,validation
projective/d_az=60,B_highlands_challenging,7003,projective,projective,1.0,60.0,0.0,45.0,0.0,1.0,6494,6844,13,4,0.3076923076923077,0.884755563268297,inf,inf,False,inf,0.5830455251679777,0.0625,0.33333333333333337,0.0,0.0,228.80222782220963,352.72120496854234,True,0.32797159999608994,1.0617975000059232,0.3106336999917403,validation
similarity/d_az=0,B_highlands_challenging,7004,similarity,similarity,1.0,0.0,0.0,45.0,0.0,1.0,6325,6378,4758,4755,0.9993694829760403,0.4507747239666766,0.06655858556044156,0.19260721651878585,True,0.005075731650659844,0.025648067192177357,1.0,0.9956131445998404,0.9997896950578339,0.9991593106347205,0.39833592800464424,0.6014514566285156,False,1.4120053000515327,0.7413544000592083,0.06778320006560534,validation
affine/d_az=0,B_highlands_challenging,7004,affine,affine,1.0,0.0,0.0,45.0,0.0,1.0,6325,6355,4768,4767,0.9997902684563759,0.13872143637366105,0.05491265324230966,0.15997229087313114,True,0.005796051812571274,0.025581878521339196,1.0,0.9956732574081392,0.999790224459828,0.9995805369127517,0.06841271211686406,0.12227126725631254,False,0.29532490007113665,0.7357745999470353,0.07810000004246831,validation
projective/d_az=0,B_highlands_challenging,7004,projective,projective,1.0,0.0,0.0,45.0,0.0,1.0,6325,6367,4766,4765,0.9997901804448175,0.13489431086758996,0.06642277814889784,0.1972713650421606,True,0.010010493350898734,0.025581878521339196,1.0,0.9955938830813654,1.0,0.9997901804448175,0.021772613585601338,0.02633724762346206,False,0.29810979997273535,0.7443554999772459,0.07778890000190586,validation
similarity/d_az=20,B_highlands_challenging,7004,similarity,similarity,1.0,20.0,0.0,45.0,0.0,1.0,6325,6209,864,851,0.9849537037037037,0.5501614534283836,0.309561999512607,0.9400274591808508,True,0.027637100846397877,0.06588078458684124,0.984375,0.9746247425682765,1.0,0.9849537037037037,0.015413795219501576,0.025411533866047227,False,0.297874900046736,0.6903125999961048,0.041281400015577674,validation
affine/d_az=20,B_highlands_challenging,7004,affine,affine,1.0,20.0,0.0,45.0,0.0,1.0,6325,6228,884,870,0.9841628959276018,0.5504164971042861,0.3152414176099028,0.9208867161267883,True,0.062014025473223516,0.06588078458684124,1.0,0.9758354373413998,1.0,0.9841628959276018,0.01847502591692514,0.024496953049425674,False,0.29908080003224313,0.7205651999684051,0.05286539997905493,validation
projective/d_az=20,B_highlands_challenging,7004,projective,projective,1.0,20.0,0.0,45.0,0.0,1.0,6325,6267,861,845,0.9814169570267132,0.548143142220162,0.3363346583926276,0.9237002010523633,True,0.11909877157785528,0.05995241892302781,0.984375,0.9736745645090885,1.0,0.9814169570267132,0.04181040580979137,0.06659645716679835,False,0.2970886999974027,0.7236156999133527,0.05046489997766912,validation
similarity/d_az=40,B_highlands_challenging,7004,similarity,similarity,1.0,40.0,0.0,45.0,0.0,1.0,6325,6706,14,2,0.14285714285714285,4.0194366942304644e-14,inf,inf,False,inf,0.5633824337961466,0.03125,0.16666666666666669,0.0,0.0,211.29548421585196,328.61043203436543,True,0.2854538999963552,0.8102212999947369,0.11787990003358573,validation
affine/d_az=40,B_highlands_challenging,7004,affine,affine,1.0,40.0,0.0,45.0,0.0,1.0,6325,6692,14,3,0.21428571428571427,1.227958193492945e-13,inf,inf,False,inf,0.42354351122733286,0.046875,0.26416041678685936,0.0,0.0,215.07750472146398,464.6301269021353,True,0.2854716000147164,1.018668899894692,0.31906569993589073,validation
projective/d_az=40,B_highlands_challenging,7004,projective,projective,1.0,40.0,0.0,45.0,0.0,1.0,6325,6764,17,0,0.0,nan,inf,inf,False,inf,1.0,0.0,0.0,0.0,0.058823529411764705,inf,inf,True,0.2875773999840021,3.5759110999060795,2.854350999929011,validation
similarity/d_az=60,B_highlands_challenging,7004,similarity,similarity,1.0,60.0,0.0,45.0,0.0,1.0,6325,5832,18,2,0.1111111111111111,5.684341886080802e-14,inf,inf,False,inf,0.4883663120352414,0.03278688524590164,0.1686130986895011,0.0,0.0,242.16165046398163,395.5722828686594,True,0.31562629994004965,0.8367146000964567,0.2029223000863567,validation
affine/d_az=60,B_highlands_challenging,7004,affine,affine,1.0,60.0,0.0,45.0,0.0,1.0,6325,5848,19,3,0.15789473684210525,1.40200963366972e-13,inf,inf,False,inf,0.4060036980387994,0.05,0.26832433664837085,0.0,0.0,255.50248220290896,558.3616869840312,True,0.3004774999571964,1.3950643999269232,0.7754520999733359,validation
projective/d_az=60,B_highlands_challenging,7004,projective,projective,1.0,60.0,0.0,45.0,0.0,1.0,6325,5836,16,0,0.0,nan,inf,inf,False,inf,1.0,0.0,0.0,0.0,0.0,inf,inf,True,0.3005313000176102,2.901735599967651,2.248091899906285,validation
similarity/d_az=0,C_extreme_diagnostic,7001,similarity,similarity,1.0,0.0,0.0,45.0,0.0,1.0,2856,2469,1565,1558,0.9955271565495207,0.46217026350492296,0.23126943587354576,0.6978518099051526,True,0.06864704362278985,0.034938562148434216,1.0,0.9727186524398822,1.0,0.9955271565495207,0.07062153124807365,0.08568399071175592,False,2.323970800032839,0.261071200016886,0.046872599981725216,validation
affine/d_az=0,C_extreme_diagnostic,7001,affine,affine,1.0,0.0,0.0,45.0,0.0,1.0,2856,2442,1546,1539,0.9954721862871928,0.4558622246974452,0.2266064538761454,0.695735195933415,True,0.0878086605982818,0.039836089949943636,1.0,0.9724440192079239,1.0,0.9954721862871928,0.07424362503538375,0.10420270418162841,False,1.3253790000453591,0.27225310006178916,0.057343399967066944,validation
projective/d_az=0,C_extreme_diagnostic,7001,projective,projective,1.0,0.0,0.0,45.0,0.0,1.0,2856,2466,1556,1549,0.9955012853470437,0.4614116857882208,0.22156349505869274,0.7192470981113849,True,0.09815140165133782,0.04844030009827676,1.0,0.972542173306237,1.0,0.9955012853470437,0.07202106095792611,0.12100728038397199,False,1.3028567000292242,0.27796109998598695,0.05412919993977994,validation
similarity/d_az=20,C_extreme_diagnostic,7001,similarity,similarity,1.0,20.0,0.0,45.0,0.0,1.0,2856,2976,298,274,0.9194630872483222,1.2331261204626296,0.6560159076667695,1.789398007287383,True,0.28690008437748404,0.09479309751667343,0.96875,0.964111116545922,0.9817518248175182,0.912751677852349,0.6576572091496413,0.9453060356386443,False,1.2359352000057697,0.28312730009201914,0.04384530009701848,validation
affine/d_az=20,C_extreme_diagnostic,7001,affine,affine,1.0,20.0,0.0,45.0,0.0,1.0,2856,2972,373,353,0.9463806970509383,1.006951040154829,0.6238413073165932,1.8328962479307171,True,0.08106583783478591,0.12293487241585593,0.9375,0.9605073757797664,0.9971671388101983,0.9436997319034852,0.07034240614763712,0.11720094238180606,False,1.2513328000204638,0.28819119988474995,0.0514409999595955,validation
projective/d_az=20,C_extreme_diagnostic,7001,projective,projective,1.0,20.0,0.0,45.0,0.0,1.0,2856,3000,286,270,0.9440559440559441,1.0730633965552654,0.6745919477305207,1.8898350515131792,True,0.605200303485337,0.09479309751667343,0.96875,0.9612194090729058,1.0,0.9440559440559441,0.15014383906854162,0.3232600249487093,False,1.2295047000516206,0.28366420010570437,0.04256610001903027,validation
similarity/d_az=40,C_extreme_diagnostic,7001,similarity,similarity,1.0,40.0,0.0,45.0,0.0,1.0,2856,2189,34,4,0.11764705882352941,1.657256204579568e-13,1.1718571004216928e-13,2.3437142008433856e-13,True,inf,0.6160051526491299,0.03225806451612903,0.16794877895704194,0.0,0.058823529411764705,821.0725729719229,1341.5211908531146,True,1.321165299974382,0.38468299992382526,0.18327479995787144,validation
affine/d_az=40,C_extreme_diagnostic,7001,affine,affine,1.0,40.0,0.0,45.0,0.0,1.0,2856,2221,35,5,0.14285714285714285,3.00787099952753e-13,6.856599695935614e-13,8.703900645592392e-13,True,inf,0.540224944306896,0.04838709677419355,0.2556059651967496,0.0,0.0,938.0474598057308,2160.2107512492894,True,1.3179661000613123,1.2579319999786094,1.0624214999843389,validation
projective/d_az=40,C_extreme_diagnostic,7001,projective,projective,1.0,40.0,0.0,45.0,0.0,1.0,2856,2186,31,5,0.16129032258064516,2.729076160030173e-13,inf,inf,False,inf,0.3708172398193243,0.06451612903225806,0.32278547677956637,0.0,0.03225806451612903,338.37215811512914,874.6709984093493,True,1.318139599985443,4.259963899967261,4.058345300029032,validation
similarity/d_az=60,C_extreme_diagnostic,7001,similarity,similarity,1.0,60.0,0.0,45.0,0.0,1.0,2856,2246,23,3,0.13043478260869565,0.7593025765879634,inf,inf,False,inf,0.5694288959809864,0.03333333333333333,0.15546179824918327,0.0,0.0,240.35155214934616,371.2746976997379,True,1.3158205000218004,0.3475018999306485,0.1418178000021726,validation
affine/d_az=60,C_extreme_diagnostic,7001,affine,affine,1.0,60.0,0.0,45.0,0.0,1.0,2856,2254,22,4,0.18181818181818182,0.6504531008710055,inf,inf,False,inf,0.3649272931057257,0.06557377049180328,0.3372261973790022,0.0,0.0,346.0442390618141,582.5496164473052,True,1.3299452000064775,0.7181255000177771,0.5119402999989688,validation
projective/d_az=60,C_extreme_diagnostic,7001,projective,projective,1.0,60.0,0.0,45.0,0.0,1.0,2856,2245,32,4,0.125,1.739768393161732,inf,inf,False,inf,0.5327573845312419,0.06666666666666667,0.33858761519756286,0.0,0.0,268.80771772930837,392.19589189710825,True,1.3091467999620363,4.211454599979334,4.011569500085898,validation
similarity/d_az=0,C_extreme_diagnostic,7002,similarity,similarity,1.0,0.0,0.0,45.0,0.0,1.0,2947,3441,1926,1918,0.995846313603323,0.3587754587140821,0.1728810701310203,0.4915338084105064,True,0.014450481423693661,0.04138085568247579,1.0,0.9948474115141649,1.0,0.995846313603323,0.06434427937917866,0.06897025654525296,False,2.4577526999637485,0.32954069995321333,0.05723170004785061,validation
affine/d_az=0,C_extreme_diagnostic,7002,affine,affine,1.0,0.0,0.0,45.0,0.0,1.0,2947,3378,1843,1835,0.9956592512208355,0.47482756958255556,0.18844994328509207,0.5579446854409297,True,0.04178470668666908,0.050931268790645697,1.0,0.9941783281924755,0.9994550408719346,0.99511665762344,0.22047780806133954,0.3397600929512084,False,1.3965929000405595,0.31667209998704493,0.0597632999997586,validation
projective/d_az=0,C_extreme_diagnostic,7002,projective,projective,1.0,0.0,0.0,45.0,0.0,1.0,2947,3433,1923,1917,0.9968798751950078,0.34869287339614,0.1751079644138134,0.5049966099417734,True,0.038333113960390436,0.04138085568247579,1.0,0.9952802571257141,1.0,0.9968798751950078,0.05705711100560748,0.07240513499655901,False,1.3963800000492483,0.3209975999779999,0.05769769998732954,validation
similarity/d_az=20,C_extreme_diagnostic,7002,similarity,similarity,1.0,20.0,0.0,45.0,0.0,1.0,2947,3425,103,81,0.7864077669902912,1.210700561803183,0.7844995721012876,1.7793134755031172,True,0.4907288924945328,0.15539043078935968,0.6875,0.8560574213545074,0.9753086419753086,0.7766990291262136,0.6900368888572908,1.0056386978230358,False,1.3758856999920681,0.29609449999406934,0.04164359997957945,validation
affine/d_az=20,C_extreme_diagnostic,7002,affine,affine,1.0,20.0,0.0,45.0,0.0,1.0,2947,3458,67,43,0.6417910447761194,1.2854215661756754,0.7884130180642559,2.0029187200751353,True,1.0732682124564858,0.1949127854287941,0.390625,0.7058531143539403,0.9767441860465116,0.6268656716417911,0.7563844385487105,1.5067744699263896,False,1.4387164000654593,0.28122510004322976,0.045398600050248206,validation
projective/d_az=20,C_extreme_diagnostic,7002,projective,projective,1.0,20.0,0.0,45.0,0.0,1.0,2947,3466,97,81,0.8350515463917526,1.0902548836843484,0.6653788927377414,1.79814540282934,True,0.4411616852784852,0.15652103229389724,0.59375,0.832321605401236,0.9876543209876543,0.8247422680412371,0.26457385720288723,0.6364272802068485,False,1.3760933000594378,0.3016325000207871,0.04307609994430095,validation
similarity/d_az=40,C_extreme_diagnostic,7002,similarity,similarity,1.0,40.0,0.0,45.0,0.0,1.0,2947,3184,20,2,0.1,4.4938668397781776e-14,inf,inf,False,inf,0.5864436471296117,0.03125,0.16666666666666669,0.0,0.05,233.07231092484125,380.8041098118455,True,1.4129194000270218,0.49994460004381835,0.25498199998401105,validation
affine/d_az=40,C_extreme_diagnostic,7002,affine,affine,1.0,40.0,0.0,45.0,0.0,1.0,2947,3213,26,5,0.19230769230769232,0.7777182375761669,inf,inf,False,inf,0.5267148384565857,0.0625,0.3203213491478938,0.0,0.038461538461538464,248.24582533464633,540.1562282003972,True,1.4291194999823347,0.6732256999239326,0.42687179998029023,validation
projective/d_az=40,C_extreme_diagnostic,7002,projective,projective,1.0,40.0,0.0,45.0,0.0,1.0,2947,3204,27,4,0.14814814814814814,1.5808011016853505,inf,inf,False,inf,0.5532889008970836,0.0625,0.33333333333333337,0.25,0.07407407407407407,162.0435132040222,290.5356693689222,True,1.42174060002435,4.2627530000172555,4.013014500029385,validation
similarity/d_az=60,C_extreme_diagnostic,7002,similarity,similarity,1.0,60.0,0.0,45.0,0.0,1.0,2947,3328,26,3,0.11538461538461539,0.42409139047388833,inf,inf,False,inf,0.5288574596936411,0.046875,0.26416041678685936,0.0,0.0,146.60393270432002,235.17720716719077,True,1.4342503999359906,0.4373096999479458,0.18684800004120916,validation
affine/d_az=60,C_extreme_diagnostic,7002,affine,affine,1.0,60.0,0.0,45.0,0.0,1.0,2947,3410,26,4,0.15384615384615385,4.6048432255985435e-14,inf,inf,False,inf,0.5770976701738961,0.046875,0.25,0.0,0.0,253.4773991627738,476.30018229834377,True,1.414111000020057,1.0853382999775931,0.8236306000035256,validation
projective/d_az=60,C_extreme_diagnostic,7002,projective,projective,1.0,60.0,0.0,45.0,0.0,1.0,2947,3324,33,5,0.15151515151515152,1.4529352945760937e-11,inf,inf,False,inf,0.45026109444232776,0.0625,0.3203213491478938,0.0,0.0,210.15865829046777,335.40910024117477,True,1.401860799989663,4.249610399943776,4.0019800999434665,validation
similarity/d_az=0,C_extreme_diagnostic,7003,similarity,similarity,1.0,0.0,0.0,45.0,0.0,1.0,2863,2854,1902,1895,0.9963196635120926,0.40075147641565323,0.15455339512633456,0.5172797227784186,True,0.027052254949145003,0.03728599235228217,1.0,0.9877110364163963,0.9994722955145119,0.9957939011566772,0.20159682760022052,0.2959573338900148,False,2.2171585999894887,0.2841312000527978,0.04980020003858954,validation
affine/d_az=0,C_extreme_diagnostic,7003,affine,affine,1.0,0.0,0.0,45.0,0.0,1.0,2863,2874,1854,1849,0.9973031283710896,0.7641792483183224,0.16846301567731564,0.5588724527049539,True,0.03875236060327373,0.03728599235228217,1.0,0.9890733793035664,0.9994591671173607,0.9967637540453075,0.5515086303387309,1.0575682666748918,False,1.2486844999948516,0.29572249995544553,0.05877390003297478,validation
projective/d_az=0,C_extreme_diagnostic,7003,projective,projective,1.0,0.0,0.0,45.0,0.0,1.0,2863,2865,1952,1947,0.9974385245901639,0.35173525808040845,0.15571906840831665,0.504661027646688,True,0.04587337978630184,0.036690111467722324,1.0,0.990012821018531,1.0,0.9974385245901639,0.04776412227351918,0.06226129526713254,False,1.192668000003323,0.2922930000349879,0.056970000034198165,validation
similarity/d_az=20,C_extreme_diagnostic,7003,similarity,similarity,1.0,20.0,0.0,45.0,0.0,1.0,2863,2387,553,534,0.9656419529837251,0.9781536269311456,0.5113165040894749,1.3330733918180961,True,0.09777351176419802,0.06360247261364486,0.95,0.9504633475213282,0.9962546816479401,0.9620253164556962,0.5979879160516123,0.972297094396179,False,1.2604854999808595,0.2591843999689445,0.03846399998292327,validation
affine/d_az=20,C_extreme_diagnostic,7003,affine,affine,1.0,20.0,0.0,45.0,0.0,1.0,2863,2360,573,559,0.9755671902268761,1.013759268406001,0.5219405858420357,1.3969858585090427,True,0.30951592593395305,0.06675002926029322,0.9830508474576272,0.9558404386316424,0.9946332737030411,0.9703315881326352,0.46684187695301566,1.0948138701690027,False,1.2523018999490887,0.2911729000043124,0.048363400041125715,validation
projective/d_az=20,C_extreme_diagnostic,7003,projective,projective,1.0,20.0,0.0,45.0,0.0,1.0,2863,2338,553,528,0.9547920433996383,0.8378687318436283,0.5024085779885726,1.3716961415397608,True,0.26895215941961903,0.06040319533720419,0.9666666666666667,0.9535256826055328,1.0,0.9547920433996383,0.09550517525389411,0.17363677209187248,False,1.2596907999832183,0.26801380002871156,0.04955990007147193,validation
similarity/d_az=40,C_extreme_diagnostic,7003,similarity,similarity,1.0,40.0,0.0,45.0,0.0,1.0,2863,2265,29,3,0.10344827586206896,0.8505284402272814,inf,inf,False,inf,0.49808729751538594,0.04918032786885246,0.2672454385532547,0.0,0.034482758620689655,304.69672125331863,426.9301262054792,True,1.303889400092885,0.4218721000943333,0.2195878999773413,validation
affine/d_az=40,C_extreme_diagnostic,7003,affine,affine,1.0,40.0,0.0,45.0,0.0,1.0,2863,2292,23,4,0.17391304347826086,1.0195376332311306,inf,inf,False,inf,0.3350632600537505,0.06557377049180328,0.3372261973790022,0.0,0.0,237.86383413766134,357.05954606020924,True,1.3012555000605062,0.7884849000256509,0.572885200032033,validation
projective/d_az=40,C_extreme_diagnostic,7003,projective,projective,1.0,40.0,0.0,45.0,0.0,1.0,2863,2225,30,5,0.16666666666666666,5.155470116576469e-12,inf,inf,False,inf,0.4845779704668853,0.04918032786885246,0.25291964803425165,0.0,0.0,189.2830914710836,306.39312319139015,True,1.318887299974449,3.8720958000048995,3.613093900028616,validation
similarity/d_az=60,C_extreme_diagnostic,7003,similarity,similarity,1.0,60.0,0.0,45.0,0.0,1.0,2863,3163,20,3,0.15,1.254712890538389,inf,inf,False,inf,0.6492788634590859,0.046875,0.26416041678685936,0.0,0.0,254.9675660722071,395.26682917572845,True,1.212601299979724,0.41956019995268434,0.16250109998509288,validation
affine/d_az=60,C_extreme_diagnostic,7003,affine,affine,1.0,60.0,0.0,45.0,0.0,1.0,2863,3198,25,3,0.12,7.338453819646735e-14,inf,inf,False,inf,0.4245111184293515,0.046875,0.26416041678685936,0.0,0.0,142.31150406614643,319.70268304589604,True,1.2125124000012875,2.1244437999557704,1.8667255999753252,validation
projective/d_az=60,C_extreme_diagnostic,7003,projective,projective,1.0,60.0,0.0,45.0,0.0,1.0,2863,3194,25,5,0.2,1.6043167557196115e-13,inf,inf,False,inf,0.6202428548574632,0.0625,0.3203213491478938,0.0,0.0,371.33492836021685,1143.8781725572883,True,1.3191595000680536,1.9863878999603912,1.7375910999253392,validation
similarity/d_az=0,C_extreme_diagnostic,7004,similarity,similarity,1.0,0.0,0.0,45.0,0.0,1.0,3001,3000,2097,2092,0.9976156413924654,0.3448762337142388,0.12337898966235189,0.39270945529708173,True,0.03969808954254314,0.035180354390901815,1.0,0.9886056425387917,0.9995219885277247,0.9971387696709585,0.18098673412841132,0.2756481354221847,False,3.056933099986054,0.3141416001599282,0.06277400010731071,validation
affine/d_az=0,C_extreme_diagnostic,7004,affine,affine,1.0,0.0,0.0,45.0,0.0,1.0,3001,3052,2108,2100,0.9962049335863378,0.2622981832503723,0.10459559998508765,0.36697781440589683,True,0.03705858655290649,0.04555431167847891,1.0,0.989928762885499,0.9995238095238095,0.99573055028463,0.03757665573457984,0.04884318389293235,False,2.0591538000153378,0.3074322999455035,0.06507829995825887,validation
projective/d_az=0,C_extreme_diagnostic,7004,projective,projective,1.0,0.0,0.0,45.0,0.0,1.0,3001,3044,2117,2111,0.9971658006613132,0.2842936088691427,0.12383372958977487,0.3801818367235876,True,0.08095863753691324,0.03884487992233412,1.0,0.9882765505612717,1.0,0.9971658006613132,0.04350769211768101,0.05278145399017531,False,2.059124800027348,0.3029200000455603,0.05745650001335889,validation
similarity/d_az=20,C_extreme_diagnostic,7004,similarity,similarity,1.0,20.0,0.0,45.0,0.0,1.0,3001,2669,331,296,0.8942598187311178,1.026431928486659,0.5452038675841318,1.8220646682423365,True,0.2000481681979283,0.08597694801676656,0.9375,0.9444313506556274,0.9966216216216216,0.8912386706948641,0.08142690795148674,0.12681222905029207,False,2.004439300042577,0.2832845998927951,0.03914799995254725,validation
affine/d_az=20,C_extreme_diagnostic,7004,affine,affine,1.0,20.0,0.0,45.0,0.0,1.0,3001,2682,332,298,0.8975903614457831,1.0056238367904389,0.5749380290834858,1.7432990313370238,True,0.2539016755400902,0.08597694801676656,0.9375,0.9479957386965456,0.9966442953020134,0.8945783132530121,0.07880548693758435,0.10902629465918093,False,1.9935410000616685,0.2792405999498442,0.04838000005111098,validation
projective/d_az=20,C_extreme_diagnostic,7004,projective,projective,1.0,20.0,0.0,45.0,0.0,1.0,3001,2716,332,297,0.8945783132530121,1.0550113600577113,0.615159067942045,1.8665345322514715,True,0.761004890432194,0.111964025139092,0.9375,0.9505369035333764,0.9932659932659933,0.891566265060241,0.12236860383307627,0.2002684257629635,False,1.9339458000613376,0.2843755999347195,0.04606259998399764,validation
similarity/d_az=40,C_extreme_diagnostic,7004,similarity,similarity,1.0,40.0,0.0,45.0,0.0,1.0,3001,2987,25,2,0.08,1.0048591735576161e-14,inf,inf,False,inf,0.5262736699612136,0.03125,0.16666666666666669,0.0,0.0,206.3154035867783,334.11999359793526,True,2.0307490000268444,0.649669999955222,0.3756113999988884,validation
affine/d_az=40,C_extreme_diagnostic,7004,affine,affine,1.0,40.0,0.0,45.0,0.0,1.0,3001,2999,36,4,0.1111111111111111,0.8643677240387774,inf,inf,False,inf,0.48528769857747783,0.0625,0.33333333333333337,0.0,0.0,350.78019170805,614.0024008448818,True,2.0177815998904407,2.558587500010617,2.297507100040093,validation
projective/d_az=40,C_extreme_diagnostic,7004,projective,projective,1.0,40.0,0.0,45.0,0.0,1.0,3001,3016,20,0,0.0,nan,inf,inf,False,inf,1.0,0.0,0.0,0.0,0.0,inf,inf,True,2.019037800026126,4.285741899977438,4.040449899970554,validation
similarity/d_az=60,C_extreme_diagnostic,7004,similarity,similarity,1.0,60.0,0.0,45.0,0.0,1.0,3001,2368,18,2,0.1111111111111111,4.0194366942304644e-14,inf,inf,False,inf,0.5985335903417295,0.03278688524590164,0.1686130986895011,0.0,0.0,237.85771621388722,344.4793019022387,True,1.8209849999984726,0.4023998000193387,0.18905739998444915,validation
affine/d_az=60,C_extreme_diagnostic,7004,affine,affine,1.0,60.0,0.0,45.0,0.0,1.0,3001,2367,30,4,0.13333333333333333,5.90221124448794e-14,inf,inf,False,inf,0.4124542930274888,0.05,0.25394071139817215,0.0,0.0,222.13767169651393,307.99396264987837,True,1.854522499954328,1.5240623001009226,1.2865640999516472,validation
projective/d_az=60,C_extreme_diagnostic,7004,projective,projective,1.0,60.0,0.0,45.0,0.0,1.0,3001,2368,29,5,0.1724137931034483,7.343632940458668e-12,inf,inf,False,inf,0.35386495267390183,0.06557377049180328,0.3240622515373677,0.2,0.034482758620689655,227.9619660353816,554.4686008766516,True,1.8363402000395581,4.12949719990138,3.913251499994658,validation
