representation,regime,seed,delta_azimuth,delta_elevation,sun_elevation,transform_kind,fit_model,overlap_fraction,n_kp_src,n_kp_dst,n_putative,n_inliers,inlier_ratio,fit_rmse,coverage_max_gap,coverage_occupancy,coverage_entropy,true_inlier_precision,transform_error_median,transform_error_p90,is_wrong,flag_n_inliers_le_8,detect_describe_s,match_s,ransac_s,pipeline_s
B1_rootsift,A_mare_moderate,3001,0.0,0.0,45.0,affine,affine,1.0,32,28,22,22,1.0,0.46499914928850505,0.24567659198064076,0.25,0.6466106674837657,1.0,0.16547459850849944,0.3266906237738701,False,False,0.07442429999355227,0.00037420005537569523,0.03999600000679493,0.11479450005572289
B1_sift,A_mare_moderate,3001,0.0,0.0,45.0,affine,affine,1.0,32,28,22,22,1.0,0.46499914928850505,0.24567659198064076,0.25,0.6466106674837657,1.0,0.16547459850849944,0.3266906237738701,False,False,0.06329239998012781,0.00037519994657486677,0.041527300025336444,0.10519489995203912
A_orient_mod_pi,A_mare_moderate,3001,0.0,0.0,45.0,affine,affine,1.0,32,28,7,7,1.0,0.4704521753667269,0.3659989258982608,0.109375,0.4678924870096007,1.0,0.30255106091695516,0.6992977579197182,False,True,0.08114949997980148,0.0002677000593394041,0.04231179994530976,0.12372899998445064
A_orient_2pi_control,A_mare_moderate,3001,0.0,0.0,45.0,affine,affine,1.0,32,28,11,11,1.0,0.5024605800342875,0.2656313826847534,0.171875,0.5765719364395496,1.0,0.3487740684303825,0.5252637274854127,False,False,0.07662489998620003,0.0002782999072223902,0.04063619999215007,0.1175393998855725
B_phase_congruency,A_mare_moderate,3001,0.0,0.0,45.0,affine,affine,1.0,25,37,6,4,0.6666666666666666,5.684341886080802e-14,0.5412721419803792,0.046875,0.25,0.5,254.03422427542216,563.9468295506304,True,True,1.3425624000374228,0.00030449999030679464,0.06125499994959682,1.4041218999773264
C_rift2_mim,A_mare_moderate,3001,0.0,0.0,45.0,affine,affine,1.0,25,37,3,3,1.0,0.0,0.6536198949036733,0.046875,0.26416041678685936,0.3333333333333333,2054.975438010404,4648.648320163801,True,True,0.09137910010758787,0.0003394999075680971,0.041444200091063976,0.13316280010621995
B1_rootsift,A_mare_moderate,3001,15.0,0.0,45.0,affine,affine,1.0,32,25,17,17,1.0,1.1193406022359031,0.28363308477593707,0.203125,0.602812434326037,1.0,0.6141690759177281,1.4792403218741634,False,False,0.07602919999044389,0.0002454000059515238,0.04431210004258901,0.12058670003898442
B1_sift,A_mare_moderate,3001,15.0,0.0,45.0,affine,affine,1.0,32,25,16,16,1.0,1.1531546867532276,0.28363308477593707,0.1875,0.5833333333333334,1.0,0.6121701662170314,1.49113390174245,False,False,0.07041519996710122,0.0002709999680519104,0.05424399999901652,0.12493019993416965
A_orient_mod_pi,A_mare_moderate,3001,15.0,0.0,45.0,affine,affine,1.0,32,25,3,3,1.0,7.486032240573151e-14,0.6409689540740687,0.046875,0.26416041678685936,1.0,1.7885171370844553,3.9613404719657446,False,True,0.0799983999459073,0.00027409999165683985,0.05144579999614507,0.1317182999337092
A_orient_2pi_control,A_mare_moderate,3001,15.0,0.0,45.0,affine,affine,1.0,32,25,8,8,1.0,1.2503723899938277,0.28363308477593707,0.125,0.5,1.0,1.1214564817490946,2.494391669850031,False,True,0.08130249998066574,0.0002951999194920063,0.06496270000934601,0.14656039990950376
B_phase_congruency,A_mare_moderate,3001,15.0,0.0,45.0,affine,affine,1.0,25,26,2,0,0.0,nan,1.0,0.0,0.0,0.0,inf,inf,True,True,1.3719408999895677,0.00022449996322393417,3.4100026823580265e-05,1.3721994999796152
C_rift2_mim,A_mare_moderate,3001,15.0,0.0,45.0,affine,affine,1.0,25,26,1,0,0.0,nan,1.0,0.0,0.0,0.0,inf,inf,True,True,0.08932120003737509,0.00027189997490495443,0.00019139994401484728,0.0897844999562949
B1_rootsift,A_mare_moderate,3001,18.0,0.0,45.0,affine,affine,1.0,32,22,10,8,0.8,0.9237624741144778,0.30734131837568274,0.109375,0.45833333333333337,1.0,1.2207308335884988,2.1832880249871645,False,True,0.06659870001021773,0.0002405999694019556,0.04473580000922084,0.11157509998884052
B1_sift,A_mare_moderate,3001,18.0,0.0,45.0,affine,affine,1.0,32,22,9,8,0.8888888888888888,0.9237624741144778,0.30734131837568274,0.109375,0.45833333333333337,1.0,1.2207308335884988,2.1832880249871645,False,True,0.06187900004442781,0.00023380003403872252,0.035892599960789084,0.09800540003925562
A_orient_mod_pi,A_mare_moderate,3001,18.0,0.0,45.0,affine,affine,1.0,32,22,1,0,0.0,nan,1.0,0.0,0.0,0.0,inf,inf,True,True,0.08085489994846284,0.00026240001898258924,3.100000321865082e-05,0.08114829997066408
A_orient_2pi_control,A_mare_moderate,3001,18.0,0.0,45.0,affine,affine,1.0,32,22,9,8,0.8888888888888888,1.3898444791101274,0.3665543817775846,0.125,0.5,0.875,1.1181462140433498,1.5694818579748715,False,True,0.0762028000317514,0.0002324000233784318,0.04511019994970411,0.12154540000483394
B_phase_congruency,A_mare_moderate,3001,18.0,0.0,45.0,affine,affine,1.0,25,37,3,3,1.0,7.69663529793354e-14,0.5018750108101563,0.046875,0.26416041678685936,0.0,106.59830741680233,187.88306653939972,True,True,1.203466400038451,0.00021039997227489948,0.03655010007787496,1.2402269000886008
C_rift2_mim,A_mare_moderate,3001,18.0,0.0,45.0,affine,affine,1.0,25,37,1,0,0.0,nan,1.0,0.0,0.0,0.0,inf,inf,True,True,0.07569430000148714,0.00024530000519007444,2.7799978852272034e-05,0.07596739998552948
B1_rootsift,A_mare_moderate,3001,21.0,0.0,45.0,affine,affine,1.0,32,29,15,15,1.0,1.1998166271541577,0.3508625362078946,0.203125,0.6067039881569753,1.0,0.55351213689208,1.1682508746867772,False,False,0.06109650002326816,0.00022299995180219412,0.036889599985443056,0.09820909996051341
B1_sift,A_mare_moderate,3001,21.0,0.0,45.0,affine,affine,1.0,32,29,15,15,1.0,1.1998166271541577,0.3508625362078946,0.203125,0.6067039881569753,1.0,0.55351213689208,1.1682508746867772,False,False,0.05841820000205189,0.00024289998691529036,0.04352969990577549,0.10219079989474267
A_orient_mod_pi,A_mare_moderate,3001,21.0,0.0,45.0,affine,affine,1.0,32,29,2,0,0.0,nan,1.0,0.0,0.0,0.0,inf,inf,True,True,0.072115300106816,0.0002397000789642334,3.029999788850546e-05,0.07238530018366873
A_orient_2pi_control,A_mare_moderate,3001,21.0,0.0,45.0,affine,affine,1.0,32,29,10,10,1.0,1.3282724663345344,0.3042754514370527,0.15625,0.5536546824812271,1.0,1.1301441860612873,1.4391686773120869,False,False,0.07442860002629459,0.00024649989791214466,0.036694100010208786,0.11136919993441552
B_phase_congruency,A_mare_moderate,3001,21.0,0.0,45.0,affine,affine,1.0,25,30,3,3,1.0,8.038873388460929e-14,0.6390616510453476,0.03125,0.15304930567574826,1.0,30.270350256651717,67.96939335785183,True,True,1.2010825000470504,0.00018809991888701916,0.037350400001741946,1.2386209999676794
C_rift2_mim,A_mare_moderate,3001,21.0,0.0,45.0,affine,affine,1.0,25,30,0,0,0.0,nan,1.0,0.0,0.0,nan,nan,nan,True,True,0.08327379997354001,0.00023030000738799572,3.450002986937761e-05,0.08353860001079738
B1_rootsift,A_mare_moderate,3001,24.0,0.0,45.0,affine,affine,1.0,32,22,13,13,1.0,1.3741621663608554,0.25390958865326346,0.15625,0.5141758504594129,1.0,0.6725430078756778,1.462218251939304,False,False,0.0628400999121368,0.00025590008590370417,0.038981499965302646,0.10207749996334314
B1_sift,A_mare_moderate,3001,24.0,0.0,45.0,affine,affine,1.0,32,22,13,13,1.0,1.3741621663608554,0.25390958865326346,0.15625,0.5141758504594129,1.0,0.6725430078756778,1.462218251939304,False,False,0.06160230003297329,0.00019209994934499264,0.03688180004246533,0.09867620002478361
A_orient_mod_pi,A_mare_moderate,3001,24.0,0.0,45.0,affine,affine,1.0,32,22,1,0,0.0,nan,1.0,0.0,0.0,0.0,inf,inf,True,True,0.0755326000507921,0.00022090005222707987,2.9799994081258774e-05,0.07578330009710044
A_orient_2pi_control,A_mare_moderate,3001,24.0,0.0,45.0,affine,affine,1.0,32,22,8,8,1.0,0.826033197335885,0.2748907315271177,0.125,0.5,1.0,1.234428842584193,1.5995865117870718,False,True,0.07321750000119209,0.000238100066781044,0.035939799970947206,0.10939540003892034
B_phase_congruency,A_mare_moderate,3001,24.0,0.0,45.0,affine,affine,1.0,25,25,2,0,0.0,nan,1.0,0.0,0.0,0.0,inf,inf,True,True,1.3187304999446496,0.0002050000475719571,3.220001235604286e-05,1.3189677000045776
C_rift2_mim,A_mare_moderate,3001,24.0,0.0,45.0,affine,affine,1.0,25,25,3,3,1.0,1.3127425272378462e-13,0.6073294102765036,0.046875,0.26416041678685936,0.0,3858.3728212080564,8901.65156357822,True,True,0.07571380003355443,0.00025559996720403433,0.03604310005903244,0.11201250005979091
B1_rootsift,A_mare_moderate,3001,27.0,0.0,45.0,affine,affine,1.0,32,18,6,5,0.8333333333333334,0.2895895555028916,0.3816059500695348,0.08064516129032258,0.38996498836238314,1.0,1.7411366358384361,4.080799132210144,False,True,0.06098020006902516,0.00020839995704591274,0.0372523000696674,0.09844090009573847
B1_sift,A_mare_moderate,3001,27.0,0.0,45.0,affine,affine,1.0,32,18,5,4,0.8,0.31361372034149115,0.3816059500695348,0.06451612903225806,0.3358975579140839,1.0,1.7328358672593462,4.065064458626237,False,True,0.061650300049223006,0.0001908999402076006,0.038036499987356365,0.09987769997678697
A_orient_mod_pi,A_mare_moderate,3001,27.0,0.0,45.0,affine,affine,1.0,32,18,2,0,0.0,nan,1.0,0.0,0.0,0.0,inf,inf,True,True,0.0782685000449419,0.00025459995958954096,3.070000093430281e-05,0.07855380000546575
A_orient_2pi_control,A_mare_moderate,3001,27.0,0.0,45.0,affine,affine,1.0,32,18,7,6,0.8571428571428571,0.4526786993206073,0.2989748924711321,0.0967741935483871,0.43414129564585974,1.0,1.2104942471942233,2.8357070745776154,False,True,0.07484519993886352,0.0002490000333636999,0.03695129998959601,0.11204549996182323
B_phase_congruency,A_mare_moderate,3001,27.0,0.0,45.0,affine,affine,1.0,25,12,1,0,0.0,nan,1.0,0.0,0.0,0.0,inf,inf,True,True,1.3962420000461861,0.00020100001711398363,3.070000093430281e-05,1.3964737000642344
C_rift2_mim,A_mare_moderate,3001,27.0,0.0,45.0,affine,affine,1.0,25,12,2,0,0.0,nan,1.0,0.0,0.0,0.0,inf,inf,True,True,0.09077250002883375,0.00024539988953620195,3.170000854879618e-05,0.09104959992691875
B1_rootsift,A_mare_moderate,3001,30.0,0.0,45.0,affine,affine,1.0,32,24,13,12,0.9230769230769231,0.9442923204880155,0.2859903848331512,0.14516129032258066,0.5181156851243808,0.9166666666666666,2.041262806102119,3.6486948258471505,False,False,0.07234050007537007,0.0003828000044450164,0.04730909992940724,0.12003240000922233
B1_sift,A_mare_moderate,3001,30.0,0.0,45.0,affine,affine,1.0,32,24,13,12,0.9230769230769231,1.0193879883179857,0.3128903811640748,0.14516129032258066,0.5181156851243808,0.9166666666666666,1.5738517853061869,3.0253589142403854,False,False,0.07939149998128414,0.00026110000908374786,0.051379599957726896,0.13103219994809479
A_orient_mod_pi,A_mare_moderate,3001,30.0,0.0,45.0,affine,affine,1.0,32,24,0,0,0.0,nan,1.0,0.0,0.0,nan,nan,nan,True,True,0.10199540003668517,0.00019719998817890882,3.090000245720148e-05,0.10222350002732128
A_orient_2pi_control,A_mare_moderate,3001,30.0,0.0,45.0,affine,affine,1.0,32,24,7,7,1.0,1.2022156367847985,0.2948119103767689,0.11290322580645161,0.47149183125861616,1.0,0.9257296124501857,2.1234263720058753,False,True,0.09301389998290688,0.0003579000476747751,0.06496850005351007,0.15834030008409172
B_phase_congruency,A_mare_moderate,3001,30.0,0.0,45.0,affine,affine,1.0,25,25,1,0,0.0,nan,1.0,0.0,0.0,0.0,inf,inf,True,True,1.4635955999838188,0.00024800002574920654,3.520003519952297e-05,1.4638788000447676
C_rift2_mim,A_mare_moderate,3001,30.0,0.0,45.0,affine,affine,1.0,25,25,3,3,1.0,3.712996571847389e-13,0.6159968957423699,0.03225806451612903,0.16794877895704194,0.0,2807.662071946349,6361.274232097095,True,True,0.09579169994685799,0.0002785000251606107,0.06295679998584092,0.15902699995785952
B1_rootsift,A_mare_moderate,3001,33.0,0.0,45.0,affine,affine,1.0,32,16,1,0,0.0,nan,1.0,0.0,0.0,0.0,inf,inf,True,True,0.06343209999613464,0.00022279995027929544,3.3800024539232254e-05,0.06368869997095317
B1_sift,A_mare_moderate,3001,33.0,0.0,45.0,affine,affine,1.0,32,16,1,0,0.0,nan,1.0,0.0,0.0,0.0,inf,inf,True,True,0.06791640003211796,0.00023529992904514074,4.1800085455179214e-05,0.06819350004661828
A_orient_mod_pi,A_mare_moderate,3001,33.0,0.0,45.0,affine,affine,1.0,32,16,0,0,0.0,nan,1.0,0.0,0.0,nan,nan,nan,True,True,0.08395200001541525,0.00020250002853572369,3.509991802275181e-05,0.08418959996197373
A_orient_2pi_control,A_mare_moderate,3001,33.0,0.0,45.0,affine,affine,1.0,32,16,2,0,0.0,nan,1.0,0.0,0.0,0.0,inf,inf,True,True,0.0805512999650091,0.00027270009741187096,3.5199918784201145e-05,0.08085919998120517
B_phase_congruency,A_mare_moderate,3001,33.0,0.0,45.0,affine,affine,1.0,25,23,1,0,0.0,nan,1.0,0.0,0.0,0.0,inf,inf,True,True,1.1371729000238702,0.00024199998006224632,3.699993249028921e-05,1.1374518999364227
C_rift2_mim,A_mare_moderate,3001,33.0,0.0,45.0,affine,affine,1.0,25,23,2,0,0.0,nan,1.0,0.0,0.0,0.0,inf,inf,True,True,0.06820809992495924,0.00036639999598264694,4.440010525286198e-05,0.06861890002619475
B1_rootsift,A_mare_moderate,3001,36.0,0.0,45.0,affine,affine,1.0,32,25,1,0,0.0,nan,1.0,0.0,0.0,0.0,inf,inf,True,True,0.06290300004184246,0.00023349991533905268,3.5400036722421646e-05,0.06317189999390393
B1_sift,A_mare_moderate,3001,36.0,0.0,45.0,affine,affine,1.0,32,25,1,0,0.0,nan,1.0,0.0,0.0,0.0,inf,inf,True,True,0.059814399923197925,0.00029660004656761885,3.899994771927595e-05,0.06014999991748482
A_orient_mod_pi,A_mare_moderate,3001,36.0,0.0,45.0,affine,affine,1.0,32,25,0,0,0.0,nan,1.0,0.0,0.0,nan,nan,nan,True,True,0.07825470005627722,0.00022000004537403584,3.499991726130247e-05,0.07850970001891255
A_orient_2pi_control,A_mare_moderate,3001,36.0,0.0,45.0,affine,affine,1.0,32,25,3,3,1.0,4.418334286568786e-14,0.4815702003404102,0.046875,0.26416041678685936,1.0,1.8224953654130482,4.200463341978923,False,True,0.07418809994123876,0.0003037999849766493,0.046078799990937114,0.12057069991715252
B_phase_congruency,A_mare_moderate,3001,36.0,0.0,45.0,affine,affine,1.0,25,33,3,3,1.0,1.8564982859236944e-13,0.7551297552511258,0.03125,0.15304930567574826,0.0,632.9255120294267,1059.0135971797981,True,True,1.1430840999819338,0.00022179994266480207,0.045940599986352026,1.1892464999109507
C_rift2_mim,A_mare_moderate,3001,36.0,0.0,45.0,affine,affine,1.0,25,33,1,0,0.0,nan,1.0,0.0,0.0,0.0,inf,inf,True,True,0.07919200009200722,0.0002741001080721617,3.2899901270866394e-05,0.07949900010135025
B1_rootsift,A_mare_moderate,3001,40.0,0.0,45.0,affine,affine,1.0,32,16,2,0,0.0,nan,1.0,0.0,0.0,0.0,inf,inf,True,True,0.051071499940007925,0.00020570005290210247,3.3899908885359764e-05,0.05131109990179539
B1_sift,A_mare_moderate,3001,40.0,0.0,45.0,affine,affine,1.0,32,16,1,0,0.0,nan,1.0,0.0,0.0,0.0,inf,inf,True,True,0.05226400005631149,0.00033430010080337524,5.7699973694980145e-05,0.052656000130809844
A_orient_mod_pi,A_mare_moderate,3001,40.0,0.0,45.0,affine,affine,1.0,32,16,0,0,0.0,nan,1.0,0.0,0.0,nan,nan,nan,True,True,0.06324460008181632,0.0001802000915631652,2.8199981898069382e-05,0.06345300015527755
A_orient_2pi_control,A_mare_moderate,3001,40.0,0.0,45.0,affine,affine,1.0,32,16,1,0,0.0,nan,1.0,0.0,0.0,0.0,inf,inf,True,True,0.06645620008930564,0.0003529000096023083,3.390002530068159e-05,0.06684300012420863
B_phase_congruency,A_mare_moderate,3001,40.0,0.0,45.0,affine,affine,1.0,25,22,1,0,0.0,nan,1.0,0.0,0.0,0.0,inf,inf,True,True,1.049330999958329,0.0003722000401467085,4.770001396536827e-05,1.049750900012441
C_rift2_mim,A_mare_moderate,3001,40.0,0.0,45.0,affine,affine,1.0,25,22,2,0,0.0,nan,1.0,0.0,0.0,0.0,inf,inf,True,True,0.07976840005721897,0.0003402000293135643,4.710000939667225e-05,0.0801557000959292
B1_rootsift,A_mare_moderate,3001,45.0,0.0,45.0,affine,affine,1.0,32,15,1,0,0.0,nan,1.0,0.0,0.0,0.0,inf,inf,True,True,0.0533168000401929,0.00020329991821199656,6.059999577701092e-05,0.05358069995418191
B1_sift,A_mare_moderate,3001,45.0,0.0,45.0,affine,affine,1.0,32,15,0,0,0.0,nan,1.0,0.0,0.0,nan,nan,nan,True,True,0.04771760001312941,0.00016789999790489674,3.850006032735109e-05,0.04792400007136166
A_orient_mod_pi,A_mare_moderate,3001,45.0,0.0,45.0,affine,affine,1.0,32,15,0,0,0.0,nan,1.0,0.0,0.0,nan,nan,nan,True,True,0.06700529996305704,0.0002359000500291586,3.220001235604286e-05,0.06727340002544224
A_orient_2pi_control,A_mare_moderate,3001,45.0,0.0,45.0,affine,affine,1.0,32,15,2,0,0.0,nan,1.0,0.0,0.0,0.0,inf,inf,True,True,0.06161779991816729,0.00028709997422993183,3.360002301633358e-05,0.06193849991541356
B_phase_congruency,A_mare_moderate,3001,45.0,0.0,45.0,affine,affine,1.0,25,22,1,0,0.0,nan,1.0,0.0,0.0,0.0,inf,inf,True,True,1.037418800056912,0.00020560005214065313,3.6199926398694515e-05,1.0376606000354514
C_rift2_mim,A_mare_moderate,3001,45.0,0.0,45.0,affine,affine,1.0,25,22,1,0,0.0,nan,1.0,0.0,0.0,0.0,inf,inf,True,True,0.06507780007086694,0.0002378999488428235,2.9099988751113415e-05,0.06534480000846088
B1_rootsift,A_mare_moderate,3002,0.0,0.0,45.0,affine,affine,1.0,24,21,18,18,1.0,0.1985502491170322,0.4089868415305545,0.171875,0.5513784724225435,1.0,0.1511186860192773,0.3323967293291854,False,False,0.05591920006554574,0.00019019993487745523,0.03761390002910048,0.09372330002952367
B1_sift,A_mare_moderate,3002,0.0,0.0,45.0,affine,affine,1.0,24,21,18,18,1.0,0.1985502491170322,0.4089868415305545,0.171875,0.5513784724225435,1.0,0.1511186860192773,0.3323967293291854,False,False,0.057315299985930324,0.00023180001880973577,0.04779799992684275,0.10534509993158281
A_orient_mod_pi,A_mare_moderate,3002,0.0,0.0,45.0,affine,affine,1.0,24,21,10,10,1.0,0.2023835922090431,0.4089868415305545,0.140625,0.5203213491478937,1.0,0.08486579879678839,0.17066549600712388,False,False,0.07158939994405955,0.0003195999888703227,0.045435599982738495,0.11734459991566837
A_orient_2pi_control,A_mare_moderate,3002,0.0,0.0,45.0,affine,affine,1.0,24,21,10,10,1.0,0.2023835922090431,0.4089868415305545,0.140625,0.5203213491478937,1.0,0.08486579879678839,0.17066549600712388,False,False,0.070008400012739,0.00034390005748718977,0.03760749998036772,0.10795980005059391
B_phase_congruency,A_mare_moderate,3002,0.0,0.0,45.0,affine,affine,1.0,40,64,9,9,1.0,0.7761069733212441,0.45456697047009603,0.0625,0.27629045441748146,1.0,1.26533911480404,2.2187336444694163,False,False,1.074059100006707,0.000255799968726933,0.03847999998833984,1.1127948999637738
C_rift2_mim,A_mare_moderate,3002,0.0,0.0,45.0,affine,affine,1.0,40,64,5,3,0.6,0.0,0.6663741423651186,0.015625,-0.0,1.0,11.841762413361497,27.228322279196732,True,True,0.07063690002541989,0.00048129993956536055,0.04092649999074638,0.11204469995573163
B1_rootsift,A_mare_moderate,3002,15.0,0.0,45.0,affine,affine,1.0,24,23,13,13,1.0,1.3090555895434477,0.42298673603654197,0.140625,0.5141758504594128,0.9230769230769231,1.1718207548765491,2.5297217457858974,False,False,0.04893539997283369,0.000202300027012825,0.041643499978818,0.09078119997866452
B1_sift,A_mare_moderate,3002,15.0,0.0,45.0,affine,affine,1.0,24,23,13,13,1.0,1.3090555895434477,0.42298673603654197,0.140625,0.5141758504594128,0.9230769230769231,1.1718207548765491,2.5297217457858974,False,False,0.05047649994958192,0.00021110009402036667,0.051110200001858175,0.10179780004546046
A_orient_mod_pi,A_mare_moderate,3002,15.0,0.0,45.0,affine,affine,1.0,24,23,5,4,0.8,0.9972244606297318,0.5111104181994474,0.046875,0.25,0.75,13.569632092103255,29.42786241904902,True,True,0.059829300036653876,0.00029829994309693575,0.04643230000510812,0.10655989998485893
A_orient_2pi_control,A_mare_moderate,3002,15.0,0.0,45.0,affine,affine,1.0,24,23,6,5,0.8333333333333334,0.7480125197689138,0.42298673603654197,0.078125,0.38698801581456044,1.0,1.9455006413180413,4.365916536133452,False,True,0.06370749999769032,0.00033650000113993883,0.038484999909996986,0.10252899990882725
B_phase_congruency,A_mare_moderate,3002,15.0,0.0,45.0,affine,affine,1.0,40,38,5,5,1.0,4.0194366942304644e-14,0.6473279496455882,0.015625,-0.0,0.8,158.3400579411099,347.06077423258563,True,True,1.0607127000112087,0.00023999996483325958,0.026930100051686168,1.087882800027728
C_rift2_mim,A_mare_moderate,3002,15.0,0.0,45.0,affine,affine,1.0,40,38,2,0,0.0,nan,1.0,0.0,0.0,0.0,inf,inf,True,True,0.07259629992768168,0.0003093000268563628,3.330002073198557e-05,0.07293889997527003
B1_rootsift,A_mare_moderate,3002,18.0,0.0,45.0,affine,affine,1.0,24,32,13,12,0.9230769230769231,1.0580073965288408,0.4704865115055697,0.140625,0.5141604167868594,0.9166666666666666,0.8516401809963509,2.002918531067228,False,False,0.048569400096312165,0.00023180001880973577,0.043639900046400726,0.09244110016152263
B1_sift,A_mare_moderate,3002,18.0,0.0,45.0,affine,affine,1.0,24,32,11,10,0.9090909090909091,1.1124386477979566,0.4704865115055697,0.109375,0.4536546824812271,0.9,0.8805820644808047,2.052610159276277,False,False,0.04800839989911765,0.0002818000502884388,0.03843109996523708,0.08672129991464317
A_orient_mod_pi,A_mare_moderate,3002,18.0,0.0,45.0,affine,affine,1.0,24,32,3,3,1.0,8.565896469778108e-14,0.5042846205424324,0.046875,0.26416041678685936,0.6666666666666666,8.652106785798772,19.633930309481975,True,True,0.06009229994378984,0.0002652000403031707,0.04690309998113662,0.10726059996522963
A_orient_2pi_control,A_mare_moderate,3002,18.0,0.0,45.0,affine,affine,1.0,24,32,7,5,0.7142857142857143,0.7136148795615842,0.4704865115055697,0.078125,0.38698801581456044,1.0,1.235651859691648,2.3406404672954455,False,True,0.06607850000727922,0.0002615000121295452,0.046099500032141805,0.11243950005155057
B_phase_congruency,A_mare_moderate,3002,18.0,0.0,45.0,affine,affine,1.0,40,56,4,4,1.0,7.140866117879974e-14,0.6663741423651186,0.03125,0.1352130207431888,0.75,173.76415609821777,428.9310319097166,True,True,1.1957595000276342,0.00025129993446171284,0.033523700083605945,1.2295345000457019
C_rift2_mim,A_mare_moderate,3002,18.0,0.0,45.0,affine,affine,1.0,40,56,2,0,0.0,nan,1.0,0.0,0.0,0.0,inf,inf,True,True,0.07711630000267178,0.0003945999778807163,3.429991193115711e-05,0.07754519989248365
B1_rootsift,A_mare_moderate,3002,21.0,0.0,45.0,affine,affine,1.0,24,24,9,8,0.8888888888888888,1.4133533777441447,0.3853638758891106,0.1111111111111111,0.4600754917279789,0.875,2.323816748715644,5.397171515664708,False,True,0.05573989998083562,0.00022909999825060368,0.053538699983619153,0.10950769996270537
B1_sift,A_mare_moderate,3002,21.0,0.0,45.0,affine,affine,1.0,24,24,9,7,0.7777777777777778,0.5329984117982175,0.4479242368546333,0.09523809523809523,0.4218709293552384,1.0,1.1947664633634212,2.1229888832902972,False,True,0.05576810007914901,0.00030440010596066713,0.04380599991418421,0.09987850009929389
A_orient_mod_pi,A_mare_moderate,3002,21.0,0.0,45.0,affine,affine,1.0,24,24,3,3,1.0,4.641245714809236e-14,0.5179935603451338,0.031746031746031744,0.1536310572379541,0.6666666666666666,116.2794678766598,244.4691019714616,True,True,0.06981009989976883,0.0003500001039355993,0.061187599902041256,0.13134769990574569
A_orient_2pi_control,A_mare_moderate,3002,21.0,0.0,45.0,affine,affine,1.0,24,24,6,5,0.8333333333333334,0.9773389676996683,0.3853638758891106,0.07936507936507936,0.38845898545902274,0.8,3.038312635087196,6.81274229088727,True,True,0.06617820006795228,0.00031020003370940685,0.05667089996859431,0.123159300070256
B_phase_congruency,A_mare_moderate,3002,21.0,0.0,45.0,affine,affine,1.0,40,20,3,0,0.0,nan,1.0,0.0,0.0,0.0,inf,inf,True,True,1.1121911000227556,0.0002098999684676528,0.010256299981847405,1.1226572999730706
C_rift2_mim,A_mare_moderate,3002,21.0,0.0,45.0,affine,affine,1.0,40,20,3,3,1.0,7.519677498818824e-14,0.5409306146859447,0.047619047619047616,0.26516450977807016,0.3333333333333333,336.09251436846466,606.3819651330932,True,True,0.06904400000348687,0.00026919995434582233,0.04549879999831319,0.11481199995614588
B1_rootsift,A_mare_moderate,3002,24.0,0.0,45.0,affine,affine,1.0,24,22,2,0,0.0,nan,1.0,0.0,0.0,0.0,inf,inf,True,True,0.05314500001259148,0.0002009000163525343,3.9199949242174625e-05,0.05338509997818619
B1_sift,A_mare_moderate,3002,24.0,0.0,45.0,affine,affine,1.0,24,22,1,0,0.0,nan,1.0,0.0,0.0,0.0,inf,inf,True,True,0.04814610001631081,0.00021430000197142363,3.7100049667060375e-05,0.048397500067949295
A_orient_mod_pi,A_mare_moderate,3002,24.0,0.0,45.0,affine,affine,1.0,24,22,1,0,0.0,nan,1.0,0.0,0.0,0.0,inf,inf,True,True,0.06423779996111989,0.00031050003599375486,3.69000481441617e-05,0.0645852000452578
A_orient_2pi_control,A_mare_moderate,3002,24.0,0.0,45.0,affine,affine,1.0,24,22,2,0,0.0,nan,1.0,0.0,0.0,0.0,inf,inf,True,True,0.06455869995988905,0.00029520003590732813,3.15000070258975e-05,0.06488540000282228
B_phase_congruency,A_mare_moderate,3002,24.0,0.0,45.0,affine,affine,1.0,40,50,3,3,1.0,6.139790967464725e-14,0.6723719294421326,0.03125,0.15304930567574826,0.3333333333333333,532.5097352226957,1318.898293653447,True,True,1.0785051999846473,0.0002709999680519104,0.03768530010711402,1.1164615000598133
C_rift2_mim,A_mare_moderate,3002,24.0,0.0,45.0,affine,affine,1.0,40,50,3,3,1.0,1.6491123901620321e-13,0.45599694513855515,0.046875,0.26416041678685936,0.0,462.57020921693135,847.9840223990894,True,True,0.0765483999857679,0.00030040007550269365,0.04371370002627373,0.12056250008754432
B1_rootsift,A_mare_moderate,3002,27.0,0.0,45.0,affine,affine,1.0,24,20,3,3,1.0,3.599771539477261e-14,0.5245860895231408,0.046875,0.26416041678685936,1.0,1.540162704203457,2.712973406498031,False,True,0.052887699916027486,0.0001808000961318612,0.04438759991899133,0.09745609993115067
B1_sift,A_mare_moderate,3002,27.0,0.0,45.0,affine,affine,1.0,24,20,3,3,1.0,3.382860061901194e-14,0.647828005891235,0.046875,0.26416041678685936,1.0,2.1605767211632285,3.8266635704280425,False,True,0.06431120005436242,0.0002039000391960144,0.053220200003124774,0.1177353000966832
A_orient_mod_pi,A_mare_moderate,3002,27.0,0.0,45.0,affine,affine,1.0,24,20,2,0,0.0,nan,1.0,0.0,0.0,0.0,inf,inf,True,True,0.06929210002999753,0.0002373000606894493,3.270001616328955e-05,0.06956210010685027
A_orient_2pi_control,A_mare_moderate,3002,27.0,0.0,45.0,affine,affine,1.0,24,20,5,4,0.8,0.21980011411781403,0.5177283750731678,0.0625,0.33333333333333337,1.0,0.9445664634936535,1.5084133260769195,False,True,0.059762499993667006,0.0002319000195711851,0.04858899989631027,0.10858339990954846
B_phase_congruency,A_mare_moderate,3002,27.0,0.0,45.0,affine,affine,1.0,40,25,4,3,0.75,0.0,0.6522826713754829,0.015625,-0.0,0.6666666666666666,150.4849309236328,310.8982443582593,True,True,1.0687210999894887,0.00023449992295354605,0.05131220002658665,1.120267799939029
C_rift2_mim,A_mare_moderate,3002,27.0,0.0,45.0,affine,affine,1.0,40,25,3,3,1.0,4.837260277182903e-13,0.4485521170790649,0.046875,0.26416041678685936,0.0,1062.5794428060524,2243.33542032048,True,True,0.066197199979797,0.0002965000458061695,0.04304479993879795,0.10953849996440113
B1_rootsift,A_mare_moderate,3002,30.0,0.0,45.0,affine,affine,1.0,24,21,1,0,0.0,nan,1.0,0.0,0.0,0.0,inf,inf,True,True,0.05334239988587797,0.00022520008496940136,4.600000102072954e-05,0.0536135999718681
B1_sift,A_mare_moderate,3002,30.0,0.0,45.0,affine,affine,1.0,24,21,2,0,0.0,nan,1.0,0.0,0.0,0.0,inf,inf,True,True,0.05395879992283881,0.00018450000789016485,3.7100049667060375e-05,0.05418039998039603
A_orient_mod_pi,A_mare_moderate,3002,30.0,0.0,45.0,affine,affine,1.0,24,21,0,0,0.0,nan,1.0,0.0,0.0,nan,nan,nan,True,True,0.07155479991342872,0.00018309999722987413,3.1400006264448166e-05,0.07176929991692305
A_orient_2pi_control,A_mare_moderate,3002,30.0,0.0,45.0,affine,affine,1.0,24,21,1,0,0.0,nan,1.0,0.0,0.0,0.0,inf,inf,True,True,0.07333270006347448,0.0002799000358209014,3.2400013878941536e-05,0.07364500011317432
B_phase_congruency,A_mare_moderate,3002,30.0,0.0,45.0,affine,affine,1.0,40,20,2,0,0.0,nan,1.0,0.0,0.0,0.0,inf,inf,True,True,1.070984399993904,0.00021580001339316368,3.7800054997205734e-05,1.0712380000622943
C_rift2_mim,A_mare_moderate,3002,30.0,0.0,45.0,affine,affine,1.0,40,20,1,0,0.0,nan,1.0,0.0,0.0,0.0,inf,inf,True,True,0.06685870001092553,0.0002674999414011836,3.15000070258975e-05,0.06715769995935261
B1_rootsift,A_mare_moderate,3002,33.0,0.0,45.0,affine,affine,1.0,24,14,3,3,1.0,3.84831764896677e-14,0.5587864493766331,0.05084745762711865,0.2694303372517384,0.6666666666666666,14.715467119563368,34.091859968512985,True,True,0.052716300007887185,0.00020100001711398363,0.04407940001692623,0.0969967000419274
B1_sift,A_mare_moderate,3002,33.0,0.0,45.0,affine,affine,1.0,24,14,4,3,0.75,7.519677498818824e-14,0.4611838736568969,0.05084745762711865,0.2694303372517384,0.6666666666666666,238.39448309198565,547.5063818166293,True,True,0.05740940000396222,0.0001778999576345086,0.03711829998064786,0.09470559994224459
A_orient_mod_pi,A_mare_moderate,3002,33.0,0.0,45.0,affine,affine,1.0,24,14,1,0,0.0,nan,1.0,0.0,0.0,0.0,inf,inf,True,True,0.06311180000193417,0.0001943999668583274,3.0800001695752144e-05,0.06333699997048825
A_orient_2pi_control,A_mare_moderate,3002,33.0,0.0,45.0,affine,affine,1.0,24,14,3,3,1.0,3.2818563180946156e-14,0.5118529165718655,0.05084745762711865,0.2694303372517384,1.0,13.619623529461585,29.282961941601513,True,True,0.06182979990262538,0.0002762000076472759,0.04145500005688518,0.10356099996715784
B_phase_congruency,A_mare_moderate,3002,33.0,0.0,45.0,affine,affine,1.0,40,24,2,0,0.0,nan,1.0,0.0,0.0,0.0,inf,inf,True,True,1.0371544999070466,0.00025969999842345715,3.970006946474314e-05,1.0374538999749348
C_rift2_mim,A_mare_moderate,3002,33.0,0.0,45.0,affine,affine,1.0,40,24,3,3,1.0,6.596449560648129e-13,0.5392197335103237,0.05084745762711865,0.2694303372517384,0.0,2167.9197030262612,4476.894411104024,True,True,0.06927880004514009,0.00028249993920326233,0.043459400068968534,0.11302070005331188
B1_rootsift,A_mare_moderate,3002,36.0,0.0,45.0,affine,affine,1.0,24,22,2,0,0.0,nan,1.0,0.0,0.0,0.0,inf,inf,True,True,0.05782669992186129,0.00019509997218847275,3.720005042850971e-05,0.05805899994447827
B1_sift,A_mare_moderate,3002,36.0,0.0,45.0,affine,affine,1.0,24,22,3,3,1.0,2.842170943040401e-14,0.6181948310810657,0.046875,0.26416041678685936,1.0,2.783796152708434,4.840501876208755,False,True,0.04985330009367317,0.00017669994849711657,0.04026889998931438,0.09029890003148466
A_orient_mod_pi,A_mare_moderate,3002,36.0,0.0,45.0,affine,affine,1.0,24,22,0,0,0.0,nan,1.0,0.0,0.0,nan,nan,nan,True,True,0.05736879992764443,0.0002455000067129731,4.2500090785324574e-05,0.05765680002514273
A_orient_2pi_control,A_mare_moderate,3002,36.0,0.0,45.0,affine,affine,1.0,24,22,0,0,0.0,nan,1.0,0.0,0.0,nan,nan,nan,True,True,0.07232200005091727,0.00016900000628083944,2.859998494386673e-05,0.07251960004214197
B_phase_congruency,A_mare_moderate,3002,36.0,0.0,45.0,affine,affine,1.0,40,16,6,4,0.6666666666666666,5.317214951750688e-14,0.6061082532244022,0.03125,0.16666666666666669,0.25,295.47570753595437,658.5463135879728,True,True,1.0590271999826655,0.0002253999700769782,0.03229170001577586,1.0915442999685183
C_rift2_mim,A_mare_moderate,3002,36.0,0.0,45.0,affine,affine,1.0,40,16,1,0,0.0,nan,1.0,0.0,0.0,0.0,inf,inf,True,True,0.06515209993813187,0.00041850004345178604,2.9699993319809437e-05,0.06560029997490346
B1_rootsift,A_mare_moderate,3002,40.0,0.0,45.0,affine,affine,1.0,24,23,1,0,0.0,nan,1.0,0.0,0.0,0.0,inf,inf,True,True,0.04944299999624491,0.00018169998656958342,3.609992563724518e-05,0.049660799908451736
B1_sift,A_mare_moderate,3002,40.0,0.0,45.0,affine,affine,1.0,24,23,2,0,0.0,nan,1.0,0.0,0.0,0.0,inf,inf,True,True,0.060177400009706616,0.00022149994038045406,3.920006565749645e-05,0.06043810001574457
A_orient_mod_pi,A_mare_moderate,3002,40.0,0.0,45.0,affine,affine,1.0,24,23,0,0,0.0,nan,1.0,0.0,0.0,nan,nan,nan,True,True,0.06759029999375343,0.00024349999148398638,3.270001616328955e-05,0.06786650000140071
A_orient_2pi_control,A_mare_moderate,3002,40.0,0.0,45.0,affine,affine,1.0,24,23,0,0,0.0,nan,1.0,0.0,0.0,nan,nan,nan,True,True,0.06489329994656146,0.00024280010256916285,3.0000112019479275e-05,0.0651661001611501
B_phase_congruency,A_mare_moderate,3002,40.0,0.0,45.0,affine,affine,1.0,40,9,3,3,1.0,2.842170943040401e-14,0.6150603948227474,0.03225806451612903,0.1542266640507899,0.3333333333333333,314.130642784373,719.6135955043114,True,True,1.0695594999706373,0.000251400051638484,0.04758180002681911,1.1173927000490949
C_rift2_mim,A_mare_moderate,3002,40.0,0.0,45.0,affine,affine,1.0,40,9,0,0,0.0,nan,1.0,0.0,0.0,nan,nan,nan,True,True,0.06858240009751171,0.0001778999576345086,3.0499999411404133e-05,0.06879080005455762
B1_rootsift,A_mare_moderate,3002,45.0,0.0,45.0,affine,affine,1.0,24,21,0,0,0.0,nan,1.0,0.0,0.0,nan,nan,nan,True,True,0.05875249998643994,0.0001249000197276473,3.520003519952297e-05,0.058912600041367114
B1_sift,A_mare_moderate,3002,45.0,0.0,45.0,affine,affine,1.0,24,21,1,0,0.0,nan,1.0,0.0,0.0,0.0,inf,inf,True,True,0.059919800027273595,0.0002983000595122576,3.799994010478258e-05,0.060256100026890635
A_orient_mod_pi,A_mare_moderate,3002,45.0,0.0,45.0,affine,affine,1.0,24,21,0,0,0.0,nan,1.0,0.0,0.0,nan,nan,nan,True,True,0.07174970000050962,0.00017230003140866756,3.1100003980100155e-05,0.07195310003589839
A_orient_2pi_control,A_mare_moderate,3002,45.0,0.0,45.0,affine,affine,1.0,24,21,0,0,0.0,nan,1.0,0.0,0.0,nan,nan,nan,True,True,0.06458619993645698,0.00020270003005862236,3.0199997127056122e-05,0.06481909996364266
B_phase_congruency,A_mare_moderate,3002,45.0,0.0,45.0,affine,affine,1.0,40,17,1,0,0.0,nan,1.0,0.0,0.0,0.0,inf,inf,True,True,1.07113960001152,0.00022230006288737059,4.449998959898949e-05,1.0714064000640064
C_rift2_mim,A_mare_moderate,3002,45.0,0.0,45.0,affine,affine,1.0,40,17,0,0,0.0,nan,1.0,0.0,0.0,nan,nan,nan,True,True,0.06394010002259165,0.00026730005629360676,3.0099996365606785e-05,0.06423750007525086
B1_rootsift,A_mare_moderate,3003,0.0,0.0,45.0,affine,affine,1.0,21,27,15,15,1.0,0.4672022761643861,0.44926592445536767,0.1875,0.5844817659347531,1.0,0.1835905771113083,0.39783259599593446,False,False,0.051984400022774935,0.0002297000028192997,0.04384099994786084,0.09605509997345507
B1_sift,A_mare_moderate,3003,0.0,0.0,45.0,affine,affine,1.0,21,27,15,15,1.0,0.4672022761643861,0.44926592445536767,0.1875,0.5844817659347531,1.0,0.1835905771113083,0.39783259599593446,False,False,0.04984499991405755,0.00024150009267032146,0.04313399991951883,0.0932204999262467
A_orient_mod_pi,A_mare_moderate,3003,0.0,0.0,45.0,affine,affine,1.0,21,27,9,9,1.0,0.3261453467444557,0.44926592445536767,0.140625,0.5283208335737188,1.0,0.12010199102066904,0.2714333131744322,False,False,0.06114750006236136,0.0002484999131411314,0.03935630002524704,0.10075230000074953
A_orient_2pi_control,A_mare_moderate,3003,0.0,0.0,45.0,affine,affine,1.0,21,27,10,10,1.0,0.4794461782009538,0.44926592445536767,0.140625,0.5203213491478939,1.0,0.3607493969591963,0.825346466801034,False,False,0.06944290001410991,0.0003053999971598387,0.04896689997985959,0.11871519999112934
B_phase_congruency,A_mare_moderate,3003,0.0,0.0,45.0,affine,affine,1.0,55,96,16,11,0.6875,0.7619799895708285,0.3541331555837162,0.125,0.4742251561037395,1.0,0.8732508181006546,1.4814595050415813,False,False,1.0502017000690103,0.00036880001425743103,0.03976509999483824,1.090335600078106
C_rift2_mim,A_mare_moderate,3003,0.0,0.0,45.0,affine,affine,1.0,55,96,9,7,0.7777777777777778,0.7787763100759107,0.38871058660511026,0.09375,0.42027343939055306,1.0,0.9611781523297886,1.9155002041293328,False,True,0.07200149993877858,0.00047309999354183674,0.047392900101840496,0.11986750003416091
B1_rootsift,A_mare_moderate,3003,15.0,0.0,45.0,affine,affine,1.0,21,13,5,5,1.0,0.6433835617524029,0.45026109444232776,0.06349206349206349,0.3215389139349531,1.0,0.4156810617995702,0.888108655422247,False,True,0.052233300055377185,0.0002837999491021037,0.04883940005674958,0.10135650006122887
B1_sift,A_mare_moderate,3003,15.0,0.0,45.0,affine,affine,1.0,21,13,5,4,0.8,0.6052556779566838,0.4582297468170913,0.047619047619047616,0.2509502682152612,1.0,2.7014873427236683,5.970269355036919,False,True,0.05394570005591959,0.00022409996017813683,0.04562460002489388,0.0997944000409916
A_orient_mod_pi,A_mare_moderate,3003,15.0,0.0,45.0,affine,affine,1.0,21,13,2,0,0.0,nan,1.0,0.0,0.0,0.0,inf,inf,True,True,0.0700832000002265,0.00021150009706616402,2.95999925583601e-05,0.07032430008985102
A_orient_2pi_control,A_mare_moderate,3003,15.0,0.0,45.0,affine,affine,1.0,21,13,5,5,1.0,0.5738834272004024,0.4811193511781926,0.06349206349206349,0.3215389139349531,1.0,0.1740673756379161,0.3978847381137777,False,True,0.06037830002605915,0.00027650000993162394,0.04279049998149276,0.10344530001748353
B_phase_congruency,A_mare_moderate,3003,15.0,0.0,45.0,affine,affine,1.0,55,39,9,4,0.4444444444444444,0.4401962464830518,0.4856683561548342,0.06349206349206349,0.3346003576203483,0.75,9.076800716463003,19.627715840328833,True,True,1.0404930000659078,0.00031999999191612005,0.046636999933980405,1.0874499999918044
C_rift2_mim,A_mare_moderate,3003,15.0,0.0,45.0,affine,affine,1.0,55,39,5,3,0.6,7.69663529793354e-14,0.590457106133907,0.047619047619047616,0.26516450977807016,0.3333333333333333,491.3463418491812,838.7796433901974,True,True,0.07326809992082417,0.0003795999800786376,0.048010900034569204,0.12165859993547201
B1_rootsift,A_mare_moderate,3003,18.0,0.0,45.0,affine,affine,1.0,21,17,10,9,0.9,0.8370836815523583,0.44926592445536767,0.125,0.4912837965366818,1.0,0.6328570672508964,1.3519397256291765,False,False,0.056974199949763715,0.00018370000179857016,0.043891699984669685,0.10104959993623197
B1_sift,A_mare_moderate,3003,18.0,0.0,45.0,affine,affine,1.0,21,17,9,9,1.0,0.8370836815523583,0.44926592445536767,0.125,0.4912837965366818,1.0,0.6328570672508964,1.3519397256291765,False,False,0.054366700001992285,0.00019139994401484728,0.04967510001733899,0.10423319996334612
A_orient_mod_pi,A_mare_moderate,3003,18.0,0.0,45.0,affine,affine,1.0,21,17,4,4,1.0,0.31751773676942935,0.5404038012876857,0.046875,0.25,1.0,4.300035893133517,9.928741161775541,True,True,0.061149399960413575,0.0002888999879360199,0.053314800024963915,0.11475309997331351
A_orient_2pi_control,A_mare_moderate,3003,18.0,0.0,45.0,affine,affine,1.0,21,17,8,8,1.0,0.8379237758846283,0.44926592445536767,0.109375,0.45833333333333337,1.0,0.6330746747900218,1.4478327706204288,False,True,0.06476860004477203,0.00022219994571059942,0.03994130005594343,0.10493210004642606
B_phase_congruency,A_mare_moderate,3003,18.0,0.0,45.0,affine,affine,1.0,55,67,7,7,1.0,0.6024172399076152,0.5049431488299918,0.0625,0.30706183219618477,0.8571428571428571,11.578071921495855,24.068123900621195,True,True,1.056218900019303,0.0003378000110387802,0.03956999990623444,1.0961266999365762
C_rift2_mim,A_mare_moderate,3003,18.0,0.0,45.0,affine,affine,1.0,55,67,5,3,0.6,5.684341886080802e-14,0.4834255086766069,0.046875,0.26416041678685936,0.6666666666666666,128.78631186369583,300.0354335492823,True,True,0.07056869997177273,0.0005643999902531505,0.041686999960802495,0.11282009992282838
B1_rootsift,A_mare_moderate,3003,21.0,0.0,45.0,affine,affine,1.0,21,15,5,5,1.0,0.8431014149874216,0.4424056869929235,0.0625,0.3203213491478938,0.8,2.553543702094379,4.926575023013259,False,True,0.05163839994929731,0.000188400037586689,0.05397200002335012,0.10579880001023412
B1_sift,A_mare_moderate,3003,21.0,0.0,45.0,affine,affine,1.0,21,15,6,5,0.8333333333333334,0.8431014149874216,0.4424056869929235,0.0625,0.3203213491478938,0.8,2.553543702094379,4.926575023013259,False,True,0.05267440003808588,0.00022229994647204876,0.05065280001144856,0.10354949999600649
A_orient_mod_pi,A_mare_moderate,3003,21.0,0.0,45.0,affine,affine,1.0,21,15,2,0,0.0,nan,1.0,0.0,0.0,0.0,inf,inf,True,True,0.062466699979268014,0.0003529000096023083,4.439998883754015e-05,0.06286399997770786
A_orient_2pi_control,A_mare_moderate,3003,21.0,0.0,45.0,affine,affine,1.0,21,15,7,7,1.0,0.9196045537241555,0.4424056869929235,0.09375,0.42027343939055306,0.8571428571428571,1.415709359169245,2.533964282498947,False,True,0.06005089997779578,0.00031530007254332304,0.0458199999993667,0.1061862000497058
B_phase_congruency,A_mare_moderate,3003,21.0,0.0,45.0,affine,affine,1.0,55,33,4,3,0.75,1.0583668611744345e-12,0.4971980955117946,0.03125,0.15304930567574826,0.3333333333333333,4746.943266966106,10873.035262334617,True,True,1.0430025999667123,0.00025839998852461576,0.04627560009248555,1.0895366000477225
C_rift2_mim,A_mare_moderate,3003,21.0,0.0,45.0,affine,affine,1.0,55,33,4,3,0.75,2.94910902999341e-13,0.6409451478158491,0.046875,0.26416041678685936,0.3333333333333333,1138.0424192600435,2590.880849608606,True,True,0.07482550002168864,0.00032940006349235773,0.05123999994248152,0.12639490002766252
B1_rootsift,A_mare_moderate,3003,24.0,0.0,45.0,affine,affine,1.0,21,21,10,9,0.9,0.806335363899659,0.4471438342490529,0.125,0.4912837965366818,1.0,0.5316859141564507,1.213260955163924,False,False,0.05162949999794364,0.0002552000805735588,0.04668209992814809,0.09856680000666529
B1_sift,A_mare_moderate,3003,24.0,0.0,45.0,affine,affine,1.0,21,21,8,8,1.0,0.8100941440588473,0.4471438342490529,0.109375,0.45833333333333337,1.0,0.5248279758482028,1.182207620338883,False,True,0.05066139996051788,0.000264100031927228,0.042144799954257905,0.09307029994670302
A_orient_mod_pi,A_mare_moderate,3003,24.0,0.0,45.0,affine,affine,1.0,21,21,2,0,0.0,nan,1.0,0.0,0.0,0.0,inf,inf,True,True,0.06043870002031326,0.00025919999461621046,3.329990431666374e-05,0.06073119991924614
A_orient_2pi_control,A_mare_moderate,3003,24.0,0.0,45.0,affine,affine,1.0,21,21,9,9,1.0,0.7065873092203538,0.4471438342490529,0.125,0.4912837965366818,1.0,0.43138033617312366,0.906187698337063,False,False,0.05808680003974587,0.00030149996746331453,0.049760600086301565,0.10814890009351075
B_phase_congruency,A_mare_moderate,3003,24.0,0.0,45.0,affine,affine,1.0,55,106,6,3,0.5,1.1641539584177958e-10,0.630342831722129,0.03125,0.15304930567574826,0.6666666666666666,103432.49828592062,224199.45255140285,True,True,1.0369008999550715,0.0003723000409081578,0.04604089993517846,1.0833140999311581
C_rift2_mim,A_mare_moderate,3003,24.0,0.0,45.0,affine,affine,1.0,55,106,5,3,0.6,6.431098710768743e-13,0.6588593132210059,0.015625,-0.0,0.3333333333333333,2205.3376079108366,4145.620928358484,True,True,0.07185569999273866,0.0005014999769628048,0.044921500026248395,0.11727869999594986
B1_rootsift,A_mare_moderate,3003,27.0,0.0,45.0,affine,affine,1.0,21,22,6,6,1.0,0.8688610096227687,0.46803330627344253,0.078125,0.37527152789797047,1.0,1.0371759431555287,1.8543803658930158,False,True,0.055581299937330186,0.00021269998978823423,0.04946790006943047,0.10526189999654889
B1_sift,A_mare_moderate,3003,27.0,0.0,45.0,affine,affine,1.0,21,22,6,6,1.0,0.8688610096227687,0.46803330627344253,0.078125,0.37527152789797047,1.0,1.0371759431555287,1.8543803658930158,False,True,0.04819720005616546,0.0002356999320909381,0.03888680005911738,0.08731970004737377
A_orient_mod_pi,A_mare_moderate,3003,27.0,0.0,45.0,affine,affine,1.0,21,22,1,0,0.0,nan,1.0,0.0,0.0,0.0,inf,inf,True,True,0.06347920000553131,0.00031919998582452536,3.3100019209086895e-05,0.06383150001056492
A_orient_2pi_control,A_mare_moderate,3003,27.0,0.0,45.0,affine,affine,1.0,21,22,6,5,0.8333333333333334,0.37087591978721574,0.45026109444232776,0.078125,0.38698801581456044,1.0,0.5448606255105393,1.1601874651149373,False,True,0.061795699992217124,0.0002788000274449587,0.04466549993958324,0.10673999995924532
B_phase_congruency,A_mare_moderate,3003,27.0,0.0,45.0,affine,affine,1.0,55,99,8,5,0.625,0.8138562382620822,0.475903888021185,0.046875,0.2284917657424448,0.8,70.65802579007675,146.39897969661757,True,True,1.0520791999297217,0.000596199999563396,0.039632100029848516,1.0923074999591336
C_rift2_mim,A_mare_moderate,3003,27.0,0.0,45.0,affine,affine,1.0,55,99,2,0,0.0,nan,1.0,0.0,0.0,0.0,inf,inf,True,True,0.07798859989270568,0.000797600019723177,3.560003824532032e-05,0.07882179995067418
B1_rootsift,A_mare_moderate,3003,30.0,0.0,45.0,affine,affine,1.0,21,16,1,0,0.0,nan,1.0,0.0,0.0,0.0,inf,inf,True,True,0.056670399964787066,0.00017889996524900198,3.4100026823580265e-05,0.05688339995685965
B1_sift,A_mare_moderate,3003,30.0,0.0,45.0,affine,affine,1.0,21,16,0,0,0.0,nan,1.0,0.0,0.0,nan,nan,nan,True,True,0.04665130004286766,0.00012800004333257675,3.529991954565048e-05,0.04681460000574589
A_orient_mod_pi,A_mare_moderate,3003,30.0,0.0,45.0,affine,affine,1.0,21,16,0,0,0.0,nan,1.0,0.0,0.0,nan,nan,nan,True,True,0.06396519998088479,0.00018289999570697546,4.099996294826269e-05,0.06418909993954003
A_orient_2pi_control,A_mare_moderate,3003,30.0,0.0,45.0,affine,affine,1.0,21,16,1,0,0.0,nan,1.0,0.0,0.0,0.0,inf,inf,True,True,0.06579629995394498,0.00028819998260587454,3.160000778734684e-05,0.0661160999443382
B_phase_congruency,A_mare_moderate,3003,30.0,0.0,45.0,affine,affine,1.0,55,58,7,3,0.42857142857142855,6.961868572213853e-14,0.4832957286017768,0.03125,0.15304930567574826,0.0,251.047285922265,555.1467873036088,True,True,1.0517703999066725,0.00026300002355128527,0.04928260005544871,1.1013159999856725
C_rift2_mim,A_mare_moderate,3003,30.0,0.0,45.0,affine,affine,1.0,55,58,2,0,0.0,nan,1.0,0.0,0.0,0.0,inf,inf,True,True,0.0780231999233365,0.00035089999437332153,2.880010288208723e-05,0.07840290002059191
B1_rootsift,A_mare_moderate,3003,33.0,0.0,45.0,affine,affine,1.0,21,22,0,0,0.0,nan,1.0,0.0,0.0,nan,nan,nan,True,True,0.04667570011224598,0.0001879000337794423,3.42000275850296e-05,0.04689780017361045
B1_sift,A_mare_moderate,3003,33.0,0.0,45.0,affine,affine,1.0,21,22,1,0,0.0,nan,1.0,0.0,0.0,0.0,inf,inf,True,True,0.054334099986590445,0.0002487999154254794,3.7100049667060375e-05,0.054619999951682985
A_orient_mod_pi,A_mare_moderate,3003,33.0,0.0,45.0,affine,affine,1.0,21,22,0,0,0.0,nan,1.0,0.0,0.0,nan,nan,nan,True,True,0.07118540001101792,0.0002416999777778983,4.6200002543628216e-05,0.07147329999133945
A_orient_2pi_control,A_mare_moderate,3003,33.0,0.0,45.0,affine,affine,1.0,21,22,1,0,0.0,nan,1.0,0.0,0.0,0.0,inf,inf,True,True,0.0647508999099955,0.00028650008607655764,3.369990736246109e-05,0.06507109990343451
B_phase_congruency,A_mare_moderate,3003,33.0,0.0,45.0,affine,affine,1.0,55,98,7,4,0.5714285714285714,0.46357892789005284,0.5188111786213747,0.046875,0.25,0.5,12.2727792259054,22.21146614777212,True,True,1.0490122999763116,0.0003565000370144844,0.047739800065755844,1.097108600079082
C_rift2_mim,A_mare_moderate,3003,33.0,0.0,45.0,affine,affine,1.0,55,98,4,3,0.75,4.733160493438237e-13,0.5003931830806763,0.03125,0.15304930567574826,0.0,908.118420100549,2093.3504642993285,True,True,0.07812349998857826,0.00048580009024590254,0.03737049992196262,0.11597980000078678
B1_rootsift,A_mare_moderate,3003,36.0,0.0,45.0,affine,affine,1.0,21,11,1,0,0.0,nan,1.0,0.0,0.0,0.0,inf,inf,True,True,0.05191260005813092,0.00022440007887780666,4.099996294826269e-05,0.05217800009995699
B1_sift,A_mare_moderate,3003,36.0,0.0,45.0,affine,affine,1.0,21,11,2,0,0.0,nan,1.0,0.0,0.0,0.0,inf,inf,True,True,0.053141399985179305,0.00020990008488297462,3.799994010478258e-05,0.05338930001016706
A_orient_mod_pi,A_mare_moderate,3003,36.0,0.0,45.0,affine,affine,1.0,21,11,0,0,0.0,nan,1.0,0.0,0.0,nan,nan,nan,True,True,0.0632561999373138,0.00022990000434219837,3.7400051951408386e-05,0.0635234999936074
A_orient_2pi_control,A_mare_moderate,3003,36.0,0.0,45.0,affine,affine,1.0,21,11,2,0,0.0,nan,1.0,0.0,0.0,0.0,inf,inf,True,True,0.06447590002790093,0.00021770002786070108,2.9999995604157448e-05,0.06472360005136579
B_phase_congruency,A_mare_moderate,3003,36.0,0.0,45.0,affine,affine,1.0,55,40,3,3,1.0,4.0194366942304644e-14,0.38628228385622426,0.04838709677419355,0.2661925166888178,0.0,226.15524095819978,352.1929521516681,True,True,1.038143099984154,0.00024449999909847975,0.037621700088493526,1.076009300071746
C_rift2_mim,A_mare_moderate,3003,36.0,0.0,45.0,affine,affine,1.0,55,40,3,3,1.0,4.34148782816222e-14,0.47451604091988064,0.04838709677419355,0.2661925166888178,0.0,286.3092425179321,608.4521199237802,True,True,0.06858610000927001,0.00031859998125582933,0.04142449994105846,0.1103291999315843
B1_rootsift,A_mare_moderate,3003,40.0,0.0,45.0,affine,affine,1.0,21,20,1,0,0.0,nan,1.0,0.0,0.0,0.0,inf,inf,True,True,0.04921880003530532,0.00022170005831867456,4.099996294826269e-05,0.04948150005657226
B1_sift,A_mare_moderate,3003,40.0,0.0,45.0,affine,affine,1.0,21,20,1,0,0.0,nan,1.0,0.0,0.0,0.0,inf,inf,True,True,0.048234399990178645,0.00020779995247721672,3.490003291517496e-05,0.048477099975571036
A_orient_mod_pi,A_mare_moderate,3003,40.0,0.0,45.0,affine,affine,1.0,21,20,0,0,0.0,nan,1.0,0.0,0.0,nan,nan,nan,True,True,0.05991760001052171,0.00022849999368190765,3.130000550299883e-05,0.060177400009706616
A_orient_2pi_control,A_mare_moderate,3003,40.0,0.0,45.0,affine,affine,1.0,21,20,1,0,0.0,nan,1.0,0.0,0.0,0.0,inf,inf,True,True,0.06583939993288368,0.0002725999802350998,3.570003900676966e-05,0.06614769995212555
B_phase_congruency,A_mare_moderate,3003,40.0,0.0,45.0,affine,affine,1.0,55,56,7,3,0.42857142857142855,5.684341886080802e-14,0.48939629627636927,0.03125,0.15304930567574826,0.3333333333333333,92.22410362174622,211.81477402116502,True,True,1.049615400028415,0.0003138999454677105,0.0483416001079604,1.0982709000818431
C_rift2_mim,A_mare_moderate,3003,40.0,0.0,45.0,affine,affine,1.0,55,56,1,0,0.0,nan,1.0,0.0,0.0,0.0,inf,inf,True,True,0.06493009999394417,0.0003519000019878149,3.029999788850546e-05,0.06531229999382049
B1_rootsift,A_mare_moderate,3003,45.0,0.0,45.0,affine,affine,1.0,21,19,1,0,0.0,nan,1.0,0.0,0.0,0.0,inf,inf,True,True,0.04864679998718202,0.00017570005729794502,3.300001844763756e-05,0.048855500062927604
B1_sift,A_mare_moderate,3003,45.0,0.0,45.0,affine,affine,1.0,21,19,1,0,0.0,nan,1.0,0.0,0.0,0.0,inf,inf,True,True,0.046529100043699145,0.00020979996770620346,3.5100034438073635e-05,0.04677400004584342
A_orient_mod_pi,A_mare_moderate,3003,45.0,0.0,45.0,affine,affine,1.0,21,19,0,0,0.0,nan,1.0,0.0,0.0,nan,nan,nan,True,True,0.06482780002988875,0.0002215999411419034,2.8799986466765404e-05,0.06507819995749742
A_orient_2pi_control,A_mare_moderate,3003,45.0,0.0,45.0,affine,affine,1.0,21,19,0,0,0.0,nan,1.0,0.0,0.0,nan,nan,nan,True,True,0.05706290004309267,0.00025049992837011814,3.300001844763756e-05,0.057346399989910424
B_phase_congruency,A_mare_moderate,3003,45.0,0.0,45.0,affine,affine,1.0,55,59,3,3,1.0,9.282491429618473e-14,0.4949458367270128,0.046875,0.26416041678685936,0.0,211.23758255470636,399.2228935828242,True,True,1.0476829999824986,0.0003046999918296933,0.04804879997391254,1.0960364999482408
C_rift2_mim,A_mare_moderate,3003,45.0,0.0,45.0,affine,affine,1.0,55,59,2,0,0.0,nan,1.0,0.0,0.0,0.0,inf,inf,True,True,0.07099220005329698,0.0003915999550372362,3.090000245720148e-05,0.07141470001079142
B1_rootsift,A_highlands_moderate,3001,0.0,0.0,45.0,affine,affine,1.0,1469,1504,989,986,0.9969666329625885,0.5043097877086427,0.05368627116689663,1.0,0.987522869839745,1.0,0.03804816106074871,0.05426797848496094,False,False,0.07955939997918904,0.025684099993668497,0.05714489996898919,0.16238839994184673
B1_sift,A_highlands_moderate,3001,0.0,0.0,45.0,affine,affine,1.0,1469,1504,987,983,0.9959473150962512,0.5069283006416007,0.05368627116689663,1.0,0.9881653961564344,1.0,0.03765023147802472,0.04452349095505161,False,False,0.07323839992750436,0.02669389999937266,0.06771780003327876,0.16765009996015579
A_orient_mod_pi,A_highlands_moderate,3001,0.0,0.0,45.0,affine,affine,1.0,1469,1504,675,675,1.0,0.49163916897942683,0.0679083583875276,1.0,0.985758914512568,1.0,0.049812795945357306,0.07125205453645334,False,False,0.4491109000518918,0.027742300066165626,0.05782520002685487,0.5346784001449123
A_orient_2pi_control,A_highlands_moderate,3001,0.0,0.0,45.0,affine,affine,1.0,1469,1504,732,731,0.9986338797814208,0.5234933819929444,0.0679083583875276,1.0,0.9881189574262865,1.0,0.03990663359081173,0.061187179294198535,False,False,0.44772269995883107,0.02589539997279644,0.044705400010570884,0.5183234999421984
B_phase_congruency,A_highlands_moderate,3001,0.0,0.0,45.0,affine,affine,1.0,1529,1552,564,562,0.9964539007092199,0.8044020801309489,0.08077115843370221,0.984375,0.9589994469789245,1.0,0.150030259858816,0.2216713760447119,False,False,1.0962620000354946,0.027541100047528744,0.04603510000742972,1.169838200090453
C_rift2_mim,A_highlands_moderate,3001,0.0,0.0,45.0,affine,affine,1.0,1529,1552,187,175,0.9358288770053476,0.9811698189841304,0.11849673742139018,0.90625,0.9230318373082254,0.9942857142857143,0.645808541455916,1.107904731640625,False,False,0.17871130001731217,0.045738699962385,0.05678600003011525,0.2812360000098124
B1_rootsift,A_highlands_moderate,3001,15.0,0.0,45.0,affine,affine,1.0,1469,1342,417,411,0.9856115107913669,1.0910468488642302,0.08842670232473775,0.96875,0.9605762535982829,0.9878345498783455,0.4432355527387287,0.792070483935006,False,False,0.07788809994235635,0.02277939999476075,0.04899380006827414,0.14966130000539124
B1_sift,A_highlands_moderate,3001,15.0,0.0,45.0,affine,affine,1.0,1469,1342,383,370,0.9660574412532638,1.094288609427571,0.08842670232473775,0.953125,0.9578039091956817,0.9918918918918919,0.6045283934621892,0.7876144834859136,False,False,0.0745316999964416,0.022113400045782328,0.05940769996959716,0.1560528000118211
A_orient_mod_pi,A_highlands_moderate,3001,15.0,0.0,45.0,affine,affine,1.0,1469,1342,195,195,1.0,1.0001627591265059,0.10416666666666669,0.921875,0.9309095798001117,0.9948717948717949,0.2763135448833248,0.6110705185927207,False,False,0.4075203000102192,0.023378700017929077,0.04184389999136329,0.4727429000195116
A_orient_2pi_control,A_highlands_moderate,3001,15.0,0.0,45.0,affine,affine,1.0,1469,1342,564,555,0.9840425531914894,0.9949697500532855,0.07683395047881214,0.984375,0.9775454569751291,0.9981981981981982,0.0813826034371764,0.18497840317543057,False,False,0.4064998000394553,0.024065100005827844,0.04927370010409504,0.4798386001493782
B_phase_congruency,A_highlands_moderate,3001,15.0,0.0,45.0,affine,affine,1.0,1529,1393,152,152,1.0,1.3627860845788138,0.12517619959952675,0.765625,0.8749872470809688,0.993421052631579,0.8332394619351513,1.523813065298351,False,False,1.0929754000389948,0.02505980001296848,0.047540799947455525,1.1655759999994189
C_rift2_mim,A_highlands_moderate,3001,15.0,0.0,45.0,affine,affine,1.0,1529,1393,109,100,0.9174311926605505,1.064333106467384,0.18796960867311033,0.65625,0.8617122875686353,1.0,0.21324422643451568,0.36116597167927816,False,False,0.1675598000874743,0.040708100073970854,0.054292800021357834,0.262560700182803
B1_rootsift,A_highlands_moderate,3001,18.0,0.0,45.0,affine,affine,1.0,1469,1523,137,128,0.9343065693430657,1.2548270656378422,0.11200944358128422,0.78125,0.9054681642027401,0.9921875,0.44734282407960635,1.0077103412028203,False,False,0.08480940002482384,0.026913900044746697,0.04897000000346452,0.16069330007303506
B1_sift,A_highlands_moderate,3001,18.0,0.0,45.0,affine,affine,1.0,1469,1523,127,115,0.905511811023622,1.3633048850552112,0.10611779458754786,0.75,0.8980673455158914,0.9826086956521739,0.6656643520372745,1.451630722273647,False,False,0.07698669994715601,0.030865699984133244,0.043062200071290135,0.1509146000025794
A_orient_mod_pi,A_highlands_moderate,3001,18.0,0.0,45.0,affine,affine,1.0,1469,1523,25,25,1.0,1.0921300381286927,0.26303372493159294,0.25,0.6439108649336079,1.0,0.24361180596506177,0.5746932595781683,False,False,0.4606280999723822,0.026482600020244718,0.04752560006454587,0.5346363000571728
A_orient_2pi_control,A_highlands_moderate,3001,18.0,0.0,45.0,affine,affine,1.0,1469,1523,220,218,0.990909090909091,0.9905231589764701,0.11440563873171249,0.9375,0.9493377621747894,1.0,0.0492908989883369,0.0956856180731907,False,False,0.42548079998232424,0.02646750002168119,0.05079949996434152,0.502747799968347
B_phase_congruency,A_highlands_moderate,3001,18.0,0.0,45.0,affine,affine,1.0,1529,1660,37,34,0.918918918918919,0.9791867677824586,0.21316818202566024,0.328125,0.706955142648765,1.0,0.5253481508477196,0.9804704616223289,False,False,1.1084712999872863,0.028435999993234873,0.05290380003862083,1.189811100019142
C_rift2_mim,A_highlands_moderate,3001,18.0,0.0,45.0,affine,affine,1.0,1529,1660,22,7,0.3181818181818182,0.9403369804352236,0.4565840196654816,0.109375,0.4678924870096007,1.0,0.8967334829543621,1.9140165503421038,False,True,0.16973419999703765,0.047532600001432,0.0874624999705702,0.30472929996903986
B1_rootsift,A_highlands_moderate,3001,21.0,0.0,45.0,affine,affine,1.0,1469,1657,284,282,0.9929577464788732,1.1740675371931182,0.09729969631390316,0.96875,0.9624884098180676,0.9893617021276596,0.5257205884419736,1.1088003936340558,False,False,0.08338399999774992,0.02771339996252209,0.058753699995577335,0.16985109995584935
B1_sift,A_highlands_moderate,3001,21.0,0.0,45.0,affine,affine,1.0,1469,1657,250,244,0.976,1.2059157496369484,0.13259530852188509,0.90625,0.9454201687782883,0.9918032786885246,0.61649038870007,1.110108591957222,False,False,0.07700960000511259,0.027482799952849746,0.061115700053051114,0.16560810001101345
A_orient_mod_pi,A_highlands_moderate,3001,21.0,0.0,45.0,affine,affine,1.0,1469,1657,73,73,1.0,0.8866345848473883,0.16479458027870977,0.640625,0.854129193690381,0.9863013698630136,0.18208874880199638,0.4056448370090948,False,False,0.4374780999496579,0.02878439996857196,0.043609100044704974,0.5098715999629349
A_orient_2pi_control,A_highlands_moderate,3001,21.0,0.0,45.0,affine,affine,1.0,1469,1657,462,460,0.9956709956709957,0.9935570829650524,0.0679083583875276,1.0,0.9849826417067123,0.9978260869565218,0.05066934928347995,0.08564812055929215,False,False,0.4436838000547141,0.02790040010586381,0.06422980001661927,0.5358140001771972
B_phase_congruency,A_highlands_moderate,3001,21.0,0.0,45.0,affine,affine,1.0,1529,1769,79,73,0.9240506329113924,0.9193658360816399,0.15113143883903032,0.59375,0.8309156297656339,1.0,0.15377959115719061,0.357940480159541,False,False,1.078053000033833,0.03569060005247593,0.05185579997487366,1.1655994000611827
C_rift2_mim,A_highlands_moderate,3001,21.0,0.0,45.0,affine,affine,1.0,1529,1769,42,34,0.8095238095238095,1.1976197423361292,0.2809906694063039,0.375,0.7247760839399403,0.9705882352941176,0.6664773400738315,1.5332984811882286,False,False,0.1964396999683231,0.05376729997806251,0.04694370005745441,0.29715070000384003
B1_rootsift,A_highlands_moderate,3001,24.0,0.0,45.0,affine,affine,1.0,1469,1391,427,417,0.9765807962529274,1.1162409917499572,0.0908477267839188,0.96875,0.9605904724132399,0.9952038369304557,0.38066880431109357,0.8037404023364827,False,False,0.08183039992582053,0.02357230009511113,0.0513285999186337,0.15673129993956536
B1_sift,A_highlands_moderate,3001,24.0,0.0,45.0,affine,affine,1.0,1469,1391,392,379,0.9668367346938775,1.0102086758564945,0.0908477267839188,0.953125,0.9576264719381596,1.0,0.053680719778589396,0.0803599098155136,False,False,0.08633169997483492,0.024413400096818805,0.046979299979284406,0.15772440005093813
A_orient_mod_pi,A_highlands_moderate,3001,24.0,0.0,45.0,affine,affine,1.0,1469,1391,71,71,1.0,0.6741087704506211,0.1605844124304255,0.640625,0.8623188567363573,1.0,0.1268945917362087,0.14447257085084372,False,False,0.4228448000503704,0.026458899956196547,0.04400660004466772,0.49331030005123466
A_orient_2pi_control,A_highlands_moderate,3001,24.0,0.0,45.0,affine,affine,1.0,1469,1391,523,520,0.994263862332696,0.9664092431946155,0.06948783366732465,1.0,0.9803366947552152,1.0,0.07149505222790395,0.12825851142787204,False,False,0.41861230006907135,0.024923999910242856,0.04858349997084588,0.4921197999501601
B_phase_congruency,A_highlands_moderate,3001,24.0,0.0,45.0,affine,affine,1.0,1529,1488,161,151,0.937888198757764,0.9147003672944131,0.13586664021609982,0.8125,0.8919955087894261,0.9933774834437086,0.12453040570368773,0.16414988780634882,False,False,1.1180098000913858,0.029789299936965108,0.05896940000820905,1.20676850003656
C_rift2_mim,A_highlands_moderate,3001,24.0,0.0,45.0,affine,affine,1.0,1529,1488,16,9,0.5625,1.3841451096578068,0.35725522165921914,0.09375,0.4032303242743953,0.8888888888888888,1.193565710020865,2.0917499578791308,False,False,0.17156229994725436,0.04662329994607717,0.04702940001152456,0.2652149999048561
B1_rootsift,A_highlands_moderate,3001,27.0,0.0,45.0,affine,affine,1.0,1469,1177,66,61,0.9242424242424242,1.3833911194814594,0.17329941637816873,0.5161290322580645,0.804574050917322,0.9672131147540983,0.7210165889744212,1.6337842154055462,False,False,0.08391200006008148,0.01989769993815571,0.05573829996865243,0.15954799996688962
B1_sift,A_highlands_moderate,3001,27.0,0.0,45.0,affine,affine,1.0,1469,1177,65,56,0.8615384615384616,1.4354262266904527,0.17325049352583227,0.5483870967741935,0.8137645359367339,0.9642857142857143,0.8917197965644552,2.011091727903728,False,False,0.07593380007892847,0.023746400023810565,0.049843600019812584,0.14952380012255162
A_orient_mod_pi,A_highlands_moderate,3001,27.0,0.0,45.0,affine,affine,1.0,1469,1177,12,12,1.0,0.8031016273044324,0.270112472153448,0.1774193548387097,0.5740986114433948,1.0,0.29670427276398836,0.5681772011348651,False,False,0.4084791000932455,0.021462099975906312,0.04912310000509024,0.47906430007424206
A_orient_2pi_control,A_highlands_moderate,3001,27.0,0.0,45.0,affine,affine,1.0,1469,1177,194,190,0.979381443298969,1.2640745910071711,0.10021813231715551,0.8225806451612904,0.9103440473677276,0.9842105263157894,0.7274517714435778,1.2226836307631581,False,False,0.41238740005064756,0.02004920004401356,0.04231279995292425,0.47474940004758537
B_phase_congruency,A_highlands_moderate,3001,27.0,0.0,45.0,affine,affine,1.0,1529,1032,31,26,0.8387096774193549,1.1963368960197027,0.18645724219885582,0.3064516129032258,0.6892466583816267,1.0,0.3673935712600471,0.5252630080957319,False,False,1.088765799999237,0.017751600011251867,0.04503360006492585,1.1515510000754148
C_rift2_mim,A_highlands_moderate,3001,27.0,0.0,45.0,affine,affine,1.0,1529,1032,17,9,0.5294117647058824,1.0207465861290432,0.38067626028893564,0.11290322580645161,0.4577411316189505,1.0,0.876366484297043,1.9536134481745284,False,False,0.15269210003316402,0.031071200035512447,0.04959359997883439,0.23335690004751086
B1_rootsift,A_highlands_moderate,3001,30.0,0.0,45.0,affine,affine,1.0,1469,1368,163,155,0.950920245398773,1.0534442945103872,0.10681845990621712,0.8709677419354839,0.926932324808099,0.9806451612903225,0.12987555151105512,0.28613812454257725,False,False,0.0862601000117138,0.026106800069101155,0.056763999979011714,0.16913090005982667
B1_sift,A_highlands_moderate,3001,30.0,0.0,45.0,affine,affine,1.0,1469,1368,144,134,0.9305555555555556,1.0558858736791046,0.10831580387023658,0.8225806451612904,0.9168780790617781,0.9850746268656716,0.2714355627375823,0.6257185174658544,False,False,0.07596160005778074,0.023592000012286007,0.05010349990334362,0.14965709997341037
A_orient_mod_pi,A_highlands_moderate,3001,30.0,0.0,45.0,affine,affine,1.0,1469,1368,6,6,1.0,0.59060237930992,0.3511764856096417,0.0967741935483871,0.43414129564585974,1.0,0.6800092567586067,1.3998922680867054,False,True,0.4335956999566406,0.024633900029584765,0.04260199994314462,0.50083159992937
A_orient_2pi_control,A_highlands_moderate,3001,30.0,0.0,45.0,affine,affine,1.0,1469,1368,245,244,0.9959183673469387,0.9314809152317148,0.10656420555005275,0.9354838709677419,0.9512860375475392,1.0,0.10084793917101065,0.20271936192591206,False,False,0.4326848000055179,0.024057699949480593,0.04221260000485927,0.49895509995985776
B_phase_congruency,A_highlands_moderate,3001,30.0,0.0,45.0,affine,affine,1.0,1529,1442,74,68,0.918918918918919,1.0083186287970751,0.17945146030585202,0.5967741935483871,0.8185481369567276,1.0,0.22960672071546168,0.3492934936844315,False,False,1.1098571999464184,0.025983400060795248,0.04981559992302209,1.1856561999302357
C_rift2_mim,A_highlands_moderate,3001,30.0,0.0,45.0,affine,affine,1.0,1529,1442,9,3,0.3333333333333333,3.669226909823367e-14,0.48919879069171474,0.04838709677419355,0.2661925166888178,0.3333333333333333,140.42255441936635,292.2177773657012,True,True,0.18593320006038994,0.045717099914327264,0.09515250008553267,0.32680280006024987
B1_rootsift,A_highlands_moderate,3001,33.0,0.0,45.0,affine,affine,1.0,1469,1180,13,3,0.23076923076923078,1.3127425272378462e-13,0.5086198176669988,0.03389830508474576,0.169991616286914,0.0,572.3691057537516,1270.381105044542,True,True,0.07576260005589575,0.019557799911126494,0.26525410008616745,0.3605745000531897
B1_sift,A_highlands_moderate,3001,33.0,0.0,45.0,affine,affine,1.0,1469,1180,15,3,0.2,7.69663529793354e-14,0.5114420238828667,0.03389830508474576,0.169991616286914,0.0,278.0617470334472,401.0089777310451,True,True,0.0752088000299409,0.01986380002927035,0.38296099996659905,0.4780336000258103
A_orient_mod_pi,A_highlands_moderate,3001,33.0,0.0,45.0,affine,affine,1.0,1469,1180,1,0,0.0,nan,1.0,0.0,0.0,0.0,inf,inf,True,True,0.41815090004820377,0.022698899963870645,4.499999340623617e-05,0.44089480000548065
A_orient_2pi_control,A_highlands_moderate,3001,33.0,0.0,45.0,affine,affine,1.0,1469,1180,14,14,1.0,1.29581400113293,0.29428235596909685,0.1694915254237288,0.5409143114854473,0.9285714285714286,0.7387292598497155,1.636031563240204,False,False,0.42066699999850243,0.019579799962230027,0.04378020006697625,0.4840270000277087
B_phase_congruency,A_highlands_moderate,3001,33.0,0.0,45.0,affine,affine,1.0,1529,1135,11,5,0.45454545454545453,0.6571597317250831,0.5861400113003908,0.06779661016949153,0.3267116632371322,1.0,0.9275175548992158,1.6874215548884748,False,True,1.1106374999508262,0.01935439999215305,0.042473800014704466,1.1724656999576837
C_rift2_mim,A_highlands_moderate,3001,33.0,0.0,45.0,affine,affine,1.0,1529,1135,4,3,0.75,6.355287432313019e-14,0.36925026388409293,0.05084745762711865,0.2694303372517384,0.0,206.91236481092585,401.36708636862124,True,True,0.15123469999525696,0.035083399969153106,0.04755530005786568,0.23387340002227575
B1_rootsift,A_highlands_moderate,3001,36.0,0.0,45.0,affine,affine,1.0,1469,1580,13,3,0.23076923076923078,1.1368683772161603e-13,0.5948825319166079,0.046875,0.26416041678685936,0.3333333333333333,538.3816745806733,1188.5645665351417,True,True,0.07581629999913275,0.02764810004737228,0.254826599964872,0.35829100001137704
B1_sift,A_highlands_moderate,3001,36.0,0.0,45.0,affine,affine,1.0,1469,1580,14,4,0.2857142857142857,6.194367960490402e-14,0.4847179005796682,0.046875,0.25,0.25,70.15610715660225,120.70163529988479,True,True,0.08023630001116544,0.028329199994914234,0.1403203000081703,0.24888580001424998
A_orient_mod_pi,A_highlands_moderate,3001,36.0,0.0,45.0,affine,affine,1.0,1469,1580,1,0,0.0,nan,1.0,0.0,0.0,0.0,inf,inf,True,True,0.44151380006223917,0.02771769999526441,2.8999987989664078e-05,0.46926050004549325
A_orient_2pi_control,A_highlands_moderate,3001,36.0,0.0,45.0,affine,affine,1.0,1469,1580,19,19,1.0,0.9617820302404408,0.2876396098225849,0.1875,0.5535173884297484,1.0,0.4817528940204523,0.948033571680693,False,False,0.4342187999282032,0.02669730002526194,0.05600119999144226,0.5169172999449074
B_phase_congruency,A_highlands_moderate,3001,36.0,0.0,45.0,affine,affine,1.0,1529,1666,15,7,0.4666666666666667,0.9302124952617463,0.37005290801573604,0.09375,0.42027343939055306,1.0,0.8617702611424868,1.766677227343261,False,True,1.079831299954094,0.028621000004932284,0.04756890004500747,1.1560212000040337
C_rift2_mim,A_highlands_moderate,3001,36.0,0.0,45.0,affine,affine,1.0,1529,1666,8,3,0.375,0.0,0.5194578190587279,0.046875,0.26416041678685936,0.3333333333333333,173.82173662922287,312.60350894911295,True,True,0.17482630000449717,0.049881599959917367,0.05716940003912896,0.2818773000035435
B1_rootsift,A_highlands_moderate,3001,40.0,0.0,45.0,affine,affine,1.0,1469,1385,16,4,0.25,0.479268528791547,0.36800846462373965,0.0625,0.33333333333333337,0.75,2.235302966594677,5.337044091301141,False,True,0.07991880003828555,0.023785099969245493,0.1979381999699399,0.30164209997747093
B1_sift,A_highlands_moderate,3001,40.0,0.0,45.0,affine,affine,1.0,1469,1385,16,4,0.25,0.9886155708407336,0.4184410461118514,0.046875,0.25,0.0,216.51500240651524,326.1315688450385,True,True,0.07993850007187575,0.02266519994009286,0.19068750005681068,0.2932912000687793
A_orient_mod_pi,A_highlands_moderate,3001,40.0,0.0,45.0,affine,affine,1.0,1469,1385,0,0,0.0,nan,1.0,0.0,0.0,nan,nan,nan,True,True,0.4316370999440551,0.023154099937528372,4.360009916126728e-05,0.4548347999807447
A_orient_2pi_control,A_highlands_moderate,3001,40.0,0.0,45.0,affine,affine,1.0,1469,1385,15,15,1.0,1.017714889176079,0.3590776623212937,0.171875,0.5622595437125308,1.0,0.4399696300739881,1.014194378708408,False,False,0.45119179994799197,0.0243443000363186,0.04514419997576624,0.5206802999600768
B_phase_congruency,A_highlands_moderate,3001,40.0,0.0,45.0,affine,affine,1.0,1529,1446,9,3,0.3333333333333333,1.863736123454487e-13,0.5655090475455744,0.046875,0.26416041678685936,0.3333333333333333,865.9747651578109,2020.7577312592305,True,True,1.080376400030218,0.024999500019475818,0.08406619995366782,1.1894421000033617
C_rift2_mim,A_highlands_moderate,3001,40.0,0.0,45.0,affine,affine,1.0,1529,1446,5,3,0.6,2.6254850544756925e-13,0.6261491172347757,0.046875,0.26416041678685936,0.0,569.8344645357784,1193.2725402649057,True,True,0.17343879991676658,0.04722609999589622,0.05158670002128929,0.2722515999339521
B1_rootsift,A_highlands_moderate,3001,45.0,0.0,45.0,affine,affine,1.0,1469,1413,9,3,0.3333333333333333,3.8272692633207645e-13,0.6476081334324386,0.046875,0.26416041678685936,0.3333333333333333,855.9203793254695,1727.9694359360087,True,True,0.07631040003616363,0.02293239999562502,0.0723361000418663,0.17157890007365495
B1_sift,A_highlands_moderate,3001,45.0,0.0,45.0,affine,affine,1.0,1469,1413,8,3,0.375,4.9906881603821014e-14,0.5043283250639464,0.046875,0.26416041678685936,0.0,376.9918411645137,592.5881695436017,True,True,0.0739255000371486,0.022976399981416762,0.05546559998765588,0.15236750000622123
A_orient_mod_pi,A_highlands_moderate,3001,45.0,0.0,45.0,affine,affine,1.0,1469,1413,0,0,0.0,nan,1.0,0.0,0.0,nan,nan,nan,True,True,0.4186978000216186,0.011654000030830503,3.2199895940721035e-05,0.43038399994838983
A_orient_2pi_control,A_highlands_moderate,3001,45.0,0.0,45.0,affine,affine,1.0,1469,1413,5,5,1.0,0.8515741548690913,0.4333336463340216,0.0625,0.3203213491478938,1.0,0.42629549624630914,0.8965919394936818,False,True,0.4249491000082344,0.024145999923348427,0.049590200069360435,0.49868530000094324
B_phase_congruency,A_highlands_moderate,3001,45.0,0.0,45.0,affine,affine,1.0,1529,1476,6,3,0.5,1.3531440247604773e-13,0.6801263749118207,0.046875,0.26416041678685936,0.0,574.2025844346658,1013.9632076362807,True,True,1.103201900026761,0.025490500032901764,0.04499610001221299,1.1736885000718758
C_rift2_mim,A_highlands_moderate,3001,45.0,0.0,45.0,affine,affine,1.0,1529,1476,6,3,0.5,1.476835343142577e-13,0.45331204233474154,0.046875,0.26416041678685936,0.0,340.76230931135535,663.9009227286367,True,True,0.16932190000079572,0.0487979999743402,0.048643700079992414,0.26676360005512834
B1_rootsift,A_highlands_moderate,3002,0.0,0.0,45.0,affine,affine,1.0,1472,1667,1159,1159,1.0,0.1933961037643394,0.04088624601069683,1.0,0.994320463039213,1.0,0.018856981651841086,0.02725273058206476,False,False,0.07979270000942051,0.030616799951530993,0.06761570007074624,0.17802520003169775
B1_sift,A_highlands_moderate,3002,0.0,0.0,45.0,affine,affine,1.0,1472,1667,1168,1168,1.0,0.195420516189152,0.04088624601069683,1.0,0.9944806987818752,1.0,0.017490934500740497,0.028745239161926613,False,False,0.0805191999534145,0.029055300052277744,0.05366860004141927,0.1632431000471115
A_orient_mod_pi,A_highlands_moderate,3002,0.0,0.0,45.0,affine,affine,1.0,1472,1667,770,770,1.0,0.1999591516687005,0.05684604154412259,1.0,0.9938042331119129,1.0,0.01889071172396649,0.03191346990593785,False,False,0.45070569997187704,0.030062299920246005,0.054141800035722554,0.5349097999278456
A_orient_2pi_control,A_highlands_moderate,3002,0.0,0.0,45.0,affine,affine,1.0,1472,1667,777,777,1.0,0.20161552061317228,0.05684604154412259,1.0,0.9938057175685913,1.0,0.01988753632048209,0.034823386217236435,False,False,0.5094213000265881,0.03642499994020909,0.09659790003206581,0.642444199998863
B_phase_congruency,A_highlands_moderate,3002,0.0,0.0,45.0,affine,affine,1.0,1501,1772,823,821,0.9975698663426489,0.5469058084488925,0.0912945215779068,1.0,0.9830449062232024,1.0,0.03723437150316358,0.07485018810402033,False,False,1.3078609999502078,0.03538230003323406,0.08970029989723116,1.432943599880673
C_rift2_mim,A_highlands_moderate,3002,0.0,0.0,45.0,affine,affine,1.0,1501,1772,520,515,0.9903846153846154,0.9783919632839834,0.07254368894366729,1.0,0.9860082034634727,0.9980582524271845,0.6875865297761228,1.2443455497863334,False,False,0.20174039993435144,0.07373639999423176,0.07498350006062537,0.3504602999892086
B1_rootsift,A_highlands_moderate,3002,15.0,0.0,45.0,affine,affine,1.0,1472,1444,646,643,0.9953560371517027,0.8697226610824403,0.060318931364064944,1.0,0.9861510394449418,0.9984447900466563,0.33225989107252585,0.561163302013292,False,False,0.0887756000738591,0.03040740010328591,0.07729879999533296,0.19648180017247796
B1_sift,A_highlands_moderate,3002,15.0,0.0,45.0,affine,affine,1.0,1472,1444,609,608,0.9983579638752053,0.7746077617040877,0.07296315482355158,1.0,0.9849741659884858,1.0,0.015729438302075814,0.02805811054924611,False,False,0.09610419999808073,0.02909429999999702,0.0866064999718219,0.21180499996989965
A_orient_mod_pi,A_highlands_moderate,3002,15.0,0.0,45.0,affine,affine,1.0,1472,1444,438,438,1.0,0.6834657204718428,0.0741158826601964,1.0,0.9819693934965246,1.0,0.028096209039112082,0.05507121432320156,False,False,0.4602453000843525,0.02766180003527552,0.06440150004345924,0.5523086001630872
A_orient_2pi_control,A_highlands_moderate,3002,15.0,0.0,45.0,affine,affine,1.0,1472,1444,638,636,0.9968652037617555,1.054237144922034,0.04716346426113238,1.0,0.9892708484591679,0.9968553459119497,0.6458964483295937,1.0077001546371342,False,False,0.47501040005590767,0.02803680009674281,0.06206529994960874,0.5651125001022592
B_phase_congruency,A_highlands_moderate,3002,15.0,0.0,45.0,affine,affine,1.0,1501,1490,253,247,0.9762845849802372,1.2360122159615827,0.11019349006060256,0.96875,0.9433903422149407,0.9878542510121457,0.7197311210052668,1.0693794442731621,False,False,1.2836461999686435,0.031542700016871095,0.05200079991482198,1.3671896999003366
C_rift2_mim,A_highlands_moderate,3002,15.0,0.0,45.0,affine,affine,1.0,1501,1490,146,136,0.9315068493150684,1.0097182587065119,0.14965464076244384,0.875,0.9276015850316786,1.0,0.17385401831555006,0.3203646449944385,False,False,0.2001713999779895,0.05123430001549423,0.06717559997923672,0.31858129997272044
B1_rootsift,A_highlands_moderate,3002,18.0,0.0,45.0,affine,affine,1.0,1472,1676,320,319,0.996875,1.077415007331718,0.0848854479844095,1.0,0.9594315883199557,0.9937304075235109,0.5245949378129824,1.0969528366159254,False,False,0.09336099994834512,0.035363900009542704,0.05415560002438724,0.18288049998227507
B1_sift,A_highlands_moderate,3002,18.0,0.0,45.0,affine,affine,1.0,1472,1676,277,275,0.9927797833935018,0.8541699855911065,0.08968320498813837,1.0,0.9578060479453911,1.0,0.0330071134952883,0.05527287994793423,False,False,0.09012750000692904,0.0318142999894917,0.04367510008160025,0.165616900078021
A_orient_mod_pi,A_highlands_moderate,3002,18.0,0.0,45.0,affine,affine,1.0,1472,1676,121,121,1.0,0.6756475434393517,0.15837316179433975,0.859375,0.9228759280759656,1.0,0.057624662227118914,0.12037506771743821,False,False,0.49034310004208237,0.027833799947984517,0.03981119999662042,0.5579880999866873
A_orient_2pi_control,A_highlands_moderate,3002,18.0,0.0,45.0,affine,affine,1.0,1472,1676,552,550,0.9963768115942029,0.9094108245824684,0.06252712085178631,1.0,0.988957879954384,1.0,0.06281594634640822,0.11328463309763953,False,False,0.49109339993447065,0.029215299990028143,0.06311099999584258,0.5834196999203414
B_phase_congruency,A_highlands_moderate,3002,18.0,0.0,45.0,affine,affine,1.0,1501,1756,128,123,0.9609375,0.9917853820600131,0.1474174564528024,0.703125,0.875836233965782,1.0,0.2061305638384398,0.304874772852751,False,False,1.1621941999765113,0.03221790003590286,0.05737309996038675,1.251785199972801
C_rift2_mim,A_highlands_moderate,3002,18.0,0.0,45.0,affine,affine,1.0,1501,1756,81,73,0.9012345679012346,1.2600759297165456,0.18079744747614357,0.546875,0.8066846296467135,1.0,0.274473124440239,0.43858677869768475,False,False,0.1879388999659568,0.06324320007115602,0.07641799992416054,0.32760009996127337
B1_rootsift,A_highlands_moderate,3002,21.0,0.0,45.0,affine,affine,1.0,1472,1281,330,318,0.9636363636363636,1.219070109746496,0.08276171136495158,0.9365079365079365,0.9351993791317955,0.9874213836477987,0.6059833921525956,1.4676955248491774,False,False,0.0829391999868676,0.027137600001879036,0.058999900007620454,0.1690766999963671
B1_sift,A_highlands_moderate,3002,21.0,0.0,45.0,affine,affine,1.0,1472,1281,292,286,0.9794520547945206,1.081323445717247,0.08276171136495158,0.9206349206349206,0.9343193548433655,0.9895104895104895,0.3646138655765051,0.8475982307315248,False,False,0.0832135999808088,0.024963799980469048,0.044758399948477745,0.1529357999097556
A_orient_mod_pi,A_highlands_moderate,3002,21.0,0.0,45.0,affine,affine,1.0,1472,1281,130,130,1.0,0.8297912073523959,0.09173914038441947,0.8571428571428571,0.9229423597207013,0.9923076923076923,0.1883294250949973,0.25931033897293665,False,False,0.4223329999949783,0.02654430002439767,0.04959319997578859,0.4984704999951646
A_orient_2pi_control,A_highlands_moderate,3002,21.0,0.0,45.0,affine,affine,1.0,1472,1281,480,475,0.9895833333333334,1.0009488620383857,0.05849238918025053,0.9523809523809523,0.9604814221836601,0.9936842105263158,0.14715481481712533,0.26480745527843874,False,False,0.42730420001316816,0.022146299947053194,0.05309880001004785,0.5025492999702692
B_phase_congruency,A_highlands_moderate,3002,21.0,0.0,45.0,affine,affine,1.0,1501,1284,94,90,0.9574468085106383,1.1741901588483676,0.18406871924033638,0.5238095238095238,0.8036679797382614,1.0,0.308058938645334,0.6113063287898466,False,False,1.0894337000790983,0.02407289994880557,0.07352340000215918,1.187030000030063
C_rift2_mim,A_highlands_moderate,3002,21.0,0.0,45.0,affine,affine,1.0,1501,1284,45,36,0.8,1.1819004395130577,0.1721312798922994,0.3968253968253968,0.7521659778402561,1.0,0.666048412079786,1.191012267212952,False,False,0.17662219994235784,0.040663400082848966,0.057826299918815494,0.2751118999440223
B1_rootsift,A_highlands_moderate,3002,24.0,0.0,45.0,affine,affine,1.0,1472,1577,25,25,1.0,1.0548962461586453,0.2247744336150009,0.28125,0.6705775316002746,1.0,0.3492484496943655,0.7277862984133918,False,False,0.09558810002636164,0.029936300008557737,0.05215810006484389,0.17768250009976327
B1_sift,A_highlands_moderate,3002,24.0,0.0,45.0,affine,affine,1.0,1472,1577,26,22,0.8461538461538461,0.9440450322596347,0.26226557199094225,0.25,0.6408918227704061,0.9545454545454546,0.28814161601186306,0.6427287950272201,False,False,0.08650600002147257,0.029638599953614175,0.051323599996976554,0.1674681999720633
A_orient_mod_pi,A_highlands_moderate,3002,24.0,0.0,45.0,affine,affine,1.0,1472,1577,4,3,0.75,7.564305056780214e-14,0.5496519278174801,0.046875,0.26416041678685936,0.6666666666666666,193.0800096039394,478.6201691538341,True,True,0.4630684000439942,0.026684199925512075,0.04952250001952052,0.5392750999890268
A_orient_2pi_control,A_highlands_moderate,3002,24.0,0.0,45.0,affine,affine,1.0,1472,1577,94,94,1.0,1.2149164509711121,0.1292936623677751,0.609375,0.841252835345656,0.9893617021276596,0.5258864633959173,0.8747707772153891,False,False,0.46716479992028326,0.028546600020490587,0.05801709997467697,0.5537284999154508
B_phase_congruency,A_highlands_moderate,3002,24.0,0.0,45.0,affine,affine,1.0,1501,1646,25,17,0.68,0.7278828044905299,0.28233898934527957,0.171875,0.5561958901871795,1.0,0.4464074132037347,0.8835771080704331,False,False,1.177677100058645,0.03053279989399016,0.05281520006246865,1.2610251000151038
C_rift2_mim,A_highlands_moderate,3002,24.0,0.0,45.0,affine,affine,1.0,1501,1646,18,3,0.16666666666666666,5.684341886080802e-14,0.501844606325075,0.046875,0.26416041678685936,0.0,391.66337520299874,739.3899117556361,True,True,0.1754345000954345,0.05342550005298108,0.7015573000535369,0.9304173002019525
B1_rootsift,A_highlands_moderate,3002,27.0,0.0,45.0,affine,affine,1.0,1472,1389,14,11,0.7857142857142857,0.4798207975286232,0.3104315222955334,0.15625,0.5462689061365193,1.0,0.4347452486116522,0.8010313233407547,False,False,0.08154509996529669,0.0240095000481233,0.04999060009140521,0.1555452001048252
B1_sift,A_highlands_moderate,3002,27.0,0.0,45.0,affine,affine,1.0,1472,1389,16,12,0.75,1.2083236262417163,0.2744277703303225,0.15625,0.5419381945646372,0.9166666666666666,0.45632300558701,1.050661912210578,False,False,0.08386000001337379,0.027181799989193678,0.05624609999358654,0.167287899996154
A_orient_mod_pi,A_highlands_moderate,3002,27.0,0.0,45.0,affine,affine,1.0,1472,1389,1,0,0.0,nan,1.0,0.0,0.0,0.0,inf,inf,True,True,0.4601744000101462,0.02473699999973178,4.749989602714777e-05,0.4849588999059051
A_orient_2pi_control,A_highlands_moderate,3002,27.0,0.0,45.0,affine,affine,1.0,1472,1389,79,79,1.0,1.0911650993973807,0.12922808099791153,0.578125,0.8280018811617316,0.9873417721518988,0.2774311801727539,0.5357627600179542,False,False,0.4850501000182703,0.024133600061759353,0.04641389998141676,0.5555976000614464
B_phase_congruency,A_highlands_moderate,3002,27.0,0.0,45.0,affine,affine,1.0,1501,1379,19,15,0.7894736842105263,0.9094930822371372,0.28260908123260814,0.203125,0.6067039881569753,1.0,0.7920094422499442,1.511982999580302,False,False,1.3380074999295175,0.024789400049485266,0.04412720003165305,1.4069241000106558
C_rift2_mim,A_highlands_moderate,3002,27.0,0.0,45.0,affine,affine,1.0,1501,1379,17,5,0.29411764705882354,0.6260551069510387,0.5328337554818602,0.0625,0.3203213491478938,0.8,2.200787413902277,4.557222802526986,False,True,0.20043590001296252,0.03976219997275621,0.13165640004444867,0.3718545000301674
B1_rootsift,A_highlands_moderate,3002,30.0,0.0,45.0,affine,affine,1.0,1472,1215,8,3,0.375,1.3229585764680433e-13,0.5031166428740016,0.05084745762711865,0.2694303372517384,0.0,245.56587711249068,370.88483991639157,True,True,0.08553759998176247,0.02117790002375841,0.06457749998662621,0.1712929999921471
B1_sift,A_highlands_moderate,3002,30.0,0.0,45.0,affine,affine,1.0,1472,1215,10,3,0.3,5.684341886080802e-14,0.5126604857549623,0.05084745762711865,0.2694303372517384,0.0,133.83059364814204,293.9453817549537,True,True,0.07866810006089509,0.020390599966049194,0.10824570001568645,0.20730440004263073
A_orient_mod_pi,A_highlands_moderate,3002,30.0,0.0,45.0,affine,affine,1.0,1472,1215,1,0,0.0,nan,1.0,0.0,0.0,0.0,inf,inf,True,True,0.49241379997693,0.021042700042016804,3.839994315057993e-05,0.5134948999620974
A_orient_2pi_control,A_highlands_moderate,3002,30.0,0.0,45.0,affine,affine,1.0,1472,1215,19,19,1.0,1.189384382781616,0.2284924385791513,0.22033898305084745,0.6147489378039811,0.9473684210526315,0.6540554845070536,1.4762412830051748,False,False,0.48286129999905825,0.02320920000784099,0.051443299977108836,0.5575137999840081
B_phase_congruency,A_highlands_moderate,3002,30.0,0.0,45.0,affine,affine,1.0,1501,1130,5,3,0.6,4.733160493438238e-13,0.6011339563027022,0.05084745762711865,0.2694303372517384,0.0,902.1861281301565,2060.041012250269,True,True,1.4353980000596493,0.01928750006482005,0.05861369997728616,1.5132992001017556
C_rift2_mim,A_highlands_moderate,3002,30.0,0.0,45.0,affine,affine,1.0,1501,1130,11,3,0.2727272727272727,2.2737367544323206e-13,0.5367900723879272,0.03389830508474576,0.169991616286914,0.0,997.5468888690134,2388.2271430540973,True,True,0.1881651000585407,0.03359519992955029,0.17208849999587983,0.3938487999839708
B1_rootsift,A_highlands_moderate,3002,33.0,0.0,45.0,affine,affine,1.0,1472,1210,32,27,0.84375,1.0103908924968719,0.21452390965228096,0.3050847457627119,0.6854577455930091,0.9629629629629629,0.34778185979273746,0.760641847758327,False,False,0.08602559997234493,0.020990199991501868,0.06788410001900047,0.17489989998284727
B1_sift,A_highlands_moderate,3002,33.0,0.0,45.0,affine,affine,1.0,1472,1210,24,19,0.7916666666666666,1.0753576042718676,0.22238577016654967,0.288135593220339,0.6863243551879449,0.9473684210526315,0.6102485296739244,1.2394631033848773,False,False,0.09847099997568876,0.024289899971336126,0.06580580002628267,0.18856669997330755
A_orient_mod_pi,A_highlands_moderate,3002,33.0,0.0,45.0,affine,affine,1.0,1472,1210,0,0,0.0,nan,1.0,0.0,0.0,nan,nan,nan,True,True,0.48369819996878505,0.011025500018149614,3.330002073198557e-05,0.49475700000766665
A_orient_2pi_control,A_highlands_moderate,3002,33.0,0.0,45.0,affine,affine,1.0,1472,1210,62,62,1.0,0.9247877438129132,0.1883030401752349,0.5932203389830508,0.841790822595424,1.0,0.21527636173657738,0.4422254556315259,False,False,0.48007059993688017,0.020880599971860647,0.056848500040359795,0.5577996999491006
B_phase_congruency,A_highlands_moderate,3002,33.0,0.0,45.0,affine,affine,1.0,1501,1109,16,10,0.625,1.0696443419492763,0.2973600295873347,0.13559322033898305,0.49670327952404625,1.0,0.7964380926629341,1.822211490139655,False,False,1.41715530003421,0.019516099942848086,0.04961470002308488,1.486286100000143
C_rift2_mim,A_highlands_moderate,3002,33.0,0.0,45.0,affine,affine,1.0,1501,1109,8,3,0.375,2.2737367544323206e-13,0.5240946072371566,0.05084745762711865,0.2694303372517384,0.0,1164.7347284497944,2778.023681805274,True,True,0.1934342000167817,0.03137979994062334,0.06247090001124889,0.2872848999686539
B1_rootsift,A_highlands_moderate,3002,36.0,0.0,45.0,affine,affine,1.0,1472,1324,4,3,0.75,2.958225308398898e-14,0.5212140535583593,0.046875,0.26416041678685936,0.0,192.3727776855871,435.18451968736144,True,True,0.0863771999720484,0.02174560003913939,0.04738920007366687,0.15551200008485466
B1_sift,A_highlands_moderate,3002,36.0,0.0,45.0,affine,affine,1.0,1472,1324,7,3,0.42857142857142855,1.3753484174077333e-13,0.4205305867500736,0.046875,0.26416041678685936,0.0,219.05699112811396,502.56525785601,True,True,0.08943759999237955,0.023411699919961393,0.053264599991962314,0.16611389990430325
A_orient_mod_pi,A_highlands_moderate,3002,36.0,0.0,45.0,affine,affine,1.0,1472,1324,1,0,0.0,nan,1.0,0.0,0.0,0.0,inf,inf,True,True,0.5024724000832066,0.023491299943998456,5.709996912628412e-05,0.5260207999963313
A_orient_2pi_control,A_highlands_moderate,3002,36.0,0.0,45.0,affine,affine,1.0,1472,1324,4,4,1.0,0.30553412220898285,0.554754739664796,0.046875,0.25,1.0,1.1142503955041594,1.8102864791226114,False,True,0.4942821000004187,0.023404100094921887,0.059636599966324866,0.5773228000616655
B_phase_congruency,A_highlands_moderate,3002,36.0,0.0,45.0,affine,affine,1.0,1501,1283,3,3,1.0,2.7062880495209545e-13,0.4852213148578297,0.046875,0.26416041678685936,0.0,1018.6799147085562,2196.157331540626,True,True,1.3517977999290451,0.02217700006440282,0.04877340001985431,1.4227482000133023
C_rift2_mim,A_highlands_moderate,3002,36.0,0.0,45.0,affine,affine,1.0,1501,1283,9,3,0.3333333333333333,1.3127425272378462e-13,0.5296711116769905,0.046875,0.26416041678685936,0.0,412.83402650317885,789.2437257373188,True,True,0.20751730003394186,0.0356370999943465,0.09686239995062351,0.3400167999789119
B1_rootsift,A_highlands_moderate,3002,40.0,0.0,45.0,affine,affine,1.0,1472,1214,5,3,0.6,8.987733679556355e-14,0.5047651621532642,0.04838709677419355,0.2661925166888178,0.0,148.91612029977705,346.4613885048424,True,True,0.08231079997494817,0.02332340006250888,0.052690999931655824,0.15832519996911287
B1_sift,A_highlands_moderate,3002,40.0,0.0,45.0,affine,affine,1.0,1472,1214,10,3,0.3,8.987733679556355e-14,0.4465975002806716,0.04838709677419355,0.2661925166888178,0.0,383.4079409846525,690.5199177032996,True,True,0.07677779998630285,0.020129899960011244,0.11700970004312694,0.21391739998944104
A_orient_mod_pi,A_highlands_moderate,3002,40.0,0.0,45.0,affine,affine,1.0,1472,1214,0,0,0.0,nan,1.0,0.0,0.0,nan,nan,nan,True,True,0.43111580004915595,0.011037400108762085,3.409991040825844e-05,0.4421873000683263
A_orient_2pi_control,A_highlands_moderate,3002,40.0,0.0,45.0,affine,affine,1.0,1472,1214,15,14,0.9333333333333333,1.242213986841667,0.2876631858735915,0.1935483870967742,0.5914552447993604,0.9285714285714286,0.5726512381238698,1.2177618200367024,False,False,0.433075699955225,0.020503400010056794,0.04644850001204759,0.5000275999773294
B_phase_congruency,A_highlands_moderate,3002,40.0,0.0,45.0,affine,affine,1.0,1501,1192,6,3,0.5,3.016452674596985e-12,0.6301060953571629,0.04838709677419355,0.2661925166888178,0.3333333333333333,8538.887357480606,20268.7512018729,True,True,1.3929142999695614,0.020073599996976554,0.048314400017261505,1.4613022999837995
C_rift2_mim,A_highlands_moderate,3002,40.0,0.0,45.0,affine,affine,1.0,1501,1192,7,3,0.42857142857142855,7.338453819646734e-14,0.5289247775968742,0.04838709677419355,0.2661925166888178,0.0,423.68028914501474,854.6957959386667,True,True,0.1860864000627771,0.03433729999233037,0.0541154999518767,0.2745392000069842
B1_rootsift,A_highlands_moderate,3002,45.0,0.0,45.0,affine,affine,1.0,1472,1202,5,3,0.6,3.7129965718473893e-13,0.5784445672702908,0.03333333333333333,0.15546179824918327,0.0,2311.6123955800986,4983.791219917505,True,True,0.08230779995210469,0.021115300012752414,0.04316649993415922,0.14658959989901632
B1_sift,A_highlands_moderate,3002,45.0,0.0,45.0,affine,affine,1.0,1472,1202,8,3,0.375,4.35387440919084e-13,0.626368402154047,0.05,0.26832433664837085,0.0,734.7146472097741,1604.7825101722078,True,True,0.08266930002719164,0.020644999924115837,0.06614570005331188,0.16946000000461936
A_orient_mod_pi,A_highlands_moderate,3002,45.0,0.0,45.0,affine,affine,1.0,1472,1202,0,0,0.0,nan,1.0,0.0,0.0,nan,nan,nan,True,True,0.4656449999893084,0.010707800043746829,3.50000336766243e-05,0.47638780006673187
A_orient_2pi_control,A_highlands_moderate,3002,45.0,0.0,45.0,affine,affine,1.0,1472,1202,0,0,0.0,nan,1.0,0.0,0.0,nan,nan,nan,True,True,0.4825713000027463,0.010464300052262843,2.9399991035461426e-05,0.4930650000460446
B_phase_congruency,A_highlands_moderate,3002,45.0,0.0,45.0,affine,affine,1.0,1501,1132,8,3,0.375,1.227958193492945e-13,0.471922137086429,0.05,0.26832433664837085,0.0,256.6810063793535,453.2584041069102,True,True,1.394952500006184,0.020290200016461313,0.04898169997613877,1.464224399998784
C_rift2_mim,A_highlands_moderate,3002,45.0,0.0,45.0,affine,affine,1.0,1501,1132,5,3,0.6,4.9227844771419234e-14,0.4320170437939599,0.05,0.26832433664837085,0.0,222.25313766233307,334.81901404673124,True,True,0.18815930001437664,0.033362100017257035,0.04793550004251301,0.2694569000741467
B1_rootsift,A_highlands_moderate,3003,0.0,0.0,45.0,affine,affine,1.0,1525,1805,1201,1200,0.9991673605328892,0.15417044511696296,0.045479815616075475,1.0,0.9936897781719619,1.0,0.03070052714942212,0.03610972852453095,False,False,0.11261589999776334,0.03501200000755489,0.07564590009860694,0.22327380010392517
B1_sift,A_highlands_moderate,3003,0.0,0.0,45.0,affine,affine,1.0,1525,1805,1215,1215,1.0,0.16257704998494965,0.042830427613017,1.0,0.9941944454894953,1.0,0.030838551773191378,0.03549572393640958,False,False,0.09596109995618463,0.038531500031240284,0.09015349997207522,0.22464609995950013
A_orient_mod_pi,A_highlands_moderate,3003,0.0,0.0,45.0,affine,affine,1.0,1525,1805,829,829,1.0,0.18061312852694542,0.04574002101627682,1.0,0.9934780162022782,1.0,0.02856801691461465,0.03766847303622502,False,False,0.4864221999887377,0.03470499999821186,0.05852510000113398,0.5796522999880835
A_orient_2pi_control,A_highlands_moderate,3003,0.0,0.0,45.0,affine,affine,1.0,1525,1805,828,828,1.0,0.16479176419170202,0.045479815616075475,1.0,0.993368075011629,1.0,0.031224891030325035,0.032719014136994046,False,False,0.5191895000170916,0.03244219999760389,0.057371600065380335,0.6090033000800759
B_phase_congruency,A_highlands_moderate,3003,0.0,0.0,45.0,affine,affine,1.0,1569,1932,765,763,0.9973856209150327,0.582274334085044,0.09724740807207209,0.984375,0.9785387654784446,1.0,0.06107598445451097,0.10103333974446607,False,False,1.0942898999201134,0.0349671000149101,0.05272030003834516,1.1819772999733686
C_rift2_mim,A_highlands_moderate,3003,0.0,0.0,45.0,affine,affine,1.0,1569,1932,511,508,0.9941291585127201,1.0729539328701787,0.07943775543057108,1.0,0.9799994822094987,0.9980314960629921,0.7269501375368197,1.5888334006656337,False,False,0.18626299989409745,0.06074710004031658,0.05832980002742261,0.30533989996183664
B1_rootsift,A_highlands_moderate,3003,15.0,0.0,45.0,affine,affine,1.0,1525,1358,176,173,0.9829545454545454,0.9894943897652603,0.13023437239635405,0.7777777777777778,0.9071364561705032,1.0,0.16408925815458697,0.29572712086929054,False,False,0.08374319993890822,0.028106600046157837,0.06862049992196262,0.18047029990702868
B1_sift,A_highlands_moderate,3003,15.0,0.0,45.0,affine,affine,1.0,1525,1358,158,151,0.9556962025316456,0.9558931630735843,0.14851743096467576,0.7777777777777778,0.8916498544055412,1.0,0.15169818205427166,0.32365477262256825,False,False,0.13017609994858503,0.033534100046381354,0.07953349989838898,0.24324369989335537
A_orient_mod_pi,A_highlands_moderate,3003,15.0,0.0,45.0,affine,affine,1.0,1525,1358,29,28,0.9655172413793104,1.0323730043020571,0.18120958601161255,0.30158730158730157,0.6831898501762194,1.0,0.13086566921979625,0.2763560269046181,False,False,0.4826659000245854,0.024269300047308207,0.053681999910622835,0.5606171999825165
A_orient_2pi_control,A_highlands_moderate,3003,15.0,0.0,45.0,affine,affine,1.0,1525,1358,282,279,0.9893617021276596,0.9584963456502117,0.0807081625901653,0.9365079365079365,0.9474057506337129,1.0,0.11478654382000752,0.26569060355883567,False,False,0.49346379993949085,0.02590300003066659,0.05703729996457696,0.5764040999347344
B_phase_congruency,A_highlands_moderate,3003,15.0,0.0,45.0,affine,affine,1.0,1569,1331,68,60,0.8823529411764706,0.9996218765283177,0.17149974818778083,0.42857142857142855,0.7480394473813015,1.0,0.43296332055776277,0.8468591002955876,False,False,1.5369927999563515,0.025035100057721138,0.06359609996434301,1.6256239999784157
C_rift2_mim,A_highlands_moderate,3003,15.0,0.0,45.0,affine,affine,1.0,1569,1331,16,6,0.375,1.306703770023924,0.4256239356427384,0.09523809523809523,0.4324646885882443,0.8333333333333334,6.680228784251757,12.57286138736767,True,True,0.21583699993789196,0.0471665000077337,0.057562700007110834,0.3205661999527365
B1_rootsift,A_highlands_moderate,3003,18.0,0.0,45.0,affine,affine,1.0,1525,1575,438,435,0.9931506849315068,0.8714857687922448,0.09318769445355672,0.984375,0.9765556792086993,1.0,0.03199701551721408,0.0577405839636448,False,False,0.08358340000268072,0.028717300039716065,0.04598950000945479,0.15829020005185157
B1_sift,A_highlands_moderate,3003,18.0,0.0,45.0,affine,affine,1.0,1525,1575,380,377,0.9921052631578947,0.8931913743045397,0.09411099478954507,0.984375,0.9708063934373753,0.9973474801061007,0.3215974172214253,0.7581121604850181,False,False,0.08728249999694526,0.031268800026737154,0.054293899913318455,0.17284519993700087
A_orient_mod_pi,A_highlands_moderate,3003,18.0,0.0,45.0,affine,affine,1.0,1525,1575,236,236,1.0,0.7756678849227819,0.11282384907517953,0.90625,0.9369853379890304,1.0,0.023671406295092783,0.05172675585234615,False,False,0.4784061999525875,0.031934100086800754,0.06379909999668598,0.5741394000360742
A_orient_2pi_control,A_highlands_moderate,3003,18.0,0.0,45.0,affine,affine,1.0,1525,1575,660,657,0.9954545454545455,0.9841727397927947,0.05440776670775047,1.0,0.9916913750706258,0.9969558599695586,0.32453464992572145,0.6908911727717648,False,False,0.514041000045836,0.03470039996318519,0.07725970004685223,0.6260011000558734
B_phase_congruency,A_highlands_moderate,3003,18.0,0.0,45.0,affine,affine,1.0,1569,1670,171,167,0.9766081871345029,1.1564743162311786,0.1806098008791636,0.828125,0.913782580349554,0.9940119760479041,0.6210767994878359,1.0773043821632835,False,False,1.1881896000122651,0.03131210000719875,0.046471200068481266,1.2659729000879452
C_rift2_mim,A_highlands_moderate,3003,18.0,0.0,45.0,affine,affine,1.0,1569,1670,84,75,0.8928571428571429,1.1688285749636134,0.15633678145628788,0.609375,0.8344725806565477,1.0,0.08352160430032711,0.17274359923011645,False,False,0.18754820001777261,0.057093999930657446,0.055487100034952164,0.3001292999833822
B1_rootsift,A_highlands_moderate,3003,21.0,0.0,45.0,affine,affine,1.0,1525,1355,153,149,0.9738562091503268,0.9451285437154152,0.14438454453780325,0.734375,0.8914783285631092,0.9932885906040269,0.16821171332201545,0.3900585271924702,False,False,0.08383090002462268,0.024194899946451187,0.0482837000163272,0.15630949998740107
B1_sift,A_highlands_moderate,3003,21.0,0.0,45.0,affine,affine,1.0,1525,1355,137,126,0.9197080291970803,0.9525684387189816,0.1522157136464655,0.75,0.8917372632529866,0.9920634920634921,0.10637050824833481,0.18917374423869004,False,False,0.07744000002276152,0.027129099937155843,0.05964610003866255,0.16421519999857992
A_orient_mod_pi,A_highlands_moderate,3003,21.0,0.0,45.0,affine,affine,1.0,1525,1355,56,56,1.0,0.8915589961541355,0.2572792781261737,0.484375,0.7978942266561371,1.0,0.13535878789853426,0.20095493681333101,False,False,0.46328240004368126,0.02578719996381551,0.061322699999436736,0.5503923000069335
A_orient_2pi_control,A_highlands_moderate,3003,21.0,0.0,45.0,affine,affine,1.0,1525,1355,368,363,0.9864130434782609,0.9869634931134454,0.09203435962016819,0.953125,0.9601397433513337,0.9972451790633609,0.1988444362086894,0.4387645164811852,False,False,0.5928770999889821,0.0291326999431476,0.09929060004651546,0.7213003999786451
B_phase_congruency,A_highlands_moderate,3003,21.0,0.0,45.0,affine,affine,1.0,1569,1248,47,43,0.9148936170212766,1.2089532823745428,0.25410315548704276,0.34375,0.7062401898194823,1.0,0.2031460053975643,0.2684426581004987,False,False,1.5410778999794275,0.02740819996688515,0.0672489000717178,1.6357350000180304
C_rift2_mim,A_highlands_moderate,3003,21.0,0.0,45.0,affine,affine,1.0,1569,1248,23,16,0.6956521739130435,1.3544068427549614,0.3411011023473385,0.171875,0.5546365885191304,1.0,0.4210629045643577,0.6965500434935414,False,False,0.2207947000861168,0.04540519998408854,0.06654709996655583,0.33274700003676116
B1_rootsift,A_highlands_moderate,3003,24.0,0.0,45.0,affine,affine,1.0,1525,1787,524,522,0.9961832061068703,0.9175578516770184,0.06230982351044479,1.0,0.981385223635501,0.9980842911877394,0.4851912595935469,0.6243746918545039,False,False,0.09993949998170137,0.03663129999767989,0.05952770006842911,0.19609850004781038
B1_sift,A_highlands_moderate,3003,24.0,0.0,45.0,affine,affine,1.0,1525,1787,474,468,0.9873417721518988,0.938152413401883,0.07920263711325808,1.0,0.9808223417966019,0.9978632478632479,0.38126041096045615,0.7478573094848573,False,False,0.091935999924317,0.03749620006419718,0.054835099959746,0.1842672999482602
A_orient_mod_pi,A_highlands_moderate,3003,24.0,0.0,45.0,affine,affine,1.0,1525,1787,82,82,1.0,0.6824096743332791,0.1875180836186947,0.671875,0.8570539103393057,1.0,0.08572861243033504,0.15146298190959767,False,False,0.584291199920699,0.03153310006018728,0.055400699959136546,0.6712249999400228
A_orient_2pi_control,A_highlands_moderate,3003,24.0,0.0,45.0,affine,affine,1.0,1525,1787,586,586,1.0,0.8030477942609763,0.06919442841451262,1.0,0.9876038708549691,1.0,0.028878671809595143,0.047899098384853955,False,False,0.5867884000763297,0.03577820002101362,0.0656031999969855,0.6881698000943288
B_phase_congruency,A_highlands_moderate,3003,24.0,0.0,45.0,affine,affine,1.0,1569,1906,174,168,0.9655172413793104,0.968068778450072,0.15499714729117686,0.796875,0.8892186462256203,1.0,0.16558996754655042,0.23025974918660255,False,False,1.5147426000330597,0.03853289992548525,0.06623560003936291,1.6195110999979079
C_rift2_mim,A_highlands_moderate,3003,24.0,0.0,45.0,affine,affine,1.0,1569,1906,9,3,0.3333333333333333,4.641245714809236e-14,0.46833387200628873,0.046875,0.26416041678685936,0.3333333333333333,129.04682885007733,237.82921891734173,True,True,0.2794001998845488,0.12121690006460994,0.19739330001175404,0.5980103999609128
B1_rootsift,A_highlands_moderate,3003,27.0,0.0,45.0,affine,affine,1.0,1525,1776,227,222,0.9779735682819384,0.9024898646931135,0.11810979656717258,0.921875,0.9349301528109397,1.0,0.08352098129913872,0.18246480547483246,False,False,0.15711319993715733,0.05276870005764067,0.11231949995271862,0.3222013999475166
B1_sift,A_highlands_moderate,3003,27.0,0.0,45.0,affine,affine,1.0,1525,1776,215,207,0.9627906976744186,1.1080698966301719,0.09729969631390316,0.90625,0.9270226120604104,0.9951690821256038,0.5432028412070474,1.019334425364927,False,False,0.18104960001073778,0.05918890004977584,0.13552639994304627,0.3757649000035599
A_orient_mod_pi,A_highlands_moderate,3003,27.0,0.0,45.0,affine,affine,1.0,1525,1776,41,41,1.0,0.7797665676105813,0.25100843702965336,0.34375,0.6789855353912632,1.0,0.22760608490931422,0.44536147416904026,False,False,0.9458356000250205,0.06198760005645454,0.11964059993624687,1.127463800017722
A_orient_2pi_control,A_highlands_moderate,3003,27.0,0.0,45.0,affine,affine,1.0,1525,1776,456,453,0.993421052631579,0.8893242164253885,0.08139843545879054,0.984375,0.9769065869228477,0.9977924944812362,0.034441509627886634,0.06304926121239059,False,False,0.839154600049369,0.052966599934734404,0.11343570007011294,1.0055569000542164
B_phase_congruency,A_highlands_moderate,3003,27.0,0.0,45.0,affine,affine,1.0,1569,1818,71,67,0.9436619718309859,0.9559810440772791,0.22780877292714047,0.484375,0.7945483227662112,1.0,0.300311008573652,0.6694179800097388,False,False,1.7321699999738485,0.053874999983236194,0.09583959996234626,1.881884599919431
C_rift2_mim,A_highlands_moderate,3003,27.0,0.0,45.0,affine,affine,1.0,1569,1818,12,6,0.5,0.35260631215687077,0.42238909006125835,0.078125,0.37527152789797047,1.0,3.714080249326444,6.843136695009367,True,True,0.3194413000019267,0.09234460000880063,0.10319249995518476,0.5149783999659121
B1_rootsift,A_highlands_moderate,3003,30.0,0.0,45.0,affine,affine,1.0,1525,1500,3,3,1.0,4.6412457148092366e-14,0.3947911513299187,0.046875,0.26416041678685936,0.3333333333333333,362.00175522456834,727.4483098480378,True,True,0.14482050004880875,0.045366000034846365,0.11177760001737624,0.30196410010103136
B1_sift,A_highlands_moderate,3003,30.0,0.0,45.0,affine,affine,1.0,1525,1500,7,5,0.7142857142857143,0.5231142466052123,0.3835514056454095,0.046875,0.2536546824812271,0.6,17.011278035277634,39.368909787816634,True,True,0.14158369996584952,0.042667899979278445,0.09128020005300641,0.2755317999981344
A_orient_mod_pi,A_highlands_moderate,3003,30.0,0.0,45.0,affine,affine,1.0,1525,1500,1,0,0.0,nan,1.0,0.0,0.0,0.0,inf,inf,True,True,0.8517889999784529,0.04325450002215803,6.720004603266716e-05,0.8951107000466436
A_orient_2pi_control,A_highlands_moderate,3003,30.0,0.0,45.0,affine,affine,1.0,1525,1500,2,0,0.0,nan,1.0,0.0,0.0,0.0,inf,inf,True,True,0.8517535999417305,0.04605750006157905,4.7600013203918934e-05,0.8978587000165135
B_phase_congruency,A_highlands_moderate,3003,30.0,0.0,45.0,affine,affine,1.0,1569,1513,6,3,0.5,6.563712636189231e-14,0.6511588436216897,0.046875,0.26416041678685936,0.3333333333333333,472.99039689706876,888.6372289627019,True,True,1.641956300009042,0.0456840000115335,0.09345579997170717,1.7810960999922827
C_rift2_mim,A_highlands_moderate,3003,30.0,0.0,45.0,affine,affine,1.0,1569,1513,5,3,0.6,8.836668573137574e-14,0.42551238644206946,0.046875,0.26416041678685936,0.0,199.6112554149455,446.9834419667902,True,True,0.3091953999828547,0.07606629992369562,0.09611160005442798,0.48137329996097833
B1_rootsift,A_highlands_moderate,3003,33.0,0.0,45.0,affine,affine,1.0,1525,1769,7,4,0.5714285714285714,0.16572402026222555,0.5924607942739639,0.046875,0.25,0.75,125.52298177369087,291.30523211676683,True,True,0.1328244999749586,0.05604950000997633,0.10867169999983162,0.29754569998476654
B1_sift,A_highlands_moderate,3003,33.0,0.0,45.0,affine,affine,1.0,1525,1769,11,5,0.45454545454545453,0.3923238284470845,0.5047147771696434,0.0625,0.3203213491478938,1.0,0.4300397677264386,0.6096832164871827,False,True,0.20450879994314164,0.056762199965305626,0.11446360009722412,0.3757346000056714
A_orient_mod_pi,A_highlands_moderate,3003,33.0,0.0,45.0,affine,affine,1.0,1525,1769,2,0,0.0,nan,1.0,0.0,0.0,0.0,inf,inf,True,True,0.9848080999217927,0.05246480007190257,5.419994704425335e-05,1.0373270999407396
A_orient_2pi_control,A_highlands_moderate,3003,33.0,0.0,45.0,affine,affine,1.0,1525,1769,46,45,0.9782608695652174,0.9732518976801667,0.19204736026581948,0.46875,0.7884026919568331,1.0,0.17024169849994814,0.30744651615092117,False,False,0.8434811999322847,0.05337930005043745,0.11452649999409914,1.0113869999768212
B_phase_congruency,A_highlands_moderate,3003,33.0,0.0,45.0,affine,affine,1.0,1569,1967,6,3,0.5,4.6412457148092366e-14,0.5745537689547767,0.046875,0.26416041678685936,0.6666666666666666,90.87594349821418,187.50501906945374,True,True,1.9059606000082567,0.06812900002114475,0.11894269997719675,2.0930323000065982
C_rift2_mim,A_highlands_moderate,3003,33.0,0.0,45.0,affine,affine,1.0,1569,1967,9,3,0.3333333333333333,6.139790967464724e-14,0.6953466361782766,0.046875,0.26416041678685936,0.3333333333333333,971.537213907952,2068.8281568189277,True,True,0.3585340999998152,0.10403659997973591,0.1961689000017941,0.6587395999813452
B1_rootsift,A_highlands_moderate,3003,36.0,0.0,45.0,affine,affine,1.0,1525,1278,18,13,0.7222222222222222,0.9541596573730395,0.3595495122782312,0.16129032258064516,0.534217016267434,1.0,0.8316409988137141,1.499540923847569,False,False,0.13478419999592006,0.04158260009717196,0.10688149998895824,0.28324830008205026
B1_sift,A_highlands_moderate,3003,36.0,0.0,45.0,affine,affine,1.0,1525,1278,25,14,0.56,0.912002531673213,0.3595495122782312,0.16129032258064516,0.5344139912231852,1.0,0.8004382528413652,1.4497647087807901,False,False,0.14938929991330951,0.04433740000240505,0.1145138000138104,0.30824049992952496
A_orient_mod_pi,A_highlands_moderate,3003,36.0,0.0,45.0,affine,affine,1.0,1525,1278,1,0,0.0,nan,1.0,0.0,0.0,0.0,inf,inf,True,True,0.9149204000132158,0.04173850000370294,7.409998215734959e-05,0.9567329999990761
A_orient_2pi_control,A_highlands_moderate,3003,36.0,0.0,45.0,affine,affine,1.0,1525,1278,55,54,0.9818181818181818,1.0026131815353545,0.16720494132804176,0.5483870967741935,0.821812563808209,1.0,0.11047453875990391,0.19513396023833302,False,False,0.8733276000712067,0.04034409997984767,0.11613260000012815,1.0298043000511825
B_phase_congruency,A_highlands_moderate,3003,36.0,0.0,45.0,affine,affine,1.0,1569,1161,9,6,0.6666666666666666,0.5763196335728418,0.3305240505673865,0.08064516129032258,0.37815836932684577,1.0,1.0737440665094984,2.5341596915420164,False,True,2.2155675999820232,0.03581769997254014,0.11184749996755272,2.363232799922116
C_rift2_mim,A_highlands_moderate,3003,36.0,0.0,45.0,affine,affine,1.0,1569,1161,5,3,0.6,3.2818563180946156e-14,0.49985417252775116,0.04838709677419355,0.2661925166888178,0.0,270.3419360084563,483.8066888288965,True,True,0.3560116000007838,0.061479699914343655,0.1119757000124082,0.5294669999275357
B1_rootsift,A_highlands_moderate,3003,40.0,0.0,45.0,affine,affine,1.0,1525,1603,3,3,1.0,1.0378140918593055e-13,0.5774266145803244,0.046875,0.26416041678685936,0.3333333333333333,334.97727823244156,628.890237853318,True,True,0.16198109998367727,0.049367700004950166,0.10666519997175783,0.31801399996038526
B1_sift,A_highlands_moderate,3003,40.0,0.0,45.0,affine,affine,1.0,1525,1603,7,3,0.42857142857142855,8.20464079523654e-14,0.4876019580434919,0.046875,0.26416041678685936,0.3333333333333333,278.81556946839964,581.4341465461459,True,True,0.1563632000470534,0.05353639996610582,0.10451069998089224,0.31441029999405146
A_orient_mod_pi,A_highlands_moderate,3003,40.0,0.0,45.0,affine,affine,1.0,1525,1603,0,0,0.0,nan,1.0,0.0,0.0,nan,nan,nan,True,True,0.9741542999399826,0.02448490005917847,5.110003985464573e-05,0.9986903000390157
A_orient_2pi_control,A_highlands_moderate,3003,40.0,0.0,45.0,affine,affine,1.0,1525,1603,8,8,1.0,0.7303703059325894,0.42333931185287943,0.078125,0.375,1.0,0.6052293254776981,1.3910394981012026,False,True,0.8020515999523923,0.05090949998702854,0.10685350000858307,0.9598145999480039
B_phase_congruency,A_highlands_moderate,3003,40.0,0.0,45.0,affine,affine,1.0,1569,1664,4,3,0.75,7.349911209636134e-14,0.6151678893749702,0.046875,0.26416041678685936,0.0,227.1997285794464,413.43143580833805,True,True,2.071516099967994,0.052757900091819465,0.08578330010641366,2.210057300166227
C_rift2_mim,A_highlands_moderate,3003,40.0,0.0,45.0,affine,affine,1.0,1569,1664,6,3,0.5,2.9353815278586935e-13,0.6910027561651095,0.03125,0.15304930567574826,0.3333333333333333,632.1718717859274,1497.0623403670174,True,True,0.33857509994413704,0.08106160000897944,0.09909849998075515,0.5187351999338716
B1_rootsift,A_highlands_moderate,3003,45.0,0.0,45.0,affine,affine,1.0,1525,1525,3,3,1.0,1.4399086157909044e-13,0.6917604926635154,0.046875,0.26416041678685936,0.0,610.9399754609941,1336.0814592263405,True,True,0.14482129993848503,0.04591800004709512,0.10150739992968738,0.2922466999152675
B1_sift,A_highlands_moderate,3003,45.0,0.0,45.0,affine,affine,1.0,1525,1525,8,3,0.375,6.563712636189231e-14,0.6082443659972209,0.046875,0.26416041678685936,0.0,352.8741321479224,781.7592806190572,True,True,0.14467639999929816,0.04369600000791252,0.11183559999335557,0.30020800000056624
A_orient_mod_pi,A_highlands_moderate,3003,45.0,0.0,45.0,affine,affine,1.0,1525,1525,0,0,0.0,nan,1.0,0.0,0.0,nan,nan,nan,True,True,0.7462555000092834,0.022500299965031445,3.9400067180395126e-05,0.7687952000414953
A_orient_2pi_control,A_highlands_moderate,3003,45.0,0.0,45.0,affine,affine,1.0,1525,1525,0,0,0.0,nan,1.0,0.0,0.0,nan,nan,nan,True,True,0.7383936999831349,0.02237510005943477,4.610000178217888e-05,0.7608149000443518
B_phase_congruency,A_highlands_moderate,3003,45.0,0.0,45.0,affine,affine,1.0,1569,1650,8,3,0.375,4.778454927311673e-13,0.6356407562506864,0.046875,0.26416041678685936,0.0,1458.006102963449,3261.6783855614494,True,True,1.6635745000094175,0.04952250001952052,0.10410689993295819,1.8172038999618962
C_rift2_mim,A_highlands_moderate,3003,45.0,0.0,45.0,affine,affine,1.0,1569,1650,6,3,0.5,1.1368683772161603e-13,0.5704403157761969,0.046875,0.26416041678685936,0.0,864.1351319961798,2163.4006498859744,True,True,0.27690879988949746,0.08731410000473261,0.08882429997902364,0.4530471998732537
B1_rootsift,B_highlands_challenging,3001,0.0,0.0,45.0,affine,affine,1.0,6435,6344,4070,4069,0.9997542997542997,0.26109419946952817,0.028108116074118363,1.0,0.992666293849358,1.0,0.046858754133993395,0.05515433461946168,False,False,0.26450589997693896,0.7963893000269309,0.14717789995484054,1.2080730999587104
B1_sift,B_highlands_challenging,3001,0.0,0.0,45.0,affine,affine,1.0,6435,6344,4009,4006,0.9992516837116487,0.2576712770339358,0.0250460729969679,1.0,0.9930964998359596,1.0,0.04520723150755904,0.053558055971408815,False,False,0.2507583999540657,0.8438485000515357,0.14766820007935166,1.242275100084953
A_orient_mod_pi,B_highlands_challenging,3001,0.0,0.0,45.0,affine,affine,1.0,6435,6344,2750,2750,1.0,0.2481279275863545,0.03278562060420358,1.0,0.9927954962096839,1.0,0.04581816570654813,0.0503445447783681,False,False,2.792738499934785,0.8085742000257596,0.13343399995937943,3.734746699919924
A_orient_2pi_control,B_highlands_challenging,3001,0.0,0.0,45.0,affine,affine,1.0,6435,6344,2988,2987,0.999665327978581,0.2648233890986214,0.03221176270013797,1.0,0.9929795290575167,1.0,0.045787734451340975,0.05301090577590296,False,False,2.7198018999770284,0.7630121000111103,0.1131628000875935,3.595976800075732
B_phase_congruency,B_highlands_challenging,3001,0.0,0.0,45.0,affine,affine,1.0,4913,4765,2295,2289,0.9973856209150327,0.8073595145590915,0.039365147025601496,1.0,0.9882753874693021,0.999563128003495,0.5560411578667714,1.2396598313025309,False,False,1.7079307999229059,0.42972520005423576,0.12522739998530596,2.2628833999624476
C_rift2_mim,B_highlands_challenging,3001,0.0,0.0,45.0,affine,affine,1.0,4913,4765,404,389,0.9628712871287128,0.4075704095933855,0.0770982882452472,0.96875,0.9615682108603345,1.0,0.04197505013678192,0.0935411017476831,False,False,0.6468852999387309,0.7773698000237346,0.11067429999820888,1.5349293999606743
B1_rootsift,B_highlands_challenging,3001,15.0,0.0,45.0,affine,affine,1.0,6435,6275,1520,1513,0.9953947368421052,0.5348018335293951,0.04844030009827676,1.0,0.983854077608771,1.0,0.034132617879397725,0.039815802821248344,False,False,0.2521004000445828,0.757352799992077,0.1211777999997139,1.1306310000363737
B1_sift,B_highlands_challenging,3001,15.0,0.0,45.0,affine,affine,1.0,6435,6275,1322,1305,0.9871406959152799,0.5245159206969593,0.05159274155249727,1.0,0.9830163751420397,1.0,0.03566965282011904,0.045829828572359343,False,False,0.25080059992615134,0.7426438999827951,0.10510570008773357,1.09855019999668
A_orient_mod_pi,B_highlands_challenging,3001,15.0,0.0,45.0,affine,affine,1.0,6435,6275,787,787,1.0,0.4348256385033645,0.0696097208574149,1.0,0.9664250145674669,1.0,0.03067301413015572,0.03598639846552354,False,False,2.67478400003165,0.7526807999238372,0.11576790001709014,3.5432326999725774
A_orient_2pi_control,B_highlands_challenging,3001,15.0,0.0,45.0,affine,affine,1.0,6435,6275,2283,2282,0.9995619798510732,0.5196909398795144,0.0339541791937638,1.0,0.9906968111791493,1.0,0.033968255152097226,0.04584697123847327,False,False,2.7833962000440806,0.7771493999753147,0.10812939994502813,3.6686749999644235
B_phase_congruency,B_highlands_challenging,3001,15.0,0.0,45.0,affine,affine,1.0,4913,4843,531,526,0.9905838041431262,0.6240809284054992,0.06639348324990606,1.0,0.9615733894572037,1.0,0.06623087394807625,0.12082184940908262,False,False,1.715127700008452,0.41594530001748353,0.107892100000754,2.2389651000266895
C_rift2_mim,B_highlands_challenging,3001,15.0,0.0,45.0,affine,affine,1.0,4913,4843,284,274,0.9647887323943662,0.6488579339367017,0.08656651113851388,0.953125,0.9515540373057804,1.0,0.06472417704419364,0.13321500424417693,False,False,0.6629450999898836,0.8068196999374777,0.10628559999167919,1.5760503999190405
B1_rootsift,B_highlands_challenging,3001,18.0,0.0,45.0,affine,affine,1.0,6435,6540,335,321,0.9582089552238806,0.5868951122105402,0.10232751408535679,0.9375,0.9519920284291977,1.0,0.0716913746420636,0.1603880881564863,False,False,0.25919360003899783,0.838194299954921,0.11276110005564988,1.2101490000495687
B1_sift,B_highlands_challenging,3001,18.0,0.0,45.0,affine,affine,1.0,6435,6540,275,250,0.9090909090909091,0.5597119943163356,0.10232751408535679,0.890625,0.9341617953424557,1.0,0.06173118132323302,0.14264748526501234,False,False,0.2540431999368593,0.8320757000474259,0.10418580006808043,1.1903047000523657
A_orient_mod_pi,B_highlands_challenging,3001,18.0,0.0,45.0,affine,affine,1.0,6435,6540,41,41,1.0,0.5498304579717769,0.20866672542680884,0.359375,0.7227045902781067,1.0,0.03392093581665994,0.07450145445762386,False,False,2.7487686999375,0.7611963000381365,0.09383719996549189,3.6038021999411285
A_orient_2pi_control,B_highlands_challenging,3001,18.0,0.0,45.0,affine,affine,1.0,6435,6540,603,603,1.0,0.5569762765502356,0.06079488296837892,1.0,0.9737132189428633,1.0,0.02921326993838408,0.051792914511376895,False,False,2.7825687000295147,0.8215227000182495,0.10862750001251698,3.712718900060281
B_phase_congruency,B_highlands_challenging,3001,18.0,0.0,45.0,affine,affine,1.0,4913,4853,121,111,0.9173553719008265,0.5709383574937922,0.16264058088419148,0.734375,0.8999205309730974,1.0,0.10779293787164046,0.18242214909849552,False,False,1.7876410000026226,0.44902479997836053,0.09674439998343587,2.333410199964419
C_rift2_mim,B_highlands_challenging,3001,18.0,0.0,45.0,affine,affine,1.0,4913,4853,39,24,0.6153846153846154,1.1280281204572857,0.2415636566559918,0.28125,0.6755848091329465,0.9583333333333334,0.35315794798687405,0.8154373524024104,False,False,0.6683138000080362,0.857192900031805,0.0959386999020353,1.6214453999418765
B1_rootsift,B_highlands_challenging,3001,21.0,0.0,45.0,affine,affine,1.0,6435,6658,811,799,0.9852034525277436,0.5176950277856295,0.07549838028293868,1.0,0.9857730205763724,1.0,0.02651420021058599,0.02931278471440618,False,False,0.2683178000152111,0.8222869000164792,0.11273019993677735,1.2033348999684677
B1_sift,B_highlands_challenging,3001,21.0,0.0,45.0,affine,affine,1.0,6435,6658,664,641,0.9653614457831325,0.5191568723948092,0.06298638865858243,1.0,0.9793598472001557,1.0,0.02576991788170053,0.043072181944875707,False,False,0.2508362999651581,0.8059983999701217,0.10788799996953458,1.1647226999048144
A_orient_mod_pi,B_highlands_challenging,3001,21.0,0.0,45.0,affine,affine,1.0,6435,6658,268,267,0.996268656716418,0.4662289108058202,0.12502712379331046,0.9375,0.9378343658527054,1.0,0.02977372702539486,0.059667320846361546,False,False,2.823751199990511,0.8259857000084594,0.09871619998011738,3.7484530999790877
A_orient_2pi_control,B_highlands_challenging,3001,21.0,0.0,45.0,affine,affine,1.0,6435,6658,1703,1703,1.0,0.5331578830494575,0.03796192639873243,1.0,0.9927869020093153,1.0,0.017939621742745535,0.04050476486726623,False,False,2.992887799977325,0.8631344999885187,0.10571419994812459,3.961736499913968
B_phase_congruency,B_highlands_challenging,3001,21.0,0.0,45.0,affine,affine,1.0,4913,4853,234,226,0.9658119658119658,0.6040960222400144,0.09729969631390316,0.953125,0.9449865406911843,1.0,0.0852237369901708,0.17532714087792262,False,False,1.7649008999578655,0.4709116000449285,0.11489560001064092,2.350708100013435
C_rift2_mim,B_highlands_challenging,3001,21.0,0.0,45.0,affine,affine,1.0,4913,4853,122,107,0.8770491803278688,0.7322736680120915,0.1268445716453912,0.796875,0.9080360920560401,1.0,0.03427120085169343,0.07272305325535855,False,False,0.7631913999794051,0.9266813000431284,0.13408999994862825,1.8239626999711618
B1_rootsift,B_highlands_challenging,3001,24.0,0.0,45.0,affine,affine,1.0,6435,6363,1410,1406,0.9971631205673759,0.5400966923995889,0.050931268790645697,1.0,0.984364486475356,1.0,0.03746157365899666,0.055602285679746996,False,False,0.37039830000139773,0.9174972999608144,0.1295609000371769,1.417456499999389
B1_sift,B_highlands_challenging,3001,24.0,0.0,45.0,affine,affine,1.0,6435,6363,1267,1255,0.9905288082083662,0.522112210346975,0.05944120942975692,1.0,0.9827717447959898,1.0,0.03865261221612695,0.052780259822485576,False,False,0.28183210000861436,0.8918801000108942,0.1300389999523759,1.3037511999718845
A_orient_mod_pi,B_highlands_challenging,3001,24.0,0.0,45.0,affine,affine,1.0,6435,6363,279,279,1.0,0.41111695671669096,0.12423812960288086,0.9375,0.9402045719191726,1.0,0.03751005781300176,0.07295945845344165,False,False,3.3323053000494838,0.9092672999249771,0.12292680004611611,4.364499400020577
A_orient_2pi_control,B_highlands_challenging,3001,24.0,0.0,45.0,affine,affine,1.0,6435,6363,1941,1940,0.9994848016486347,0.5149895254226379,0.04088624601069683,1.0,0.9869815010468114,1.0,0.029072385913493745,0.04362313664342585,False,False,3.0578159999568015,0.7733777000103146,0.10651589999906719,3.9377095999661833
B_phase_congruency,B_highlands_challenging,3001,24.0,0.0,45.0,affine,affine,1.0,4913,4945,429,422,0.9836829836829837,0.6344474488621934,0.07050513734729627,0.96875,0.9584055272614685,1.0,0.04807290765978371,0.10421975341761477,False,False,1.6489113999996334,0.4527016000356525,0.05558339995332062,2.1571963999886066
C_rift2_mim,B_highlands_challenging,3001,24.0,0.0,45.0,affine,affine,1.0,4913,4945,31,13,0.41935483870967744,0.5786049293877491,0.3516734007180092,0.203125,0.6167399530235155,1.0,0.5638217374581871,1.2654464095729763,False,False,0.639524900005199,0.8120041000656784,0.07994149997830391,1.5314705000491813
B1_rootsift,B_highlands_challenging,3001,27.0,0.0,45.0,affine,affine,1.0,6435,5845,168,152,0.9047619047619048,0.5811741954226307,0.13031245836663338,0.7419354838709677,0.882662495035325,1.0,0.07320932669906835,0.14543600559202424,False,False,0.3207850999897346,0.791269600042142,0.09208329999819398,1.2041380000300705
B1_sift,B_highlands_challenging,3001,27.0,0.0,45.0,affine,affine,1.0,6435,5845,143,115,0.8041958041958042,0.6098107356509809,0.10227779628466398,0.6935483870967742,0.866360362574951,1.0,0.07896207062285812,0.12758268533276468,False,False,0.24914860003627837,0.7020294000394642,0.10182870004791766,1.0530067001236603
A_orient_mod_pi,B_highlands_challenging,3001,27.0,0.0,45.0,affine,affine,1.0,6435,5845,30,30,1.0,0.5098784647093874,0.23621959313434515,0.25806451612903225,0.6135565108517428,1.0,0.17370025257801658,0.3102346474255886,False,False,2.719910699990578,0.7170526999980211,0.10609700006898493,3.543060400057584
A_orient_2pi_control,B_highlands_challenging,3001,27.0,0.0,45.0,affine,affine,1.0,6435,5845,632,632,1.0,0.6402752032907598,0.05437659640057579,0.9838709677419355,0.9502991624638616,1.0,0.07319423420157223,0.1306154235066263,False,False,2.7730932999402285,0.7036440999945626,0.10379930003546178,3.580536699970253
B_phase_congruency,B_highlands_challenging,3001,27.0,0.0,45.0,affine,affine,1.0,4913,4709,64,52,0.8125,0.9100195088353824,0.1628905729582917,0.5161290322580645,0.805518889967271,1.0,0.10817286199214105,0.20922329931208686,False,False,1.7268362999893725,0.4254810999846086,0.08556189993396401,2.237879299907945
C_rift2_mim,B_highlands_challenging,3001,27.0,0.0,45.0,affine,affine,1.0,4913,4709,32,17,0.53125,1.6527916133140648,0.28746272780740156,0.24193548387096775,0.6395092432163668,0.9411764705882353,0.9998325619754109,2.2543448455939945,False,False,0.6549452000763267,1.0439584999112412,0.16850819997489452,1.8674118999624625
B1_rootsift,B_highlands_challenging,3001,30.0,0.0,45.0,affine,affine,1.0,6435,6396,425,414,0.9741176470588235,0.6201934025054185,0.07920263711325808,0.967741935483871,0.9629858689033741,1.0,0.03744042547736039,0.04998289724681046,False,False,0.2731946000130847,0.7680643999483436,0.09403529996052384,1.1352942999219522
B1_sift,B_highlands_challenging,3001,30.0,0.0,45.0,affine,affine,1.0,6435,6396,354,326,0.9209039548022598,0.5928941915337405,0.09173914038441947,0.9354838709677419,0.9523544133789478,1.0,0.06036574519173152,0.11352528238588137,False,False,0.25613660004455596,0.7735329000279307,0.10644729994237423,1.136116800014861
A_orient_mod_pi,B_highlands_challenging,3001,30.0,0.0,45.0,affine,affine,1.0,6435,6396,20,20,1.0,0.4536540025127597,0.29253150241386633,0.27419354838709675,0.6691387908774402,1.0,0.21468547053985992,0.4318223121749367,False,False,2.9365440999390557,0.8128248000284657,0.104738499969244,3.8541073999367654
A_orient_2pi_control,B_highlands_challenging,3001,30.0,0.0,45.0,affine,affine,1.0,6435,6396,788,785,0.9961928934010152,0.5515117098102879,0.047806145184077664,1.0,0.9697555303580044,1.0,0.033421738552369296,0.048174023070845194,False,False,2.9207490999251604,0.774253600044176,0.107581099960953,3.8025837999302894
B_phase_congruency,B_highlands_challenging,3001,30.0,0.0,45.0,affine,affine,1.0,4913,4742,151,141,0.9337748344370861,0.7579846891508999,0.12283829599032038,0.8709677419354839,0.9274174642851276,1.0,0.14446967592358634,0.2515707283774944,False,False,1.8173525999300182,0.4384770999895409,0.10226960002910346,2.3580992999486625
C_rift2_mim,B_highlands_challenging,3001,30.0,0.0,45.0,affine,affine,1.0,4913,4742,16,4,0.25,0.23939638471588714,0.4648018042466088,0.06451612903225806,0.3358975579140839,1.0,1.0921741370629627,2.5370338427895716,False,True,0.7394292999524623,0.9078486999496818,0.51993010006845,2.167208099970594
B1_rootsift,B_highlands_challenging,3001,33.0,0.0,45.0,affine,affine,1.0,6435,6021,22,4,0.18181818181818182,1.5255999524003903e-13,0.5830135377126762,0.03389830508474576,0.169991616286914,0.0,172.38626697968914,378.13119240003493,True,True,0.2973868000553921,0.8815077000763267,1.2492517000064254,2.428146200138144
B1_sift,B_highlands_challenging,3001,33.0,0.0,45.0,affine,affine,1.0,6435,6021,35,4,0.11428571428571428,0.782089267175284,0.5124620211622326,0.05084745762711865,0.2694303372517384,0.0,242.5441345697435,404.765233512167,True,True,0.31515570008195937,0.8539304999867454,4.734948599943891,5.904034800012596
A_orient_mod_pi,B_highlands_challenging,3001,33.0,0.0,45.0,affine,affine,1.0,6435,6021,1,0,0.0,nan,1.0,0.0,0.0,0.0,inf,inf,True,True,2.917550800018944,0.725935099995695,0.00010109995491802692,3.643586999969557
A_orient_2pi_control,B_highlands_challenging,3001,33.0,0.0,45.0,affine,affine,1.0,6435,6021,12,11,0.9166666666666666,0.5627957560092011,0.2397106772076728,0.1694915254237288,0.5571668056885887,1.0,0.37746235276461754,0.7116703117754954,False,False,2.723687899997458,0.8812201999826357,0.10419830004684627,3.70910640002694
B_phase_congruency,B_highlands_challenging,3001,33.0,0.0,45.0,affine,affine,1.0,4913,4637,11,3,0.2727272727272727,5.916450616797797e-14,0.4735360412666308,0.05084745762711865,0.2694303372517384,0.0,239.02802668523876,561.4649052105406,True,True,1.8002057999838144,0.41735749994404614,0.27602710004430264,2.493590399972163
C_rift2_mim,B_highlands_challenging,3001,33.0,0.0,45.0,affine,affine,1.0,4913,4637,14,4,0.2857142857142857,1.0316489251384269,0.4427389695281961,0.06779661016949153,0.339983232573828,0.0,260.63609116014845,445.4309220946544,True,True,0.6649128999561071,0.8050337999593467,0.6027036000741646,2.0726502999896184
B1_rootsift,B_highlands_challenging,3001,36.0,0.0,45.0,affine,affine,1.0,6435,6731,14,3,0.21428571428571427,4.6412457148092366e-14,0.5223155991059855,0.046875,0.26416041678685936,0.0,278.96133277772367,478.43635702510244,True,True,0.27639200002886355,0.932686600019224,0.7080413999501616,1.9171199999982491
B1_sift,B_highlands_challenging,3001,36.0,0.0,45.0,affine,affine,1.0,6435,6731,22,3,0.13636363636363635,1.1007680729470101e-13,0.5699853989662562,0.046875,0.26416041678685936,0.3333333333333333,1229.7197677714353,2841.5028708167433,True,True,0.2656530999811366,0.9490032000467181,2.406226999941282,3.6208832999691367
A_orient_mod_pi,B_highlands_challenging,3001,36.0,0.0,45.0,affine,affine,1.0,6435,6731,0,0,0.0,nan,1.0,0.0,0.0,nan,nan,nan,True,True,2.895063400035724,0.8320380999939516,7.660000119358301e-05,3.7271781000308692
A_orient_2pi_control,B_highlands_challenging,3001,36.0,0.0,45.0,affine,affine,1.0,6435,6731,34,32,0.9411764705882353,0.6263802736023101,0.19531250000000003,0.359375,0.7395833333333333,1.0,0.11076678805069567,0.2484985917222494,False,False,2.9475483000278473,0.8346181000815704,0.08855679992120713,3.870723200030625
B_phase_congruency,B_highlands_challenging,3001,36.0,0.0,45.0,affine,affine,1.0,4913,4816,19,8,0.42105263157894735,0.6909751998061385,0.3111298086209356,0.109375,0.45833333333333337,1.0,0.49548337929567116,0.8738978012727592,False,True,1.6684277000604197,0.43475489993579686,0.1014259000075981,2.2046085000038147
C_rift2_mim,B_highlands_challenging,3001,36.0,0.0,45.0,affine,affine,1.0,4913,4816,7,4,0.5714285714285714,0.8696255568882789,0.604688397214379,0.046875,0.25,1.0,3.223585926793577,6.614165497689948,True,True,0.6783877999987453,0.802633999963291,0.09137079992797226,1.5723925998900086
B1_rootsift,B_highlands_challenging,3001,40.0,0.0,45.0,affine,affine,1.0,6435,6426,18,3,0.16666666666666666,1.3127425272378462e-13,0.42949411683697075,0.046875,0.26416041678685936,0.0,599.912577647739,1097.8937851610244,True,True,0.2705592999700457,0.7755841999314725,1.3717389000812545,2.4178823999827728
B1_sift,B_highlands_challenging,3001,40.0,0.0,45.0,affine,affine,1.0,6435,6426,35,5,0.14285714285714285,0.9324796731132736,0.4119854218867729,0.078125,0.38698801581456044,0.0,217.75799145753314,350.9364398405131,True,True,0.25509340001735836,0.7811937000369653,2.2379919999511912,3.274279100005515
A_orient_mod_pi,B_highlands_challenging,3001,40.0,0.0,45.0,affine,affine,1.0,6435,6426,0,0,0.0,nan,1.0,0.0,0.0,nan,nan,nan,True,True,2.7954317999538034,0.27888980007264763,4.2899977415800095e-05,3.074364500003867
A_orient_2pi_control,B_highlands_challenging,3001,40.0,0.0,45.0,affine,affine,1.0,6435,6426,34,34,1.0,0.7147202895265814,0.21698350481741058,0.421875,0.7755825936291575,1.0,0.267861349298645,0.49693749129399667,False,False,1.7632889000233263,0.9716418000170961,0.10153350001201034,2.8364642000524327
B_phase_congruency,B_highlands_challenging,3001,40.0,0.0,45.0,affine,affine,1.0,4913,4756,17,9,0.5294117647058824,0.627713162821275,0.3363359636217145,0.140625,0.5283208335737188,1.0,0.5693135991360225,0.9304948888868931,False,False,1.893788899993524,0.5314449000870809,0.12621310004033148,2.5514469001209363
C_rift2_mim,B_highlands_challenging,3001,40.0,0.0,45.0,affine,affine,1.0,4913,4756,5,3,0.6,1.6077746776921858e-13,0.5759448852543918,0.046875,0.26416041678685936,0.3333333333333333,605.4880401225969,1340.1934129185702,True,True,0.7676967999432236,0.9465282000601292,0.1150276999687776,1.8292526999721304
B1_rootsift,B_highlands_challenging,3001,45.0,0.0,45.0,affine,affine,1.0,6435,6459,13,3,0.23076923076923078,1.3531440247604773e-13,0.42164988850018953,0.046875,0.26416041678685936,0.0,510.05437054573713,953.911466973914,True,True,0.3111257000127807,0.9941094999667257,0.6599730000598356,1.965208200039342
B1_sift,B_highlands_challenging,3001,45.0,0.0,45.0,affine,affine,1.0,6435,6459,41,5,0.12195121951219512,0.9293139258465991,0.4052011366648839,0.078125,0.38698801581456044,0.0,218.51273450126575,349.18998601350404,True,True,0.29840800003148615,1.0402290999190882,3.7584382999921218,5.097075399942696
A_orient_mod_pi,B_highlands_challenging,3001,45.0,0.0,45.0,affine,affine,1.0,6435,6459,0,0,0.0,nan,1.0,0.0,0.0,nan,nan,nan,True,True,3.0855628999415785,0.39427960000466555,9.059999138116837e-05,3.4799330999376252
A_orient_2pi_control,B_highlands_challenging,3001,45.0,0.0,45.0,affine,affine,1.0,6435,6459,17,15,0.8823529411764706,0.6411454710903134,0.21962405981032557,0.21875,0.6289262103791976,1.0,0.23926911450946434,0.5299730081165063,False,False,2.9635505999904126,0.775208399980329,0.0953068999806419,3.8340658999513835
B_phase_congruency,B_highlands_challenging,3001,45.0,0.0,45.0,affine,affine,1.0,4913,4867,11,4,0.36363636363636365,0.679623522604202,0.4967682559169875,0.0625,0.33333333333333337,1.0,1.9571486000844631,4.202470393966526,False,True,1.6454347000690177,0.43882869998924434,0.1315688999602571,2.215832300018519
C_rift2_mim,B_highlands_challenging,3001,45.0,0.0,45.0,affine,affine,1.0,4913,4867,2,0,0.0,nan,1.0,0.0,0.0,0.0,inf,inf,True,True,0.6391640000510961,0.8160429999697953,6.850005593150854e-05,1.455275500076823
B1_rootsift,B_highlands_challenging,3002,0.0,0.0,45.0,affine,affine,1.0,6296,6585,4597,4595,0.999564933652382,0.12697021361140695,0.02393851082141958,1.0,0.998346017745414,1.0,0.016611352293971215,0.016963873316641072,False,False,0.2704914000350982,0.7760080998996273,0.1523172000888735,1.198816700023599
B1_sift,B_highlands_challenging,3002,0.0,0.0,45.0,affine,affine,1.0,6296,6585,4637,4635,0.9995686866508519,0.12537449908460968,0.02358173213056619,1.0,0.9985454828596995,1.0,0.01659483899253693,0.01777212100681666,False,False,0.35894559998996556,0.9488970000529662,0.17071540001779795,1.4785580000607297
A_orient_mod_pi,B_highlands_challenging,3002,0.0,0.0,45.0,affine,affine,1.0,6296,6585,3070,3070,1.0,0.12646094922964368,0.03294039229342062,1.0,0.9980688385048594,1.0,0.015508203140305436,0.01743075716583709,False,False,2.8467294999863952,0.7810294999508187,0.14068019995465875,3.7684391998918727
A_orient_2pi_control,B_highlands_challenging,3002,0.0,0.0,45.0,affine,affine,1.0,6296,6585,3089,3087,0.9993525412754937,0.14079382842879987,0.03294039229342062,1.0,0.9981630227190691,1.0,0.0151106632524818,0.016505046315079208,False,False,2.7290849999990314,0.7811623000307009,0.14697130001150072,3.657218600041233
B_phase_congruency,B_highlands_challenging,3002,0.0,0.0,45.0,affine,affine,1.0,4899,4932,2991,2985,0.9979939819458375,0.2560618930191923,0.040385579216851104,1.0,0.9960263796211869,1.0,0.02112417570061053,0.03165744247210856,False,False,1.654488299973309,0.44200609996914864,0.11564690002705902,2.2121412999695167
C_rift2_mim,B_highlands_challenging,3002,0.0,0.0,45.0,affine,affine,1.0,4899,4932,1796,1795,0.9994432071269488,0.26710179479006313,0.045293039403453354,1.0,0.9959142947973364,1.0,0.022103785051084644,0.02693988983245705,False,False,0.6815769000677392,0.818306100089103,0.1339293000055477,1.6338123001623899
B1_rootsift,B_highlands_challenging,3002,15.0,0.0,45.0,affine,affine,1.0,6296,6406,2653,2650,0.998869204673954,0.4440473715853108,0.03791723900666937,1.0,0.9935167354846162,1.0,0.018541916005127577,0.020815807480114565,False,False,0.26217389991506934,0.7380542000755668,0.13960549992043525,1.1398335999110714
B1_sift,B_highlands_challenging,3002,15.0,0.0,45.0,affine,affine,1.0,6296,6406,2478,2467,0.9955609362389023,0.4447244280505856,0.03617823955585887,1.0,0.9932517729060356,1.0,0.01833809512463795,0.019457446848602122,False,False,0.25482380005996674,0.7698852999601513,0.14260759996250272,1.1673166999826208
A_orient_mod_pi,B_highlands_challenging,3002,15.0,0.0,45.0,affine,affine,1.0,6296,6406,1883,1883,1.0,0.39357430917431896,0.05185496810348927,1.0,0.9914616771403636,1.0,0.023646091368158255,0.0382003258458392,False,False,2.7053519999608397,0.7600501000415534,0.12246239988598973,3.587864499888383
A_orient_2pi_control,B_highlands_challenging,3002,15.0,0.0,45.0,affine,affine,1.0,6296,6406,2678,2678,1.0,0.4677755835658613,0.03459721420725631,1.0,0.9944765919687809,1.0,0.01730353709160323,0.020552394575316213,False,False,2.6828857000218704,0.7579820000100881,0.12149070005398244,3.562358400085941
B_phase_congruency,B_highlands_challenging,3002,15.0,0.0,45.0,affine,affine,1.0,4899,4893,1004,1000,0.9960159362549801,0.5753720676965954,0.06515622918331669,1.0,0.9804061939060636,1.0,0.029388868575076173,0.06844745509171504,False,False,1.7769754000473768,0.4118302999995649,0.1229522000066936,2.3117579000536352
C_rift2_mim,B_highlands_challenging,3002,15.0,0.0,45.0,affine,affine,1.0,4899,4893,556,548,0.9856115107913669,0.7962947079647782,0.10232751408535679,0.984375,0.9664926324494917,0.9981751824817519,0.4731031926787458,0.8088881109939923,False,False,0.5402215999783948,0.6390615000855178,0.07835250010248274,1.2576356001663953
B1_rootsift,B_highlands_challenging,3002,18.0,0.0,45.0,affine,affine,1.0,6296,6620,1159,1150,0.9922346850733391,0.4980750578290155,0.061543241135919136,1.0,0.9884772650267646,1.0,0.023077716598824797,0.041291904993569606,False,False,0.167135399999097,0.8175581999821588,0.1478087999857962,1.132502399967052
B1_sift,B_highlands_challenging,3002,18.0,0.0,45.0,affine,affine,1.0,6296,6620,1013,1002,0.9891411648568608,0.497946186458605,0.061543241135919136,1.0,0.9858524687164784,1.0,0.015356926526356132,0.031048046634546266,False,False,0.2722347999224439,0.8986416000407189,0.3405296999262646,1.5114060998894274
A_orient_mod_pi,B_highlands_challenging,3002,18.0,0.0,45.0,affine,affine,1.0,6296,6620,449,449,1.0,0.4187665651471171,0.07395558240189025,1.0,0.9672559596781848,1.0,0.03703882518588145,0.0664201362938878,False,False,3.049421300063841,0.9172142000170425,0.10443269996903837,4.071068200049922
A_orient_2pi_control,B_highlands_challenging,3002,18.0,0.0,45.0,affine,affine,1.0,6296,6620,2025,2025,1.0,0.5053482151054355,0.03778285970975758,1.0,0.9955942617179587,1.0,0.012339950799306009,0.02115568075114275,False,False,2.0601765000028536,0.5561714000068605,0.05236689990852028,2.6687147999182343
B_phase_congruency,B_highlands_challenging,3002,18.0,0.0,45.0,affine,affine,1.0,4899,4880,321,308,0.9595015576323987,0.6481887294387209,0.12403326254281104,0.96875,0.9416426327595364,1.0,0.09212671880767466,0.17404462726242265,False,False,1.0894861000124365,0.308563599945046,0.04378569999244064,1.4418353999499232
C_rift2_mim,B_highlands_challenging,3002,18.0,0.0,45.0,affine,affine,1.0,4899,4880,224,216,0.9642857142857143,0.7395610472754385,0.14005720634921726,0.921875,0.9446690685140489,0.9953703703703703,0.22838473125253617,0.4654402956835759,False,False,0.3656269999919459,0.5704484999878332,0.044560000067576766,0.9806355000473559
B1_rootsift,B_highlands_challenging,3002,21.0,0.0,45.0,affine,affine,1.0,6296,5967,1261,1257,0.9968279143536876,0.7000873016238319,0.04345916476114229,1.0,0.9719312883615746,0.9976133651551312,0.35501156391799815,0.7406441541175092,False,False,0.16323229996487498,0.5027371000032872,0.06286039995029569,0.7288297999184579
B1_sift,B_highlands_challenging,3002,21.0,0.0,45.0,affine,affine,1.0,6296,5967,1089,1079,0.9908172635445363,0.8277276717224088,0.045479815616075475,1.0,0.9704871683240605,0.9981464318813716,0.48112124829836567,1.0252493092898067,False,False,0.164836399955675,0.49956160003785044,0.09154489997308701,0.7559428999666125
A_orient_mod_pi,B_highlands_challenging,3002,21.0,0.0,45.0,affine,affine,1.0,6296,5967,520,520,1.0,0.4570871769220953,0.06507811978958229,0.9841269841269841,0.9517214177330325,1.0,0.04719871409033964,0.09029931793527185,False,False,2.1536004999652505,0.6814149999991059,0.1047980000730604,2.939813500037417
A_orient_2pi_control,B_highlands_challenging,3002,21.0,0.0,45.0,affine,affine,1.0,6296,5967,2038,2037,0.9995093228655545,0.9878249125630733,0.0370579413300982,1.0,0.9779287985384144,0.9995090819833088,0.6086021891040496,1.3758673326716395,False,False,2.50667999999132,0.9557718000141904,0.16128999995999038,3.623741799965501
B_phase_congruency,B_highlands_challenging,3002,21.0,0.0,45.0,affine,affine,1.0,4899,4793,338,329,0.9733727810650887,0.6297392185223523,0.0817310147212251,0.873015873015873,0.9261392108827774,1.0,0.08526665226528826,0.1536535128412671,False,False,2.114261299953796,0.5363756000297144,0.11257470003329217,2.7632116000168025
C_rift2_mim,B_highlands_challenging,3002,21.0,0.0,45.0,affine,affine,1.0,4899,4793,118,108,0.9152542372881356,0.8010964782417758,0.1782475516525792,0.6190476190476191,0.831776968912114,1.0,0.09887756824843706,0.1403521800656516,False,False,0.7359930999809876,0.7891458000522107,0.10057320003397763,1.625712100067176
B1_rootsift,B_highlands_challenging,3002,24.0,0.0,45.0,affine,affine,1.0,6296,6555,94,75,0.7978723404255319,0.6588131149383265,0.15499714729117686,0.578125,0.825361768500748,1.0,0.08519777882913274,0.18184591302932207,False,False,0.2699092000257224,0.7597617999417707,0.09240110008977354,1.1220721000572667
B1_sift,B_highlands_challenging,3002,24.0,0.0,45.0,affine,affine,1.0,6296,6555,86,61,0.7093023255813954,0.7225115487369896,0.14879115400009693,0.5625,0.8207401628581473,1.0,0.1607999899139893,0.20860482789415535,False,False,0.25463809992652386,0.8310211000498384,0.12506939994636923,1.2107285999227315
A_orient_mod_pi,B_highlands_challenging,3002,24.0,0.0,45.0,affine,affine,1.0,6296,6555,15,15,1.0,0.3628995536719231,0.3465841576616189,0.1875,0.5844817659347531,1.0,0.12014319103588497,0.22525548051633507,False,False,3.84818189998623,2.9092470000032336,0.1679646000266075,6.925393500016071
A_orient_2pi_control,B_highlands_challenging,3002,24.0,0.0,45.0,affine,affine,1.0,6296,6555,245,244,0.9959183673469387,0.5523315165108692,0.10287282403699835,0.9375,0.9304514018444774,1.0,0.04006998897902554,0.07957061896666043,False,False,3.027448800043203,0.8692927999654785,0.1123611000366509,4.009102700045332
B_phase_congruency,B_highlands_challenging,3002,24.0,0.0,45.0,affine,affine,1.0,4899,4839,43,33,0.7674418604651163,0.7932433555206125,0.1940147860246238,0.3125,0.6854046385690177,1.0,0.13324216383637014,0.23375854358400786,False,False,1.7446285000769421,0.41648949997033924,0.08596319996286184,2.247081200010143
C_rift2_mim,B_highlands_challenging,3002,24.0,0.0,45.0,affine,affine,1.0,4899,4839,30,13,0.43333333333333335,1.128320550421349,0.42665835690353593,0.15625,0.5398168761004385,0.9230769230769231,0.43965860718030286,0.95693800373378,False,False,0.6939299000659958,0.8089649999747053,0.10132619994692504,1.604221099987626
B1_rootsift,B_highlands_challenging,3002,27.0,0.0,45.0,affine,affine,1.0,6296,6426,59,48,0.8135593220338984,0.6014289757771063,0.22135416666666669,0.40625,0.7467314237012558,1.0,0.159014481512246,0.3560212966005474,False,False,0.2969109999248758,0.9160139000741765,0.10373090009670705,1.3166558000957593
B1_sift,B_highlands_challenging,3002,27.0,0.0,45.0,affine,affine,1.0,6296,6426,67,42,0.6268656716417911,0.6613078616634761,0.25147406140401,0.375,0.7295561161651479,1.0,0.07642575133544212,0.10972682132377296,False,False,0.2711022000294179,1.1386789999669418,0.11061910004355013,1.5204003000399098
A_orient_mod_pi,B_highlands_challenging,3002,27.0,0.0,45.0,affine,affine,1.0,6296,6426,8,7,0.875,0.4002654038551998,0.43902419267447235,0.109375,0.4678924870096007,1.0,0.6290870402088394,1.4536148506026358,False,True,2.8455147000495344,1.04101690009702,0.12363669998012483,4.010168300126679
A_orient_2pi_control,B_highlands_challenging,3002,27.0,0.0,45.0,affine,affine,1.0,6296,6426,231,230,0.9956709956709957,0.5962122649561424,0.11031650822903717,0.875,0.9233897917325243,1.0,0.020263514376133912,0.03190352239309453,False,False,3.0925038000568748,1.0157730999635532,0.13189620000775903,4.240173100028187
B_phase_congruency,B_highlands_challenging,3002,27.0,0.0,45.0,affine,affine,1.0,4899,4815,38,30,0.7894736842105263,0.6566182502700081,0.22196606601416705,0.3125,0.7025101687005116,1.0,0.3871678110140264,0.7996101823503066,False,False,1.5434176000999287,0.775982299936004,0.1386534000048414,2.458053300040774
C_rift2_mim,B_highlands_challenging,3002,27.0,0.0,45.0,affine,affine,1.0,4899,4815,30,16,0.5333333333333333,0.7491335358654679,0.2538027299653163,0.203125,0.6041666666666666,1.0,0.29261505851401587,0.5866191216295531,False,False,0.5835416000336409,0.970232899999246,0.08354639995377511,1.637320899986662
B1_rootsift,B_highlands_challenging,3002,30.0,0.0,45.0,affine,affine,1.0,6296,6091,23,7,0.30434782608695654,0.6816219647778147,0.4371782360923829,0.1016949152542373,0.42865776746676304,1.0,0.384009272075409,0.5936579628895216,False,True,0.926622899947688,0.9125403000507504,0.2578168000327423,2.0969800000311807
B1_sift,B_highlands_challenging,3002,30.0,0.0,45.0,affine,affine,1.0,6296,6091,53,9,0.16981132075471697,0.8897608613153385,0.5177840425024114,0.1016949152542373,0.42553293031220096,1.0,2.6570963936199057,6.141205617056253,False,False,0.4602533000288531,1.1430466999299824,1.8588870000094175,3.462186999968253
A_orient_mod_pi,B_highlands_challenging,3002,30.0,0.0,45.0,affine,affine,1.0,6296,6091,2,0,0.0,nan,1.0,0.0,0.0,0.0,inf,inf,True,True,2.8999477000907063,0.8034095999319106,9.620003402233124e-05,3.7034535000566393
A_orient_2pi_control,B_highlands_challenging,3002,30.0,0.0,45.0,affine,affine,1.0,6296,6091,64,61,0.953125,0.6079625757234849,0.12597277731716486,0.5084745762711864,0.7880493254932257,1.0,0.09202031257815999,0.13040941270481407,False,False,2.7806166999507695,0.9287260000128299,0.13434699992649257,3.843689699890092
B_phase_congruency,B_highlands_challenging,3002,30.0,0.0,45.0,affine,affine,1.0,4899,4776,20,9,0.45,0.9683956498063181,0.3577531716340697,0.13559322033898305,0.5010847597730517,1.0,0.4448274820481709,0.858880337869568,False,False,1.958030499983579,0.4914076999993995,0.14861829997971654,2.598056499962695
C_rift2_mim,B_highlands_challenging,3002,30.0,0.0,45.0,affine,affine,1.0,4899,4776,13,4,0.3076923076923077,0.3714131439846723,0.4538278791828584,0.05084745762711865,0.25498742443037103,1.0,1.3753161547020203,2.9187652362060557,False,True,0.7281637999694794,1.3029569999780506,0.2637345000403002,2.29485529998783
B1_rootsift,B_highlands_challenging,3002,33.0,0.0,45.0,affine,affine,1.0,6296,6060,94,74,0.7872340425531915,0.5888518921046318,0.2083496087392668,0.559322033898305,0.8191480160774274,1.0,0.08960700828841939,0.1682792405031128,False,False,0.29031230008695275,0.8622637999942526,0.10880980000365525,1.2613859000848606
B1_sift,B_highlands_challenging,3002,33.0,0.0,45.0,affine,affine,1.0,6296,6060,90,58,0.6444444444444445,0.7058411807466614,0.17061763885728848,0.5254237288135594,0.8005248337102908,1.0,0.12556575090368782,0.24679640968861985,False,False,0.272529499954544,0.7634851000038907,0.11081690003629774,1.1468314999947324
A_orient_mod_pi,B_highlands_challenging,3002,33.0,0.0,45.0,affine,affine,1.0,6296,6060,2,0,0.0,nan,1.0,0.0,0.0,0.0,inf,inf,True,True,2.892457199981436,0.7422858000500128,9.180000051856041e-05,3.6348348000319675
A_orient_2pi_control,B_highlands_challenging,3002,33.0,0.0,45.0,affine,affine,1.0,6296,6060,244,242,0.9918032786885246,0.6005638425078837,0.10521929088977565,0.9491525423728814,0.9396329789847688,1.0,0.12905557276213986,0.20947684741216727,False,False,2.9419667999027297,0.7690184999955818,0.11588960001245141,3.826874899910763
B_phase_congruency,B_highlands_challenging,3002,33.0,0.0,45.0,affine,affine,1.0,4899,4724,57,46,0.8070175438596491,0.7895421210196589,0.25454979874948397,0.423728813559322,0.7698011676778186,1.0,0.33161189457885265,0.6257208580413138,False,False,1.7811724999919534,0.4434060000348836,0.10572979995049536,2.3303082999773324
C_rift2_mim,B_highlands_challenging,3002,33.0,0.0,45.0,affine,affine,1.0,4899,4724,10,3,0.3,1.1368683772161603e-13,0.4306255543457164,0.05084745762711865,0.2694303372517384,0.0,360.8441508890322,593.6476501876161,True,True,0.7082219000440091,0.7897277999436483,0.2273780000396073,1.7253277000272647
B1_rootsift,B_highlands_challenging,3002,36.0,0.0,45.0,affine,affine,1.0,6296,6402,17,3,0.17647058823529413,1.8564982859236944e-13,0.5462577121325027,0.046875,0.26416041678685936,0.0,441.45419243415466,982.7229977475351,True,True,0.2740741000743583,0.8408890999853611,1.2388988999882713,2.3538621000479907
B1_sift,B_highlands_challenging,3002,36.0,0.0,45.0,affine,affine,1.0,6296,6402,27,4,0.14814814814814814,8.987733679556355e-14,0.48336939183921646,0.046875,0.25,0.0,563.6444191996558,974.8201482283396,True,True,0.2734899999340996,0.7466801999835297,2.102500700042583,3.1226708999602124
A_orient_mod_pi,B_highlands_challenging,3002,36.0,0.0,45.0,affine,affine,1.0,6296,6402,0,0,0.0,nan,1.0,0.0,0.0,nan,nan,nan,True,True,2.8836170999566093,0.37720520002767444,4.539999645203352e-05,3.260867699980736
A_orient_2pi_control,B_highlands_challenging,3002,36.0,0.0,45.0,affine,affine,1.0,6296,6402,8,6,0.75,0.47976991537232194,0.4680043258829334,0.0625,0.3197159723424149,1.0,0.6493269227319534,1.4397077942144074,False,True,2.926122899982147,0.7583153999876231,0.0883310999488458,3.772769399918616
B_phase_congruency,B_highlands_challenging,3002,36.0,0.0,45.0,affine,affine,1.0,4899,4839,18,4,0.2222222222222222,1.18896540830928e-13,0.501344356983814,0.046875,0.25,0.0,245.0577538358236,377.69703370858053,True,True,1.7272925999714062,0.4118307000026107,0.5460724000586197,2.6851957000326365
C_rift2_mim,B_highlands_challenging,3002,36.0,0.0,45.0,affine,affine,1.0,4899,4839,11,3,0.2727272727272727,1.0983191976712257e-12,0.42791221014597597,0.046875,0.26416041678685936,0.0,5275.226360408249,9623.514327204375,True,True,0.6378092999802902,0.7910182999912649,0.30837989994324744,1.7372074999148026
B1_rootsift,B_highlands_challenging,3002,40.0,0.0,45.0,affine,affine,1.0,6296,6155,27,4,0.14814814814814814,0.6526182233474455,0.4495564099329533,0.04838709677419355,0.2661925166888178,0.25,330.554419026418,648.0057364497836,True,True,0.27005200006533414,0.7914056000299752,2.0969072999432683,3.1583649000385776
B1_sift,B_highlands_challenging,3002,40.0,0.0,45.0,affine,affine,1.0,6296,6155,36,5,0.1388888888888889,0.3875779872989492,0.45232358487484137,0.03225806451612903,0.1542266640507899,0.0,313.326044193269,455.93572058138295,True,True,0.257077099988237,0.8892544999253005,2.6436542000155896,3.789985799929127
A_orient_mod_pi,B_highlands_challenging,3002,40.0,0.0,45.0,affine,affine,1.0,6296,6155,0,0,0.0,nan,1.0,0.0,0.0,nan,nan,nan,True,True,3.006406500004232,0.7469885000027716,7.680000271648169e-05,3.75347180000972
A_orient_2pi_control,B_highlands_challenging,3002,40.0,0.0,45.0,affine,affine,1.0,6296,6155,37,36,0.972972972972973,0.6383148310523958,0.17244617844940943,0.3709677419354839,0.7142383383565974,1.0,0.18336112676763802,0.32228060575911605,False,False,2.947581799933687,0.8053544000722468,0.1082840000744909,3.8612202000804245
B_phase_congruency,B_highlands_challenging,3002,40.0,0.0,45.0,affine,affine,1.0,4899,4887,14,4,0.2857142857142857,0.7066983226950517,0.45096467780193167,0.06451612903225806,0.3358975579140839,0.0,243.92982616826805,481.5457630836717,True,True,1.7950141000328586,0.4323003999888897,0.2742398999398574,2.5015543999616057
C_rift2_mim,B_highlands_challenging,3002,40.0,0.0,45.0,affine,affine,1.0,4899,4887,9,3,0.3333333333333333,7.425993143694778e-13,0.687591238421865,0.04838709677419355,0.2661925166888178,0.0,3047.7952990075305,7065.296897070961,True,True,0.6600414999993518,0.8447917000157759,0.2017659000121057,1.7065991000272334
B1_rootsift,B_highlands_challenging,3002,45.0,0.0,45.0,affine,affine,1.0,6296,6166,26,5,0.19230769230769232,8.479010995288432e-14,0.4764201745578103,0.05,0.2576530020750411,0.0,112.4544219451311,217.55457847708232,True,True,0.2806153999408707,0.7663333000382408,0.9037340999348089,1.9506827999139205
B1_sift,B_highlands_challenging,3002,45.0,0.0,45.0,affine,affine,1.0,6296,6166,36,5,0.1388888888888889,1.797546735911271e-14,0.5788664773974339,0.05,0.2576530020750411,0.0,275.87261917180206,413.29782833426407,True,True,0.31020409998018295,0.8127688999520615,2.8612029999494553,3.9841759998816997
A_orient_mod_pi,B_highlands_challenging,3002,45.0,0.0,45.0,affine,affine,1.0,6296,6166,2,0,0.0,nan,1.0,0.0,0.0,0.0,inf,inf,True,True,3.058413599967025,0.7227610000409186,8.119991980493069e-05,3.7812557999277487
A_orient_2pi_control,B_highlands_challenging,3002,45.0,0.0,45.0,affine,affine,1.0,6296,6166,3,3,1.0,8.245561950810161e-14,0.5653981090359155,0.05,0.26832433664837085,0.3333333333333333,361.49316425167535,758.7244747351497,True,True,2.9273506000172347,0.7570284999674186,0.09678909997455776,3.781168199959211
B_phase_congruency,B_highlands_challenging,3002,45.0,0.0,45.0,affine,affine,1.0,4899,4715,12,4,0.3333333333333333,4.0194366942304644e-14,0.5314350678463039,0.05,0.25394071139817215,0.0,266.98829602166666,564.090700458018,True,True,1.7554489000467584,0.414836399955675,0.15645140002015978,2.326736700022593
C_rift2_mim,B_highlands_challenging,3002,45.0,0.0,45.0,affine,affine,1.0,4899,4715,4,3,0.75,1.1832901233595593e-13,0.4484349290963859,0.05,0.26832433664837085,0.0,167.84059919039254,397.04602273520874,True,True,0.6542575999628752,0.7961417000042275,0.09339299995917827,1.543792299926281
B1_rootsift,B_highlands_challenging,3003,0.0,0.0,45.0,affine,affine,1.0,6340,6445,4214,4213,0.9997626957759849,0.10225897278276505,0.026171551096668987,1.0,0.9984221633555936,1.0,0.03390893033227907,0.03582279658768811,False,False,0.27053609990980476,0.7698456000071019,0.19383950007613748,1.2342211999930441
B1_sift,B_highlands_challenging,3003,0.0,0.0,45.0,affine,affine,1.0,6340,6445,4246,4245,0.9997644842204427,0.10392236024174589,0.026171551096668987,1.0,0.998549144066224,1.0,0.03416875367596074,0.03578512089900714,False,False,0.2603280000621453,0.8788797999732196,0.16520809999201447,1.3044159000273794
A_orient_mod_pi,B_highlands_challenging,3003,0.0,0.0,45.0,affine,affine,1.0,6340,6445,2891,2891,1.0,0.11148027469376033,0.02604166666666667,1.0,0.9984290318616973,1.0,0.0340796935623216,0.03618458109156529,False,False,2.7787623999174684,0.8059666000772268,0.16957280004862696,3.754301800043322
A_orient_2pi_control,B_highlands_challenging,3003,0.0,0.0,45.0,affine,affine,1.0,6340,6445,2890,2890,1.0,0.11375615322531056,0.02969206836195672,1.0,0.9984051936026209,1.0,0.03395576623101809,0.03578612317151644,False,False,2.796895399922505,0.789615000016056,0.14872080006171018,3.735231200000271
B_phase_congruency,B_highlands_challenging,3003,0.0,0.0,45.0,affine,affine,1.0,4770,4724,2585,2584,0.9996131528046421,0.27165113535140517,0.040553154954159995,1.0,0.9958513281006417,1.0,0.031495939894584615,0.03531845617468632,False,False,1.8008455000817776,0.39612309995573014,0.14461730001494288,2.3415859000524506
C_rift2_mim,B_highlands_challenging,3003,0.0,0.0,45.0,affine,affine,1.0,4770,4724,1666,1662,0.9975990396158463,0.2756586441190898,0.044500019506862144,1.0,0.9954490179254896,1.0,0.029051432393984465,0.03849315659097892,False,False,0.6708927999716252,0.7840973000274971,0.11348269996233284,1.5684727999614552
B1_rootsift,B_highlands_challenging,3003,15.0,0.0,45.0,affine,affine,1.0,6340,6262,509,501,0.9842829076620825,0.8251508125588086,0.08888566753060424,0.9523809523809523,0.9562843116091162,0.998003992015968,0.46710242979387673,1.0014391327915844,False,False,0.33588559995405376,0.7352235000580549,0.09134589997120202,1.1624549999833107
B1_sift,B_highlands_challenging,3003,15.0,0.0,45.0,affine,affine,1.0,6340,6262,429,408,0.951048951048951,0.5683814782247484,0.08888566753060424,0.9365079365079365,0.947921585817457,1.0,0.0683436106495274,0.14591976978558374,False,False,0.24826999998185784,0.743945199996233,0.09431309998035431,1.0865282999584451
A_orient_mod_pi,B_highlands_challenging,3003,15.0,0.0,45.0,affine,affine,1.0,6340,6262,58,58,1.0,0.4632980812480021,0.1587580822800405,0.6031746031746031,0.8455400281998109,1.0,0.14741397980577098,0.28517219596862853,False,False,2.695803700014949,0.7660655999789014,0.1005814999807626,3.562450799974613
A_orient_2pi_control,B_highlands_challenging,3003,15.0,0.0,45.0,affine,affine,1.0,6340,6262,663,660,0.995475113122172,0.5345175592842106,0.06852967378614984,0.9841269841269841,0.9637097026613187,1.0,0.07431722773059683,0.084272927039033,False,False,2.8004347999813035,0.801444899989292,0.1108930999180302,3.7127727998886257
B_phase_congruency,B_highlands_challenging,3003,15.0,0.0,45.0,affine,affine,1.0,4770,4852,196,192,0.9795918367346939,0.6906355281767967,0.09470362784358428,0.873015873015873,0.9212773927489037,1.0,0.10598875352532222,0.18235464842953075,False,False,1.9179450999945402,0.47237510001286864,0.09504829999059439,2.4853684999980032
C_rift2_mim,B_highlands_challenging,3003,15.0,0.0,45.0,affine,affine,1.0,4770,4852,30,16,0.5333333333333333,0.6675778245837183,0.2545231554797073,0.20634920634920634,0.5985698473060366,1.0,0.3523512677611906,0.5066423142798504,False,False,0.6806574000511318,0.8446021999698132,0.10227819997817278,1.6275377999991179
B1_rootsift,B_highlands_challenging,3003,18.0,0.0,45.0,affine,affine,1.0,6340,6613,1568,1561,0.9955357142857143,0.4760198131560179,0.04423252018610164,1.0,0.993971414750259,1.0,0.018321318562498953,0.028843436535105516,False,False,0.32491520000621676,0.9156278000446036,0.13168220000807196,1.3722252000588924
B1_sift,B_highlands_challenging,3003,18.0,0.0,45.0,affine,affine,1.0,6340,6613,1393,1378,0.9892318736539842,0.48308765143965426,0.0471993983343538,1.0,0.9921693507430454,1.0,0.023950829739099157,0.034401807313368934,False,False,0.28510400000959635,1.0165851999772713,0.13802319997921586,1.4397123999660835
A_orient_mod_pi,B_highlands_challenging,3003,18.0,0.0,45.0,affine,affine,1.0,6340,6613,689,689,1.0,0.4132593238619784,0.08646852977022913,1.0,0.9822290075613609,1.0,0.019159316193776088,0.03766317324920704,False,False,3.142625799984671,0.8225403999676928,0.11439669993706048,4.079562899889424
A_orient_2pi_control,B_highlands_challenging,3003,18.0,0.0,45.0,affine,affine,1.0,6340,6613,2302,2302,1.0,0.4760926520175627,0.035563802822259544,1.0,0.9973450414214448,1.0,0.01092544478346177,0.02550029698158606,False,False,3.0094907000893727,0.8767010999144986,0.144008900038898,4.030200700042769
B_phase_congruency,B_highlands_challenging,3003,18.0,0.0,45.0,affine,affine,1.0,4770,4826,523,519,0.9923518164435946,0.6146842429864252,0.09870100863670431,0.984375,0.9696220395255105,1.0,0.057620944467135074,0.09533771585915446,False,False,1.8003209999296814,0.43759560002945364,0.10582890000659972,2.343745499965735
C_rift2_mim,B_highlands_challenging,3003,18.0,0.0,45.0,affine,affine,1.0,4770,4826,188,176,0.9361702127659575,0.9845397127482005,0.10705627495361703,0.84375,0.9143525479011662,0.9943181818181818,0.7204639323635108,1.2130406190875416,False,False,0.6622525999555364,1.006204199977219,0.11927890009246767,1.7877357000252232
B1_rootsift,B_highlands_challenging,3003,21.0,0.0,45.0,affine,affine,1.0,6340,6351,458,450,0.982532751091703,1.2612281797112739,0.08656651113851388,0.953125,0.9449655318718969,0.9977777777777778,0.9655010054330394,1.620513457972741,False,False,0.2755056000314653,0.8364706999855116,0.13041310000699013,1.242389400023967
B1_sift,B_highlands_challenging,3003,21.0,0.0,45.0,affine,affine,1.0,6340,6351,407,382,0.9385749385749386,0.5911271743197598,0.08656651113851388,0.9375,0.9358343308510849,1.0,0.04183630379279716,0.07497774397011411,False,False,0.2748352999333292,0.7575309000676498,0.10241040005348623,1.1347766000544652
A_orient_mod_pi,B_highlands_challenging,3003,21.0,0.0,45.0,affine,affine,1.0,6340,6351,103,103,1.0,0.45985688212420944,0.17469281074217108,0.703125,0.8509745927379537,1.0,0.14992347203616915,0.30601767952589254,False,False,2.941600100020878,0.7288141999160871,0.09727839997503906,3.767692699912004
A_orient_2pi_control,B_highlands_challenging,3003,21.0,0.0,45.0,affine,affine,1.0,6340,6351,1164,1163,0.9991408934707904,0.5820868923656985,0.045479815616075475,1.0,0.9804834860512447,1.0,0.03557271690343898,0.06577196007711855,False,False,2.917254999978468,0.8028856000164524,0.11879570002201945,3.8389363000169396
B_phase_congruency,B_highlands_challenging,3003,21.0,0.0,45.0,affine,affine,1.0,4770,4813,177,169,0.9548022598870056,0.7317833707246483,0.13291458494973798,0.796875,0.9033876143007288,1.0,0.09818369919057021,0.22553570997569916,False,False,1.7881695000687614,0.4055559999542311,0.11105900001712143,2.304784500040114
C_rift2_mim,B_highlands_challenging,3003,21.0,0.0,45.0,affine,affine,1.0,4770,4813,69,55,0.7971014492753623,0.8072050201041627,0.17061763885728848,0.4375,0.7688185507192906,1.0,0.1648974785055533,0.31309074654744184,False,False,0.6332108000060543,0.7693896999116987,0.0968168000690639,1.499417299986817
B1_rootsift,B_highlands_challenging,3003,24.0,0.0,45.0,affine,affine,1.0,6340,6609,1828,1817,0.9939824945295405,1.0012863110251344,0.03440063753547632,1.0,0.9944074182225713,0.9988992845349477,0.7251149426592547,1.6527890923531836,False,False,0.3136490999022499,0.8960265000350773,0.13839929993264377,1.348074899869971
B1_sift,B_highlands_challenging,3003,24.0,0.0,45.0,affine,affine,1.0,6340,6609,1649,1638,0.9933292904790783,0.451444612945357,0.035563802822259544,1.0,0.9936419951163166,1.0,0.06574947357479731,0.08056354732719756,False,False,0.26504430000204593,0.8560387999750674,0.13895870000123978,1.260041799978353
A_orient_mod_pi,B_highlands_challenging,3003,24.0,0.0,45.0,affine,affine,1.0,6340,6609,238,238,1.0,0.3707900534218161,0.14592630964710315,0.921875,0.9451656297833301,1.0,0.04160470283434642,0.058499749815667454,False,False,3.0414057999150828,0.7761087000835687,0.10587679990567267,3.923391299904324
A_orient_2pi_control,B_highlands_challenging,3003,24.0,0.0,45.0,affine,affine,1.0,6340,6609,1867,1866,0.9994643813604713,0.4244023888840574,0.03791723900666937,1.0,0.9959999127425914,1.0,0.05147326962569932,0.0793399365644449,False,False,2.9657650999724865,0.8020746000111103,0.12024880002718419,3.888088500010781
B_phase_congruency,B_highlands_challenging,3003,24.0,0.0,45.0,affine,affine,1.0,4770,4682,513,508,0.9902534113060428,0.5916525425482271,0.0817310147212251,0.984375,0.963894201708621,1.0,0.04357420264667669,0.09298435365244556,False,False,1.755472099990584,0.39117980003356934,0.10936120001133531,2.2560131000354886
C_rift2_mim,B_highlands_challenging,3003,24.0,0.0,45.0,affine,affine,1.0,4770,4682,22,5,0.22727272727272727,0.485406360959338,0.5772474806032915,0.0625,0.3203213491478938,1.0,0.8530040751341335,1.9808685983752463,False,True,0.6659158000256866,0.7564166999654844,0.5097538999980316,1.9320863999892026
B1_rootsift,B_highlands_challenging,3003,27.0,0.0,45.0,affine,affine,1.0,6340,6638,690,682,0.9884057971014493,0.5482894163230336,0.05860821580691094,1.0,0.9805187461408018,1.0,0.06613470234983485,0.07492387477125409,False,False,0.2731505000265315,0.7987370999762788,0.10618879995308816,1.1780763999558985
B1_sift,B_highlands_challenging,3003,27.0,0.0,45.0,affine,affine,1.0,6340,6638,595,574,0.9647058823529412,0.5392045664040226,0.0653121677290857,1.0,0.9777479520749848,1.0,0.06487663138615155,0.0962135638589275,False,False,0.25274150003679097,0.7770516000455245,0.10149679996538907,1.1312899000477046
A_orient_mod_pi,B_highlands_challenging,3003,27.0,0.0,45.0,affine,affine,1.0,6340,6638,91,91,1.0,0.422819081320912,0.13541666666666669,0.65625,0.8620627633432411,1.0,0.10031379590821754,0.22421179572191655,False,False,3.001928700017743,0.895652599981986,0.12283569993451238,4.020416999934241
A_orient_2pi_control,B_highlands_challenging,3003,27.0,0.0,45.0,affine,affine,1.0,6340,6638,1302,1299,0.9976958525345622,0.48030759968705533,0.05116375704267839,1.0,0.9923959927500449,1.0,0.03285662040624518,0.05316952160371759,False,False,2.9902685000561178,0.7971512000076473,0.12496150005608797,3.912381200119853
B_phase_congruency,B_highlands_challenging,3003,27.0,0.0,45.0,affine,affine,1.0,4770,4768,205,199,0.9707317073170731,0.6566284657368336,0.1610588135006899,0.84375,0.9140141417435667,1.0,0.04418769432730714,0.09587832198951024,False,False,1.7800493999384344,0.4375107999658212,0.095941900042817,2.3135020999470726
C_rift2_mim,B_highlands_challenging,3003,27.0,0.0,45.0,affine,affine,1.0,4770,4768,19,9,0.47368421052631576,0.6605576555443641,0.29592547347380294,0.125,0.4912837965366818,1.0,0.3749298326583972,0.6103116641605546,False,False,0.6489201999502257,0.7613798000384122,0.09451199998147786,1.5048119999701157
B1_rootsift,B_highlands_challenging,3003,30.0,0.0,45.0,affine,affine,1.0,6340,6612,18,5,0.2777777777777778,0.17445152291598098,0.6113971079512163,0.0625,0.3203213491478938,0.4,442.6978508672183,820.2452832384952,True,True,0.26418590010143816,0.7634136999258772,0.27161689999047667,1.299216500017792
B1_sift,B_highlands_challenging,3003,30.0,0.0,45.0,affine,affine,1.0,6340,6612,25,5,0.2,0.057363309723454804,0.6380420914825857,0.046875,0.2536546824812271,0.6,341.61147521978285,681.6596265668061,True,True,0.2580784000456333,0.7813300000270829,0.7522511000279337,1.79165950010065
A_orient_mod_pi,B_highlands_challenging,3003,30.0,0.0,45.0,affine,affine,1.0,6340,6612,2,0,0.0,nan,1.0,0.0,0.0,0.0,inf,inf,True,True,3.107466600020416,0.867706699995324,8.359993807971478e-05,3.97525689995382
A_orient_2pi_control,B_highlands_challenging,3003,30.0,0.0,45.0,affine,affine,1.0,6340,6612,10,5,0.5,0.0482096813221467,0.48359382011756813,0.046875,0.2284917657424448,1.0,0.7198364959922188,1.6232128668996002,False,True,2.844238299992867,0.8658505999483168,0.11231810005847365,3.8224069999996573
B_phase_congruency,B_highlands_challenging,3003,30.0,0.0,45.0,affine,affine,1.0,4770,4912,16,6,0.375,0.2037416834083626,0.46597121962344534,0.0625,0.31971597234241494,1.0,0.8788217321825509,1.9483773741283894,False,True,1.7749455000739545,0.40797409997321665,0.1281971000134945,2.3111167000606656
C_rift2_mim,B_highlands_challenging,3003,30.0,0.0,45.0,affine,affine,1.0,4770,4912,10,3,0.3,2.104614309580016e-13,0.45581844363630986,0.046875,0.26416041678685936,0.0,1246.7912227730412,2802.8724935233445,True,True,0.6559115999843925,0.7836265999358147,0.21010330005083233,1.6496414999710396
B1_rootsift,B_highlands_challenging,3003,33.0,0.0,45.0,affine,affine,1.0,6340,6878,24,10,0.4166666666666667,1.0649159264054044,0.4780791837616239,0.125,0.48698801581456047,0.9,3.3684383208038975,7.738192649893287,True,False,0.2775111999362707,0.8177964000497013,0.09638939995784312,1.1916969999438152
B1_sift,B_highlands_challenging,3003,33.0,0.0,45.0,affine,affine,1.0,6340,6878,43,12,0.27906976744186046,0.6567751066207359,0.468941656420856,0.15625,0.5419381945646372,1.0,0.3785201494814926,0.8721592455014062,False,False,0.24409429996740073,0.8147947000106797,0.30613060004543513,1.3650196000235155
A_orient_mod_pi,B_highlands_challenging,3003,33.0,0.0,45.0,affine,affine,1.0,6340,6878,4,3,0.75,1.2306961192854808e-14,0.8155366930164761,0.046875,0.26416041678685936,0.6666666666666666,503.2190915514458,932.5931930148259,True,True,3.3477144999196753,0.8362251000944525,0.10933570004999638,4.293275300064124
A_orient_2pi_control,B_highlands_challenging,3003,33.0,0.0,45.0,affine,affine,1.0,6340,6878,81,77,0.9506172839506173,0.5390783107773609,0.15433944780116796,0.625,0.8396952482670555,1.0,0.1281983349623766,0.18269147048091824,False,False,2.906798299984075,0.8480504000326619,0.10023139999248087,3.855080100009218
B_phase_congruency,B_highlands_challenging,3003,33.0,0.0,45.0,affine,affine,1.0,4770,4876,24,12,0.5,0.501201365663447,0.29749113694780893,0.140625,0.5141604167868594,1.0,0.22884944601976187,0.35893711309349385,False,False,1.850224900059402,0.4122262999881059,0.08328909997362643,2.3457403000211343
C_rift2_mim,B_highlands_challenging,3003,33.0,0.0,45.0,affine,affine,1.0,4770,4876,12,4,0.3333333333333333,0.9572378379687074,0.6079488296837892,0.046875,0.25,0.5,264.01150533472276,584.2116583147036,True,True,0.6194392999168485,1.0066553000360727,0.20659439999144524,1.8326889999443665
B1_rootsift,B_highlands_challenging,3003,36.0,0.0,45.0,affine,affine,1.0,6340,6200,31,18,0.5806451612903226,0.7601219799632315,0.35028219805261224,0.22580645161290322,0.6070289351363212,1.0,0.2618844505983232,0.5481756078643543,False,False,0.3410114999860525,1.287998600048013,0.1283003999851644,1.75731050001923
B1_sift,B_highlands_challenging,3003,36.0,0.0,45.0,affine,affine,1.0,6340,6200,50,25,0.5,0.7562114727068193,0.30552657789519266,0.22580645161290322,0.5598842422902209,1.0,0.1974199906780737,0.36895359815164863,False,False,0.3569312000181526,1.2411021000007167,0.1187838000478223,1.7168171000666916
A_orient_mod_pi,B_highlands_challenging,3003,36.0,0.0,45.0,affine,affine,1.0,6340,6200,3,3,1.0,4.8539309536293246e-14,0.651398339798325,0.03225806451612903,0.1542266640507899,1.0,1.1055777351636438,2.03375987554838,False,True,2.9877901000436395,0.7383697000332177,0.07623859995510429,3.8023984000319615
A_orient_2pi_control,B_highlands_challenging,3003,36.0,0.0,45.0,affine,affine,1.0,6340,6200,108,105,0.9722222222222222,0.5635835313304196,0.1411544815923714,0.6935483870967742,0.8558820953736682,1.0,0.10538027064558628,0.2091896979044755,False,False,2.773255300009623,0.7433068000245839,0.08720119995996356,3.6037632999941707
B_phase_congruency,B_highlands_challenging,3003,36.0,0.0,45.0,affine,affine,1.0,4770,4879,25,14,0.56,0.5554274758114922,0.2580425635951095,0.1935483870967742,0.5914552447993605,1.0,0.14607880269197393,0.31475568983593,False,False,1.8390806000679731,0.41190039995126426,0.09939250000752509,2.3503735000267625
C_rift2_mim,B_highlands_challenging,3003,36.0,0.0,45.0,affine,affine,1.0,4770,4879,6,3,0.5,6.946380525059552e-13,0.6667480419085525,0.04838709677419355,0.2661925166888178,0.3333333333333333,2423.2297600902984,4874.338579675381,True,True,0.6259585999650881,0.7632377999834716,0.09569630003534257,1.4848926999839023
B1_rootsift,B_highlands_challenging,3003,40.0,0.0,45.0,affine,affine,1.0,6340,6711,12,3,0.25,2.285548453417584e-13,0.4838742090843589,0.03125,0.15304930567574826,0.0,663.979051501658,1366.3136355581057,True,True,0.2878047999693081,0.7910111000528559,0.3936133999377489,1.472429299959913
B1_sift,B_highlands_challenging,3003,40.0,0.0,45.0,affine,affine,1.0,6340,6711,21,3,0.14285714285714285,3.2818563180946156e-14,0.4419762635912986,0.046875,0.26416041678685936,0.0,224.11783186594747,344.6757860330025,True,True,0.30122869997285306,1.0261262999847531,2.5327527000335976,3.860107699991204
A_orient_mod_pi,B_highlands_challenging,3003,40.0,0.0,45.0,affine,affine,1.0,6340,6711,2,0,0.0,nan,1.0,0.0,0.0,0.0,inf,inf,True,True,3.058752099983394,0.7816485000075772,8.580007124692202e-05,3.8404864000622183
A_orient_2pi_control,B_highlands_challenging,3003,40.0,0.0,45.0,affine,affine,1.0,6340,6711,12,11,0.9166666666666666,0.38029669412727246,0.4272460627480148,0.125,0.4742251561037395,1.0,0.26833197209591164,0.6250352182154097,False,False,2.992666600039229,0.8368740000296384,0.08814279991202056,3.9176833999808878
B_phase_congruency,B_highlands_challenging,3003,40.0,0.0,45.0,affine,affine,1.0,4770,4974,24,6,0.25,0.30963439626081485,0.45823344673874417,0.078125,0.37527152789797047,1.0,0.5533260735576562,0.9978466909977858,False,True,1.783914800034836,0.41898860002402216,0.562422199989669,2.765325600048527
C_rift2_mim,B_highlands_challenging,3003,40.0,0.0,45.0,affine,affine,1.0,4770,4974,9,4,0.4444444444444444,0.487055761572532,0.45034016126778487,0.0625,0.33333333333333337,1.0,1.1176715196169398,2.0563754235910103,False,True,0.7234552000882104,0.9050410001073033,0.10160460008773953,1.7301008002832532
B1_rootsift,B_highlands_challenging,3003,45.0,0.0,45.0,affine,affine,1.0,6340,6581,9,3,0.3333333333333333,1.6409281590473078e-14,0.5766744659425619,0.046875,0.26416041678685936,0.0,242.91484522856786,379.6619143698929,True,True,0.2612532000057399,0.7728997999802232,0.18216389999724925,1.2163168999832124
B1_sift,B_highlands_challenging,3003,45.0,0.0,45.0,affine,affine,1.0,6340,6581,36,4,0.1111111111111111,0.7502885642589564,0.5034501461874656,0.0625,0.33333333333333337,0.0,202.5579233721193,376.28855668094104,True,True,0.25587150000501424,0.769591600052081,5.059227799996734,6.084690900053829
A_orient_mod_pi,B_highlands_challenging,3003,45.0,0.0,45.0,affine,affine,1.0,6340,6581,1,0,0.0,nan,1.0,0.0,0.0,0.0,inf,inf,True,True,2.948087599943392,0.7788596999598667,7.039995398372412e-05,3.7270176998572424
A_orient_2pi_control,B_highlands_challenging,3003,45.0,0.0,45.0,affine,affine,1.0,6340,6581,1,0,0.0,nan,1.0,0.0,0.0,0.0,inf,inf,True,True,2.8817463000304997,0.8277563999872655,5.489995237439871e-05,3.7095575999701396
B_phase_congruency,B_highlands_challenging,3003,45.0,0.0,45.0,affine,affine,1.0,4770,4976,13,3,0.23076923076923078,5.916450616797797e-14,0.4684497012624165,0.046875,0.26416041678685936,0.0,278.756262247182,546.3383188506994,True,True,1.7525975999888033,0.41689360002055764,0.4736255999887362,2.643116799998097
C_rift2_mim,B_highlands_challenging,3003,45.0,0.0,45.0,affine,affine,1.0,4770,4976,2,0,0.0,nan,1.0,0.0,0.0,0.0,inf,inf,True,True,0.6418529000366107,0.8436998999677598,7.650000043213367e-05,1.4856293000048026
