"# a registered product; no ground truth exists for it; corroborated, not verified; class B."
# edge: nac.m1299958135lc -> nac.m1271742202lc  (source -> reference)
"# transform: read from experiments/REAL-DATA-04/loop_closure_real_data_04.json, model affine, NOT re-estimated here"
# points: read from src/siim/demo/assets/real_data_04.json (certified against the artefact)
"# src/dst line,sample are FULL-FRAME 0-based pixel coordinates (decimation 2x undone)"
"# ground lon/lat: FrameCorners.lonlat_at on each product's own named archive corners, east-positive degrees"
"# residual_px: ||T(src) - dst|| in DECIMATED reference pixels. A FIT residual, not an accuracy (D-003)"
index,is_inlier,residual_px,src_line,src_sample,src_lon_deg,src_lat_deg,dst_line,dst_sample,dst_lon_deg,dst_lat_deg,src_tile_x,src_tile_y,dst_tile_x,dst_tile_y
0,0,498.537847,45271.500,1733.880,22.04895899,19.69184322,9043.580,2684.020,22.01769424,19.68449908,20.1900,1404.0000,408.7600,1315.0400
1,0,1068.964841,46150.220,1857.820,22.04632703,19.72388973,9553.240,3876.760,21.98246543,19.70315291,82.1600,1843.3600,1005.1300,1569.8700
2,1,0.428469,43271.420,1893.720,22.03836479,19.61977412,6951.840,1896.540,22.03745750,19.61605354,100.1100,403.9600,15.0200,269.1700
3,1,0.250257,43387.440,1893.900,22.03862463,19.62397335,7082.460,1895.720,22.03773863,19.62022892,100.2000,461.9700,14.6100,334.4800
4,1,0.760109,43262.680,1897.640,22.03819760,19.61946556,6942.040,1899.000,22.03736409,19.61574501,102.0700,399.5900,16.2500,264.2700
5,1,0.731707,43280.160,1897.780,22.03823251,19.62009845,6962.180,1899.340,22.03739337,19.61638972,102.1400,408.3300,16.4200,274.3400
6,1,0.185434,45673.740,1898.580,22.04370255,19.70672597,9676.000,1893.360,22.04290128,19.70316112,102.5400,1605.1200,13.4300,1631.2500
7,1,0.334197,45541.120,1901.260,22.04329724,19.70193162,9524.600,1896.780,22.04250027,19.69832637,103.8800,1538.8100,15.1400,1555.5500
8,1,0.108339,42857.380,1901.720,22.03711317,19.60480542,6481.800,1906.380,22.03623851,19.60104192,104.1100,196.9400,19.9400,34.1500
9,1,0.735885,43270.960,1905.100,22.03793667,19.61977995,6951.220,1910.540,22.03703415,19.61606136,105.8000,403.7300,22.0200,268.8600
10,1,0.676735,43278.860,1906.780,22.03789178,19.62006918,6959.780,1912.380,22.03699546,19.61633873,106.6400,407.6800,22.9400,273.1400
11,1,0.959508,43215.440,1911.880,22.03755466,19.61778402,6888.280,1919.100,22.03665261,19.61406556,109.1900,375.9700,26.3000,237.3900
12,1,0.959508,43215.440,1911.880,22.03755466,19.61778402,6888.280,1919.100,22.03665261,19.61406556,109.1900,375.9700,26.3000,237.3900
13,1,0.959508,43215.440,1911.880,22.03755466,19.61778402,6888.280,1919.100,22.03665261,19.61406556,109.1900,375.9700,26.3000,237.3900
14,1,0.696664,43235.580,1913.980,22.03752213,19.61851706,6911.740,1920.660,22.03665158,19.61481885,110.2400,386.0400,27.0800,249.1200
15,1,0.356081,43113.620,1917.580,22.03710679,19.61411032,6771.920,1923.920,22.03627913,19.61035409,112.0400,325.0600,28.7100,179.2100
16,1,0.307863,44585.560,1918.820,22.04044254,19.66738368,8441.440,1921.140,22.03963690,19.66373692,112.6600,1061.0300,27.3200,1013.9700
17,1,0.589936,46159.480,1919.820,22.04402162,19.72434731,10225.880,1917.340,22.04325177,19.72079268,113.1600,1847.9900,25.4200,1906.1900
18,1,0.603543,44266.420,1919.840,22.03967093,19.65583571,8078.920,1922.140,22.03889575,19.65214615,113.1700,901.4600,27.8200,832.7100
19,1,0.603543,44266.420,1919.840,22.03967093,19.65583571,8078.920,1922.140,22.03889575,19.65214615,113.1700,901.4600,27.8200,832.7100
20,1,0.380687,45149.420,1919.900,22.04169767,19.68779244,9081.800,1919.500,22.04094238,19.68421128,113.2000,1342.9600,26.5000,1334.1500
21,1,0.288177,46323.660,1923.380,22.04426529,19.73029617,10412.520,1920.500,22.04352172,19.72676734,114.9400,1930.0800,27.0000,1999.5100
22,1,0.283117,43201.180,1923.720,22.03707757,19.61729133,6871.760,1930.520,22.03627593,19.61355984,115.1100,368.8400,32.0100,229.1300
23,1,1.293586,46333.780,1923.960,22.04426678,19.73066357,10422.740,1922.720,22.04347424,19.72709855,115.2300,1935.1400,28.1100,2004.6200
24,1,0.290179,46108.740,1924.280,22.04373766,19.72251979,10169.480,1921.360,22.04301896,19.71899705,115.3900,1822.6200,27.4300,1877.9900
25,1,0.095120,43425.080,1928.900,22.03739767,19.62540471,7126.000,1936.440,22.03659575,19.62170168,117.7000,480.7900,34.9700,356.2500
26,1,0.778192,43103.920,1930.940,22.03658314,19.61378565,6761.540,1941.380,22.03573257,19.61005664,118.7200,320.2100,37.4400,174.0200
27,1,0.802177,43319.880,1934.120,22.03696005,19.62160773,7006.940,1941.240,22.03621765,19.61790383,120.3100,428.1900,37.3700,296.7200
28,1,0.428383,46146.460,1934.600,22.04343706,19.72390530,10212.440,1933.020,22.04274875,19.72039386,120.5500,1841.4800,33.2600,1899.4700
29,1,0.628093,45966.660,1934.980,22.04300964,19.71739891,10006.800,1934.440,22.04230252,19.71382066,120.7400,1751.5800,33.9700,1796.6500
30,1,0.140360,44563.120,1936.400,22.03973125,19.66660627,8416.140,1941.140,22.03898202,19.66296738,121.4500,1049.8100,37.3200,1001.3200
31,1,0.093856,45291.240,1939.560,22.04128576,19.69296387,9242.280,1942.500,22.04055962,19.68938857,123.0300,1413.8700,38.0000,1414.3900
32,1,0.326660,44515.460,1939.840,22.03949264,19.66488821,8362.200,1944.760,22.03876679,19.66124962,123.1700,1025.9800,39.1300,974.3500
33,0,3.216114,45815.420,1941.880,22.04240318,19.71193902,9835.900,1949.720,22.04150349,19.70838576,124.1900,1675.9600,41.6100,1711.2000
34,1,1.099238,45024.060,1945.000,22.04046768,19.68330512,8937.280,1948.540,22.03977897,19.67964714,125.7500,1280.2800,41.0200,1261.8900
35,1,1.677218,43203.640,1946.300,22.03623586,19.61742495,6878.080,1958.200,22.03545385,19.61381661,126.4000,370.0700,45.8500,232.2900
36,1,0.956881,45692.640,1946.580,22.04194468,19.70750478,9697.620,1951.120,22.04119011,19.70396657,126.5400,1614.5700,42.3100,1642.0600
37,1,0.393284,44277.500,1946.660,22.03868991,19.65628968,8091.800,1954.280,22.03794913,19.65262151,126.5800,907.0000,43.8900,839.1500
38,1,0.471796,45936.460,1947.340,22.04247641,19.71633036,9973.280,1948.520,22.04180906,19.71277656,126.9200,1736.4800,41.0100,1779.8900
39,1,0.381273,45102.660,1947.580,22.04055147,19.68615482,9028.680,1953.080,22.03982041,19.68257892,127.0400,1319.5800,43.2900,1307.5900
40,1,0.160390,46152.120,1947.700,22.04295846,19.72413601,10218.440,1949.280,22.04226621,19.72061785,127.1000,1844.3100,41.3900,1902.4700
41,1,0.064413,43777.200,1948.180,22.03748326,19.63818635,7525.320,1957.540,22.03674123,19.63451291,127.3400,656.8500,45.5200,555.9100
42,1,0.320951,45201.900,1949.420,22.04071046,19.68975004,9140.820,1954.860,22.03998608,19.68616847,127.9600,1369.2000,44.1800,1363.6600
43,1,0.320951,45201.900,1949.420,22.04071046,19.68975004,9140.820,1954.860,22.03998608,19.68616847,127.9600,1369.2000,44.1800,1363.6600
44,1,0.757363,45147.440,1950.100,22.04055980,19.68778043,9078.640,1956.640,22.03981035,19.68418358,128.3000,1341.9700,45.0700,1332.5700
45,1,0.871525,45862.960,1952.040,22.04213114,19.71367961,9890.920,1953.320,22.04150192,19.71015231,129.2700,1699.7300,43.4100,1738.7100
46,1,0.645771,46134.440,1952.360,22.04274295,19.72350536,10197.320,1953.720,22.04208987,19.71995124,129.4300,1835.4700,43.6100,1891.9100
47,1,2.186537,45422.220,1953.700,22.04105610,19.69773209,9389.440,1962.640,22.04023698,19.69413427,130.1000,1479.3600,48.0700,1487.9700
48,1,0.189256,45008.660,1954.920,22.04006002,19.68276737,8922.080,1961.500,22.03935648,19.67918666,130.7100,1272.5800,47.5000,1254.2900
49,1,0.381463,46306.040,1958.020,22.04292486,19.72972691,10392.280,1960.720,22.04225883,19.72619954,132.2600,1921.2700,47.1100,1989.3900
50,1,0.592944,46134.220,1959.980,22.04245649,19.72351245,10199.160,1962.700,22.04182050,19.72002781,133.2400,1835.3600,48.1000,1892.8300
51,1,0.945193,46273.040,1960.240,22.04276572,19.72853699,10354.060,1962.080,22.04214263,19.72498002,133.3700,1904.7700,47.7900,1970.2800
52,1,0.432234,44415.800,1960.800,22.03847707,19.66132282,8249.060,1969.440,22.03779853,19.65768035,133.6500,976.1500,51.4700,917.7800
53,1,0.970290,46112.660,1962.360,22.04231763,19.72273687,10172.600,1967.780,22.04161409,19.71918851,134.4300,1824.5800,50.6400,1879.5500
54,0,922.788718,44809.880,1963.320,22.03928803,19.67558992,9727.380,3502.540,21.99414342,19.70798248,134.9100,1173.1900,818.0200,1656.9400
55,1,0.410032,45993.500,1963.640,22.04199579,19.71842689,10038.280,1967.360,22.04136392,19.71489236,135.0700,1765.0000,50.4300,1812.3900
56,1,0.410032,45993.500,1963.640,22.04199579,19.71842689,10038.280,1967.360,22.04136392,19.71489236,135.0700,1765.0000,50.4300,1812.3900
57,1,0.356065,46036.340,1964.200,22.04207321,19.71997841,10086.660,1969.080,22.04140635,19.71644286,135.3500,1786.4200,51.2900,1836.5800
58,1,0.338401,46139.620,1965.060,22.04227826,19.72371791,10204.880,1968.880,22.04164384,19.72022294,135.7800,1838.0600,51.1900,1895.6900
59,1,0.900507,43170.880,1966.460,22.03540404,19.61627916,6838.020,1982.840,22.03463266,19.61258423,136.4800,353.6900,58.1700,212.2600
60,1,0.900507,43170.880,1966.460,22.03540404,19.61627916,6838.020,1982.840,22.03463266,19.61258423,136.4800,353.6900,58.1700,212.2600
61,1,0.328865,43325.560,1967.560,22.03571819,19.62187935,7012.640,1982.160,22.03499479,19.61816693,137.0300,431.0300,57.8300,299.5700
62,1,0.596926,45431.240,1968.340,22.04052743,19.69808745,9401.200,1976.700,22.03983345,19.69453810,137.4200,1483.8700,55.1000,1493.8500
63,1,0.267460,45681.240,1969.720,22.04105010,19.70713791,9685.080,1976.220,22.04040353,19.70361514,138.1100,1608.8700,54.8600,1635.7900
64,1,0.825365,45783.580,1971.780,22.04120796,19.71084576,9802.200,1978.780,22.04055498,19.70736549,139.1400,1660.0400,56.1400,1694.3500
65,1,0.652220,42918.280,1972.260,22.03460595,19.60714878,6552.500,1988.040,22.03391744,19.60346407,139.3800,227.3900,60.7700,69.5000
66,1,1.360097,43512.940,1972.940,22.03594686,19.62867143,7225.920,1990.160,22.03517067,19.62500305,139.7200,524.7200,61.8300,406.2100
67,1,0.709980,43500.600,1974.200,22.03587122,19.62822732,7211.320,1990.320,22.03513728,19.62453648,140.3500,518.5500,61.9100,398.9100
68,1,0.473072,46027.060,1975.060,22.04164434,19.71966401,10077.680,1981.240,22.04101925,19.71617972,140.7800,1781.7800,57.3700,1832.0900
69,1,0.641696,45815.460,1976.160,22.04111684,19.71200818,9835.660,1982.720,22.04050079,19.70844326,141.3300,1675.9800,58.1100,1711.0800
70,1,0.258227,45826.680,1976.260,22.04113887,19.71241444,9849.580,1983.920,22.04049157,19.70889077,141.3800,1681.5900,58.7100,1718.0400
71,1,1.109523,45752.540,1977.080,22.04093774,19.70973286,9767.000,1986.200,22.04026079,19.70625451,141.7900,1644.5200,59.8500,1676.7500
72,1,1.131594,46182.260,1977.700,22.04190190,19.72528606,10253.520,1986.000,22.04121856,19.72181217,142.1000,1859.3800,59.7500,1920.0100
73,1,2.128305,43820.340,1978.280,22.03645282,19.63980708,7578.500,1991.740,22.03581253,19.63628106,142.3900,678.4200,62.6200,582.5000
74,1,0.432103,43701.680,1978.620,22.03616740,19.63551333,7440.640,1993.360,22.03549401,19.63187574,142.5600,619.0900,63.4300,513.5700
75,1,0.403275,46131.820,1978.880,22.04174171,19.72346292,10195.120,1986.100,22.04110128,19.71994484,142.6900,1834.1600,59.8000,1890.8100
76,1,1.020383,44460.440,1981.360,22.03780808,19.66297899,8300.880,1992.100,22.03721439,19.65938222,143.9300,998.4700,62.8000,943.6900
77,1,0.429648,43723.760,1981.580,22.03610706,19.63631827,7465.600,1997.200,22.03542689,19.63268150,144.0400,630.1300,65.3500,526.0500
78,1,0.429648,43723.760,1981.580,22.03610706,19.63631827,7465.600,1997.200,22.03542689,19.63268150,144.0400,630.1300,65.3500,526.0500
79,1,0.429648,43723.760,1981.580,22.03610706,19.63631827,7465.600,1997.200,22.03542689,19.63268150,144.0400,630.1300,65.3500,526.0500
80,1,2.788866,42951.540,1984.360,22.03422829,19.60837639,6583.600,2003.220,22.03352098,19.60448857,145.4300,244.0200,68.3600,85.0500
81,1,0.317763,46146.060,1984.800,22.04155227,19.72398997,10212.300,1992.580,22.04093790,19.72050702,145.6500,1841.2800,63.0400,1899.4000
82,1,0.317763,46146.060,1984.800,22.04155227,19.72398997,10212.300,1992.580,22.04093790,19.72050702,145.6500,1841.2800,63.0400,1899.4000
83,1,0.232671,45574.100,1987.960,22.04011942,19.70329644,9563.440,1997.560,22.03951783,19.69976746,147.2300,1555.3000,65.5300,1574.9700
84,1,0.745757,46145.860,1989.080,22.04139120,19.72399119,10210.600,1998.440,22.04075644,19.72046424,147.7900,1841.1800,65.9700,1898.5500
85,1,0.740184,45824.820,1991.380,22.04056719,19.71237699,9848.300,2002.300,22.03993084,19.70888614,148.9400,1680.6600,67.9000,1717.4000
86,1,0.161580,43490.360,1991.900,22.03518346,19.62789169,7200.540,2009.640,22.03453329,19.62422991,149.2000,513.4300,71.5700,393.5200
87,1,0.606594,43702.080,1992.800,22.03563619,19.63555581,7441.080,2009.040,22.03502150,19.63192078,149.6500,619.2900,71.2700,513.7900
88,1,0.440487,45293.700,1995.180,22.03920416,19.69316275,9245.860,2007.920,22.03858270,19.68963227,150.8400,1415.1000,70.7100,1416.1800
89,1,0.475431,42948.760,1995.780,22.03379335,19.60829833,6585.560,2016.840,22.03311451,19.60457815,151.1400,242.6300,75.1700,86.0300
90,1,0.379960,45127.080,1995.820,22.03879727,19.68713388,9055.920,2009.300,22.03816964,19.68356104,151.1600,1331.7900,71.4000,1321.2100
91,1,0.313702,46158.360,1995.920,22.04116323,19.72445708,10225.400,2005.740,22.04056345,19.72095193,151.2100,1847.4300,69.6200,1905.9500
92,1,2.037759,42867.540,1996.740,22.03357069,19.60536080,6494.900,2021.400,22.03280004,19.60168801,151.6200,202.0200,77.4500,40.7000
93,1,0.392720,43567.840,1998.740,22.03510481,19.63070927,7288.280,2018.140,22.03444825,19.62705247,152.6200,552.1700,75.8200,437.3900
94,1,0.455982,43102.080,2001.580,22.03392799,19.61385858,6759.820,2023.180,22.03326391,19.61016320,154.0400,319.2900,78.3400,173.1600
95,0,3.683863,43151.060,2002.320,22.03401277,19.61563268,6814.120,2015.740,22.03359423,19.61188493,154.4100,343.7800,74.6200,200.3100
96,1,0.640099,46125.960,2003.680,22.04079757,19.72329982,10188.920,2015.660,22.04019061,19.71980496,155.0900,1831.2300,74.5800,1887.7100
97,1,0.117241,46133.800,2005.580,22.04074429,19.72358731,10198.100,2016.760,22.04017511,19.72010069,156.0400,1835.1500,75.1300,1892.3000
98,1,0.536351,42981.820,2005.860,22.03349104,19.60951471,6622.660,2028.180,22.03284535,19.60578694,156.1800,259.1600,80.8400,104.5800
99,1,0.415610,43541.600,2007.240,22.03472554,19.62977641,7259.160,2027.740,22.03410167,19.62614023,156.8700,539.0500,80.6200,422.8300
100,1,0.323427,43554.780,2007.340,22.03475207,19.63025360,7273.340,2028.100,22.03411850,19.62659439,156.9200,545.6400,80.8000,429.9200
101,1,0.413557,43110.640,2007.500,22.03372550,19.61418007,6769.600,2029.980,22.03307806,19.61048938,157.0000,323.5700,81.7400,178.0500
102,1,0.311858,42962.440,2010.680,22.03326563,19.60882285,6601.620,2034.000,22.03262893,19.60512562,158.5900,249.4700,83.7500,94.0600
103,1,0.412341,43530.500,2010.880,22.03456343,19.62938188,7245.600,2030.880,22.03398044,19.62571281,158.6900,533.5000,82.1900,416.0500
104,1,1.430753,46212.300,2011.360,22.04070776,19.72643972,10286.440,2025.860,22.04007102,19.72294362,158.9300,1874.4000,79.6800,1936.4700
105,1,0.692845,44481.360,2011.800,22.03671383,19.66379622,8323.920,2030.860,22.03608672,19.66019555,159.1500,1008.9300,82.1800,955.2100
106,1,0.136056,44431.320,2012.060,22.03658909,19.66198574,8267.120,2029.880,22.03600545,19.65837725,159.2800,983.9100,81.6900,926.8100
107,1,0.539741,44443.460,2012.900,22.03658546,19.66242676,8281.340,2029.840,22.03603443,19.65883190,159.7000,989.9800,81.6700,933.9200
108,1,0.832975,43275.280,2013.320,22.03388541,19.62015005,6957.560,2036.620,22.03324490,19.61651313,159.9100,405.8900,85.0600,272.0300
109,1,0.103784,44457.340,2015.380,22.03652429,19.66293399,8296.820,2033.560,22.03595211,19.65933427,160.9400,996.9200,83.5300,941.6600
110,1,0.460348,46153.380,2015.980,22.04039900,19.72431647,10219.740,2027.860,22.03987995,19.72081463,161.2400,1844.9400,80.6800,1903.1200
111,1,0.255253,42877.060,2016.080,22.03286679,19.60574354,6505.380,2039.920,22.03226272,19.60205972,161.2900,206.7800,86.7100,45.9400
112,0,5.001410,45995.000,2016.500,22.04001555,19.71858558,10039.660,2019.840,22.03977196,19.71504014,161.5000,1765.7500,76.6700,1813.0800
113,1,0.177402,46131.580,2017.400,22.04029561,19.72353032,10195.400,2030.720,22.03974548,19.72004192,161.9500,1834.0400,82.1100,1890.9500
114,1,0.187890,42979.020,2019.040,22.03299000,19.60943941,6620.760,2043.360,22.03238430,19.60575617,162.7700,257.7600,88.4300,103.6300
115,1,0.320745,46182.540,2019.180,22.04034591,19.72537812,10253.620,2032.840,22.03979471,19.72190788,162.8400,1859.5200,83.1700,1920.0600
116,1,0.320745,46182.540,2019.180,22.04034591,19.72537812,10253.620,2032.840,22.03979471,19.72190788,162.8400,1859.5200,83.1700,1920.0600
117,1,0.331025,46369.080,2020.300,22.04073252,19.73213139,10464.280,2033.300,22.04019205,19.72864533,163.4000,1952.7900,83.4000,2025.3900
118,1,0.331025,46369.080,2020.300,22.04073252,19.73213139,10464.280,2033.300,22.04019205,19.72864533,163.4000,1952.7900,83.4000,2025.3900
119,1,0.314455,46162.420,2021.220,22.04022313,19.72465399,10230.840,2035.260,22.03967666,19.72118420,163.8600,1849.4600,84.3800,1908.6700
120,1,0.717951,43297.240,2021.780,22.03361839,19.62096151,6982.320,2046.280,22.03300194,19.61732399,164.1400,416.8700,89.8900,284.4100
121,1,0.942758,46138.300,2022.220,22.04013018,19.72378304,10203.780,2037.760,22.03954783,19.72032381,164.3600,1837.4000,85.6300,1895.1400
122,1,0.723805,43593.020,2023.400,22.03423725,19.63166927,7318.000,2045.240,22.03368843,19.62805639,164.9500,564.7600,89.3700,452.2500
123,1,0.092926,45470.540,2023.540,22.03854624,19.69961878,9445.740,2039.860,22.03800426,19.69608716,165.0200,1503.5200,86.6800,1516.1200
124,1,0.092926,45470.540,2023.540,22.03854624,19.69961878,9445.740,2039.860,22.03800426,19.69608716,165.0200,1503.5200,86.6800,1516.1200
125,1,0.096083,46128.240,2023.800,22.04004777,19.72342208,10191.560,2037.840,22.03952155,19.71993319,165.1500,1832.3700,85.6700,1889.0300
126,1,0.457453,43899.820,2023.800,22.03492722,19.64277344,7663.900,2045.880,22.03434417,19.63911893,165.1500,718.1600,89.6900,625.2000
127,1,0.438070,46046.680,2025.900,22.03978155,19.72047449,10099.860,2039.940,22.03927871,19.71700493,166.2000,1791.5900,86.7200,1843.1800
128,1,0.378114,44459.000,2025.960,22.03613106,19.66301496,8298.500,2045.420,22.03559657,19.65941142,166.2300,997.7500,89.4600,942.5000
129,1,0.062574,45535.360,2026.920,22.03856834,19.70197135,9519.340,2043.460,22.03803869,19.69844787,166.7100,1535.9300,88.4800,1552.9200
130,1,1.905784,43990.220,2027.180,22.03500810,19.64605178,7766.520,2045.380,22.03455955,19.64239955,166.8400,763.3600,89.4400,676.5100
131,1,0.384512,45208.960,2028.540,22.03775753,19.69016182,9149.840,2047.100,22.03720714,19.68663910,167.5200,1372.7300,90.3000,1368.1700
132,1,0.209800,44406.460,2029.620,22.03587299,19.66112072,8238.920,2050.340,22.03533147,19.65751587,168.0600,971.4800,91.9200,912.7100
133,1,0.076936,45292.360,2030.740,22.03786661,19.69318449,9243.840,2048.680,22.03734267,19.68964818,168.6200,1414.4300,91.0900,1415.1700
134,1,1.181886,44429.820,2031.600,22.03585236,19.66197005,8264.120,2051.100,22.03535765,19.65832323,169.0500,983.1600,92.3000,925.3100
135,1,0.675555,44477.820,2033.740,22.03588235,19.66371144,8321.060,2054.040,22.03537979,19.66014988,170.1200,1007.1600,93.7700,953.7800
136,1,0.178348,44381.840,2034.660,22.03562728,19.66023965,8211.220,2056.200,22.03510016,19.65664165,170.5800,959.1700,94.8500,898.8600
137,1,1.520486,44354.620,2034.960,22.03555347,19.65925513,8180.940,2053.940,22.03510945,19.65566889,170.7300,945.5600,93.7200,883.7200
138,1,0.261194,43089.500,2035.100,22.03264118,19.61346951,6746.400,2061.540,22.03208164,19.60980982,170.8000,313.0000,97.5200,166.4500
139,1,0.143467,46172.160,2035.220,22.03972013,19.72503414,10241.560,2051.320,22.03920935,19.72155873,170.8600,1854.3300,92.4100,1914.0300
140,1,0.759582,46133.520,2037.460,22.03954728,19.72364015,10198.780,2054.960,22.03901522,19.72019789,171.9800,1835.0100,94.2300,1892.6400
141,1,1.278687,43205.660,2038.280,22.03278876,19.61767973,6879.120,2062.680,22.03230613,19.61405623,172.3900,371.0800,98.0900,232.8100
142,1,1.152180,46096.540,2040.800,22.03933696,19.72230840,10155.180,2060.000,22.03877697,19.71881359,173.6500,1816.5200,96.7500,1870.8400
143,1,0.339471,43373.100,2042.320,22.03302190,19.62374752,7066.920,2069.200,22.03247575,19.62007462,174.4100,454.8000,101.3500,326.7100
144,1,0.121585,46207.640,2043.040,22.03950819,19.72633364,10281.680,2059.940,22.03902554,19.72285872,174.7700,1872.0700,96.7200,1934.0900
145,1,0.789582,43284.060,2044.180,22.03274750,19.62052875,6965.040,2070.980,22.03222342,19.61682019,175.3400,410.2800,102.2400,275.7700
146,1,0.157863,44885.400,2048.280,22.03627326,19.67849087,8782.240,2070.520,22.03578035,19.67493015,177.3900,1210.9500,102.0100,1184.3700
147,1,0.458539,43331.960,2048.500,22.03269545,19.62227083,7020.840,2075.340,22.03220073,19.61861319,177.5000,434.2300,104.4200,303.6700
148,1,0.926908,44506.400,2049.940,22.03534008,19.66477778,8351.340,2075.140,22.03480042,19.66115985,178.2200,1021.4500,104.3200,968.9200
149,0,284.377314,46189.760,2050.220,22.03919766,19.72570073,9704.160,1955.920,22.04105719,19.70418519,178.3600,1863.1300,44.7100,1645.3300
150,1,0.437777,44406.420,2051.820,22.03503979,19.66116312,8238.860,2075.740,22.03456300,19.65756412,179.1600,971.4600,104.6200,912.6800
151,0,7.038851,43737.320,2054.060,22.03341825,19.63695218,7492.740,2088.520,22.03272269,19.63372976,180.2800,636.9100,111.0100,539.6200
152,1,0.191470,45794.380,2054.160,22.03814129,19.71139933,9813.560,2074.740,22.03766300,19.70791829,180.3300,1665.4400,104.1200,1700.0300
153,1,0.176024,43450.740,2054.820,22.03273121,19.62658208,7155.300,2083.300,22.03222271,19.62292871,180.6600,493.6200,108.4000,370.9000
154,1,0.470606,43482.040,2056.400,22.03274384,19.62771797,7190.720,2085.800,22.03221630,19.62406631,181.4500,509.2700,109.6500,388.6100
155,1,0.366059,44366.900,2057.340,22.03474183,19.65974376,8194.040,2082.540,22.03426996,19.65614429,181.9200,951.7000,108.0200,890.2700
156,1,0.310977,46185.080,2057.980,22.03889570,19.72554668,10255.780,2077.520,22.03844055,19.72206521,182.2400,1860.7900,105.5100,1921.1400
157,1,0.596292,44704.380,2058.180,22.03548578,19.67195914,8577.100,2081.680,22.03504251,19.66839218,182.3400,1120.4400,107.5900,1081.8000
158,1,0.408256,43149.860,2059.120,22.03187847,19.61570144,6814.940,2089.940,22.03135928,19.61205770,182.8100,343.1800,111.7200,200.7200
159,1,0.254893,46125.880,2059.700,22.03869512,19.72340757,10189.040,2080.220,22.03822838,19.71993631,183.1000,1831.1900,106.8600,1887.7700
160,1,1.013702,46027.060,2060.060,22.03845454,19.71983190,10079.240,2080.380,22.03800952,19.71642541,183.2800,1781.7800,106.9400,1832.8700
161,1,0.356759,44624.120,2060.580,22.03521129,19.66905919,8485.580,2086.020,22.03473278,19.66547410,183.5400,1080.3100,109.7600,1036.0400
162,1,0.356759,44624.120,2060.580,22.03521129,19.66905919,8485.580,2086.020,22.03473278,19.66547410,183.5400,1080.3100,109.7600,1036.0400
163,1,0.356759,44624.120,2060.580,22.03521129,19.66905919,8485.580,2086.020,22.03473278,19.66547410,183.5400,1080.3100,109.7600,1036.0400
164,1,0.735357,43264.900,2061.520,22.03205275,19.61986958,6945.760,2092.900,22.03152490,19.61624694,184.0100,400.7000,113.2000,266.1300
165,1,0.557817,44201.760,2062.080,22.03418449,19.65377654,8007.020,2088.060,22.03373860,19.65017462,184.2900,869.1300,110.7800,796.7600
166,1,0.557817,44201.760,2062.080,22.03418449,19.65377654,8007.020,2088.060,22.03373860,19.65017462,184.2900,869.1300,110.7800,796.7600
167,1,0.761569,45595.580,2065.200,22.03727018,19.70422638,9588.300,2086.520,22.03686632,19.70073814,185.8500,1566.0400,110.0100,1587.4000
168,1,1.067627,44429.680,2065.220,22.03459038,19.66203139,8267.120,2090.320,22.03417702,19.65849663,185.8600,983.0900,111.9100,926.8100
169,1,1.122063,43323.280,2066.260,22.03200902,19.62199177,7010.900,2099.240,22.03146060,19.61834253,186.3800,429.8900,116.3700,298.7000
170,0,3.137027,45753.340,2066.740,22.03757489,19.70993890,9772.400,2092.200,22.03705257,19.70663655,186.6200,1644.9200,112.8500,1679.4500
171,1,0.496572,43107.300,2067.320,22.03147295,19.61417735,6765.380,2099.460,22.03097580,19.61049167,186.9100,321.9000,116.4800,175.9400
172,1,0.518596,43480.420,2068.940,22.03226953,19.62768411,7189.180,2100.620,22.03176618,19.62404634,187.7200,508.4600,117.0600,387.8400
173,1,0.468528,46184.480,2069.640,22.03845675,19.72554800,10256.420,2091.860,22.03800582,19.72211399,188.0700,1860.4900,112.6800,1921.4600
174,1,0.502504,43337.780,2074.000,22.03175188,19.62253183,7027.700,2107.000,22.03125929,19.61889509,190.2500,437.1400,120.2500,307.1000
175,1,0.502504,43337.780,2074.000,22.03175188,19.62253183,7027.700,2107.000,22.03125929,19.61889509,190.2500,437.1400,120.2500,307.1000
176,1,0.914019,44005.060,2074.020,22.03328443,19.64668137,7783.340,2105.260,22.03278308,19.64305570,190.2600,770.7800,119.3800,684.9200
177,1,0.673413,43266.300,2074.640,22.03156361,19.61994616,6946.160,2108.260,22.03106254,19.61629007,190.5700,401.4000,120.8800,266.3300
178,1,0.307006,43803.620,2074.780,22.03279303,19.63939256,7555.960,2104.700,22.03235726,19.63578338,190.6400,670.0600,119.1000,571.2300
179,1,0.355924,43487.740,2074.800,22.03206644,19.62796060,7197.440,2105.760,22.03162718,19.62432063,190.6500,512.1200,119.6300,391.9700
180,1,0.355261,43625.320,2075.200,22.03236757,19.63294055,7354.280,2105.960,22.03192652,19.62933649,190.8500,580.9100,119.7300,470.3900
181,1,0.456245,43389.160,2075.720,22.03180539,19.62439472,7085.360,2108.540,22.03132510,19.62074200,191.1100,462.8300,121.0200,335.9300
182,1,0.084268,45364.980,2077.560,22.03627646,19.69590516,9326.560,2103.380,22.03584492,19.69240145,192.0300,1450.7400,118.4400,1456.5300
183,1,1.069788,43316.780,2077.880,22.03155802,19.62177948,7005.940,2110.080,22.03112404,19.61820533,192.1900,426.6400,121.7900,296.2200
184,1,0.552486,46121.440,2079.400,22.03794563,19.72328580,10185.400,2102.420,22.03754647,19.71986376,192.9500,1828.9700,117.9600,1885.9500
185,1,0.718653,46172.660,2081.440,22.03798677,19.72514353,10243.840,2104.620,22.03759339,19.72173691,193.9700,1854.5800,119.0600,1915.1700
186,1,0.292752,46350.760,2084.580,22.03827818,19.73159534,10444.100,2108.520,22.03786470,19.72814858,195.5400,1943.6300,121.0100,2015.3000
187,1,1.042328,45683.180,2085.220,22.03672017,19.70743625,9688.900,2109.620,22.03636104,19.70400078,195.8600,1609.8400,121.5600,1637.7000
188,1,0.451726,44261.200,2087.120,22.03338139,19.65597719,8074.000,2118.320,22.03295412,19.65237629,196.8100,898.8500,125.9100,830.2500
189,1,2.898719,44410.580,2092.720,22.03351449,19.66139446,8242.560,2129.700,22.03293791,19.65778902,199.6100,973.5400,131.6000,914.5300
190,1,0.289395,45704.460,2094.460,22.03642232,19.70822464,9711.960,2122.220,22.03602338,19.70476308,200.4800,1620.4800,127.8600,1649.2300
191,1,0.358120,42949.320,2096.140,22.03002841,19.60851682,6587.440,2133.860,22.02959296,19.60486940,201.3200,242.9100,133.6800,86.9700
192,1,1.035266,43988.200,2096.140,22.03241559,19.64611488,7764.560,2127.700,22.03206851,19.64249947,201.3200,762.3500,130.6000,675.5300
193,1,0.299697,45571.640,2097.440,22.03600529,19.70342364,9561.100,2126.300,22.03560600,19.69994690,201.9700,1554.0700,129.9000,1573.8000
194,1,0.866493,43998.920,2097.460,22.03239068,19.64650545,7778.960,2132.080,22.03196418,19.64296861,201.9800,767.7100,132.7900,682.7300
195,1,0.209577,46132.780,2097.540,22.03729095,19.72373203,10197.400,2124.320,22.03690412,19.72029075,202.0200,1834.6400,128.9100,1891.9500
196,1,0.344640,46152.320,2097.780,22.03732684,19.72443968,10219.380,2123.440,22.03697364,19.72099189,202.1400,1844.4100,128.4700,1902.9400
197,0,6.014424,45546.600,2097.820,22.03593349,19.70251817,9529.200,2114.700,22.03589597,19.69890389,202.1600,1541.5500,124.1000,1557.8500
198,0,1510.861578,42487.660,2099.400,22.02884525,19.59181535,9080.080,1957.860,22.03977618,19.68423204,202.9500,12.0800,45.6800,1333.2900
199,1,0.560567,45711.040,2101.240,22.03618301,19.70847617,9719.240,2128.560,22.03584505,19.70500841,203.8700,1623.7700,131.0300,1652.8700
200,1,0.344775,46147.260,2101.320,22.03718237,19.72426354,10213.720,2128.960,22.03679482,19.72082180,203.9100,1841.8800,131.2300,1900.1100
201,1,1.773616,44666.720,2104.720,22.03365273,19.67068811,8533.640,2140.640,22.03317296,19.66711886,205.6100,1101.6100,137.0700,1060.0700
202,1,0.547804,45501.740,2104.960,22.03556247,19.70090875,9482.560,2133.980,22.03522016,19.69745050,205.7300,1519.1200,133.7400,1534.5300
203,1,0.255076,43082.140,2108.120,22.02988403,19.61334737,6737.900,2147.200,22.02948358,19.60970720,207.3100,309.3200,140.3500,162.2000
204,1,0.553956,43674.460,2108.280,22.03123908,19.63478431,7410.580,2144.260,22.03087997,19.63121252,207.3900,605.4800,138.8800,498.5400
205,1,1.203778,44035.740,2108.940,22.03204448,19.64786068,7821.700,2144.860,22.03166112,19.64436060,207.7200,786.1200,139.1800,704.1000
206,1,0.310730,43810.040,2108.980,22.03152435,19.63969246,7563.580,2145.800,22.03113092,19.63610823,207.7400,673.2700,139.6500,575.0400
207,0,4.113997,43743.940,2110.900,22.03130042,19.63730403,7487.960,2139.460,22.03117534,19.63367751,208.7000,640.2200,136.4800,537.2300
208,1,0.405500,45657.680,2111.040,22.03569263,19.70656437,9659.440,2141.260,22.03534318,19.70312119,208.7700,1597.0900,137.3800,1622.9700
209,1,0.079651,45497.200,2111.620,22.03530210,19.70075760,9476.540,2142.400,22.03495296,19.69727462,209.0600,1516.8500,137.9500,1531.5200
210,1,0.079651,45497.200,2111.620,22.03530210,19.70075760,9476.540,2142.400,22.03495296,19.69727462,209.0600,1516.8500,137.9500,1531.5200
211,1,0.553770,45709.780,2112.820,22.03574555,19.70845344,9718.380,2144.080,22.03537216,19.70501156,209.6600,1623.1400,138.7900,1652.4400
212,1,0.801107,44170.620,2112.960,22.03220355,19.65275005,7971.880,2150.160,22.03179287,19.64917356,209.7300,853.5600,141.8300,779.1900
213,1,0.548487,45723.140,2113.400,22.03575448,19.70893809,9733.720,2144.520,22.03538863,19.70550297,209.9500,1629.8200,139.0100,1660.1100
214,1,0.120085,46166.840,2113.860,22.03675677,19.72499693,10235.800,2142.780,22.03641764,19.72155518,210.1800,1851.6700,138.1400,1911.1500
215,1,0.340627,43791.180,2116.320,22.03120557,19.63902439,7541.980,2153.160,22.03086668,19.63543204,211.4100,663.8400,143.3300,564.2400
216,1,0.336427,45939.820,2116.460,22.03613754,19.71678599,9978.320,2147.260,22.03578092,19.71333027,211.4800,1738.1600,140.3800,1782.4100
217,1,0.146740,44846.780,2118.240,22.03355911,19.67723135,8739.400,2152.420,22.03321626,19.67372197,212.3700,1191.6400,142.9600,1162.9500
218,1,2.018890,45514.240,2119.340,22.03505155,19.70138954,9492.760,2149.080,22.03478179,19.69780650,212.9200,1525.3700,141.2900,1539.6300
219,1,2.118136,44951.640,2121.020,22.03369574,19.68103183,8859.200,2151.280,22.03348363,19.67755071,213.7600,1244.0700,142.3900,1222.8500
220,1,0.518495,45871.520,2122.240,22.03576369,19.71432557,9901.780,2152.780,22.03546445,19.71089355,214.3700,1704.0100,143.1400,1744.1400
221,1,0.552556,43695.900,2123.380,22.03072169,19.63559006,7434.660,2163.320,22.03035138,19.63202020,214.9400,616.2000,148.4100,510.5800
222,1,0.373239,45555.680,2124.360,22.03495838,19.70289921,9543.000,2156.440,22.03465609,19.69942763,215.4300,1546.0900,144.9700,1564.7500
223,1,2.296267,44865.760,2126.640,22.03328750,19.67793485,8756.560,2160.180,22.03301457,19.67428604,216.5700,1201.1300,146.8400,1171.5300
224,0,3.890555,43299.740,2126.940,22.02967778,19.62125969,6989.580,2161.760,22.02953376,19.61778424,216.7200,418.1200,147.6300,288.0400
225,1,0.635359,45918.400,2126.980,22.03569354,19.71603156,9954.560,2160.260,22.03533979,19.71259614,216.7400,1727.4500,146.8800,1770.5300
226,1,1.544988,43444.820,2127.260,22.02999914,19.62651090,7146.580,2169.180,22.02961495,19.62281948,216.8800,490.6600,151.3400,366.5400
227,1,1.142640,43714.080,2128.140,22.03058483,19.63625742,7456.860,2168.600,22.03023510,19.63274054,217.3200,625.2900,151.0500,521.6800
228,1,0.284412,43391.320,2129.420,22.02979515,19.62457895,7088.620,2171.060,22.02944567,19.62096973,217.9600,463.9100,152.2800,337.5600
229,1,1.807490,44582.340,2130.200,22.03250265,19.66768464,8435.740,2167.940,22.03215637,19.66404211,218.3500,1059.4200,150.7200,1011.1200
230,1,0.584702,43680.020,2133.160,22.03031818,19.63503467,7414.940,2173.660,22.03000093,19.63141001,219.8300,608.2600,153.5800,500.7200
231,1,1.716286,44503.600,2134.400,22.03216410,19.66484326,8351.700,2169.500,22.03194593,19.66135774,220.4500,1020.0500,151.5000,969.1000
232,1,0.450818,43734.920,2134.620,22.03038954,19.63702444,7478.660,2174.540,22.03009810,19.63344940,220.5600,635.7100,154.0200,532.5800
233,1,0.692051,44622.000,2134.800,22.03242116,19.66912906,8483.740,2171.300,22.03214790,19.66558370,220.6500,1079.2500,152.4000,1035.1200
234,0,3.080440,45605.240,2134.920,22.03467598,19.70471369,9599.320,2163.180,22.03456095,19.70124195,220.7100,1570.8700,148.3400,1592.9100
235,0,2143.619583,42698.600,2136.400,22.02794145,19.59952255,10262.340,3825.840,21.98529923,19.72572811,221.4500,117.5500,979.6700,1924.4200
236,1,2.926576,44736.120,2136.760,22.03260983,19.67326304,8618.980,2171.880,22.03239299,19.66990958,221.6300,1136.3100,152.6900,1102.7400
237,1,0.111092,45339.940,2137.480,22.03397029,19.69511728,9298.680,2173.280,22.03367056,19.69164796,221.9900,1438.2200,153.3900,1442.5900
238,1,0.329993,43248.540,2138.540,22.02912482,19.61942962,6926.920,2182.280,22.02879333,19.61582101,222.5200,392.5200,157.8900,256.7100
239,1,0.432703,46392.100,2139.080,22.03632794,19.73319911,10491.580,2170.640,22.03606743,19.72978960,222.7900,1964.3000,152.0700,2039.0400
240,1,0.331954,42814.220,2141.100,22.02803075,19.60371623,6434.240,2186.760,22.02770199,19.60007482,223.8000,175.3600,160.1300,10.3700
241,1,1.328086,43403.280,2141.780,22.02935880,19.62503621,7100.440,2186.760,22.02899505,19.62137872,224.1400,469.8900,160.1300,343.4700
242,1,1.328086,43403.280,2141.780,22.02935880,19.62503621,7100.440,2186.760,22.02899505,19.62137872,224.1400,469.8900,160.1300,343.4700
243,1,1.667037,43996.140,2143.060,22.03067306,19.64649491,7773.520,2181.200,22.03046945,19.64289166,224.7800,766.3200,157.3500,680.0100
244,1,1.108153,45936.160,2145.880,22.03502508,19.71671164,9973.200,2182.700,22.03469426,19.71323653,226.1900,1736.3300,158.1000,1779.8500
245,1,2.742721,42924.360,2146.620,22.02807668,19.60771320,6561.200,2187.040,22.02793998,19.60413533,226.5600,230.4300,160.2700,73.8500
246,0,892.181100,44371.920,2147.620,22.03136541,19.66010375,9846.500,2878.000,22.01333099,19.71055819,227.0600,954.2100,505.7500,1716.5000
247,1,0.898340,45510.240,2149.700,22.03390303,19.70130474,9491.220,2188.660,22.03357776,19.69783543,228.1000,1523.3700,161.0800,1538.8600
248,1,0.549477,45559.780,2150.840,22.03397409,19.70309989,9546.760,2188.300,22.03369648,19.69961079,228.6700,1548.1400,160.9000,1566.6300
249,0,6.098229,43817.860,2151.140,22.02996018,19.64005874,7578.120,2183.560,22.03001884,19.63664777,228.8200,677.1800,158.5300,582.3100
250,1,0.397037,43419.920,2151.740,22.02902326,19.62565810,7121.060,2197.220,22.02871954,19.62205878,229.1200,478.2100,165.3600,353.7800
251,1,2.116018,45526.240,2151.920,22.03385649,19.70188818,9506.200,2187.240,22.03364992,19.69831166,229.2100,1531.3700,160.3700,1546.3500
252,1,0.181734,45788.920,2154.200,22.03437452,19.71139932,9807.620,2190.860,22.03412502,19.70795769,230.3500,1662.7100,162.1800,1697.0600
253,1,1.413393,43883.980,2156.540,22.02990947,19.64246235,7644.720,2200.900,22.02962437,19.63881177,231.5200,710.2400,167.2000,615.6100
254,1,0.202256,43006.520,2157.320,22.02786393,19.61070778,6652.200,2204.080,22.02760319,19.60707900,231.9100,271.5100,168.7900,119.3500
255,1,0.318310,43702.060,2160.060,22.02935935,19.63588545,7440.660,2204.920,22.02910716,19.63229423,233.2800,619.2800,169.2100,513.5800
256,1,0.997846,44629.480,2160.300,22.03148140,19.66945013,8492.320,2200.400,22.03128374,19.66591555,233.4000,1082.9900,166.9500,1039.4100
257,1,1.437906,44026.080,2160.900,22.03007237,19.64761370,7810.980,2203.340,22.02987316,19.64413330,233.7000,781.2900,168.4200,698.7400
258,1,0.102550,45506.880,2161.440,22.03345474,19.70120632,9488.100,2200.700,22.03320636,19.69775944,233.9700,1521.6900,167.1000,1537.3000
259,1,0.132987,43907.880,2161.900,22.02976324,19.64333790,7674.380,2206.620,22.02950912,19.63977155,234.2000,722.1900,170.0600,630.4400
260,1,0.044928,44448.320,2162.360,22.03098782,19.66289785,8287.420,2205.300,22.03073801,19.65937288,234.4300,992.4100,169.4000,936.9600
261,1,0.210412,44549.540,2162.820,22.03120314,19.66656201,8402.700,2205.620,22.03095191,19.66305997,234.6600,1043.0200,169.5600,994.6000
262,1,0.611351,45139.600,2163.840,22.03252073,19.68791885,9071.720,2203.500,22.03231375,19.68444987,235.1700,1338.0500,168.5000,1329.1100
263,1,0.222858,43992.760,2164.280,22.02986896,19.64641449,7771.180,2209.480,22.02961044,19.64287269,235.3900,764.6300,171.4900,678.8400
264,1,0.222858,43992.760,2164.280,22.02986896,19.64641449,7771.180,2209.480,22.02961044,19.64287269,235.3900,764.6300,171.4900,678.8400
265,1,1.208978,43869.380,2164.340,22.02958320,19.64194937,7632.620,2207.820,22.02939188,19.63843850,235.4200,702.9400,170.6600,609.5600
266,1,0.075654,44005.420,2164.780,22.02987929,19.64687366,7785.320,2209.520,22.02963666,19.64332494,235.6400,770.9600,171.5100,685.9100
267,1,0.886409,45573.320,2164.880,22.03347832,19.70361765,9564.840,2205.240,22.03321744,19.70022242,235.6900,1554.9100,169.3700,1575.6700
268,1,1.759385,45169.920,2165.040,22.03254537,19.68901853,9106.360,2209.460,22.03220026,19.68556936,235.7700,1353.2100,171.4800,1346.4300
269,1,0.423465,43448.080,2166.480,22.02853482,19.62670635,7153.300,2214.400,22.02826381,19.62312369,236.4900,492.2900,173.9500,369.9000
270,1,0.790915,43528.400,2166.940,22.02870212,19.62961412,7242.800,2214.160,22.02844458,19.62598527,236.7200,532.4500,173.8300,414.6500
271,1,0.608426,43969.020,2167.620,22.02968907,19.64556192,7744.480,2211.980,22.02948313,19.64202381,237.0600,752.7600,172.7400,665.4900
272,1,0.446489,43391.800,2167.780,22.02835671,19.62467209,7089.100,2214.440,22.02813813,19.62107076,237.1400,464.1500,173.9700,337.8000
273,1,0.986587,43252.920,2169.040,22.02799030,19.61964838,6932.260,2219.160,22.02769173,19.61606462,237.7700,394.7100,176.3300,259.3800
274,1,0.298500,45522.520,2169.480,22.03318896,19.70178823,9505.100,2209.860,22.03296137,19.69832116,237.9900,1529.5100,171.6800,1545.8000
275,1,0.279649,44734.400,2169.560,22.03137499,19.67326558,8611.580,2212.340,22.03115357,19.66975286,238.0300,1135.4500,172.9200,1099.0400
276,1,1.653291,43255.220,2170.480,22.02794155,19.61973446,6934.820,2222.180,22.02760563,19.61615245,238.4900,395.8600,177.8400,260.6600
277,1,0.246400,45615.960,2170.780,22.03335489,19.70517248,9612.140,2211.060,22.03313252,19.70174648,238.6400,1576.2300,172.2800,1599.3200
278,1,0.903779,45551.100,2171.220,22.03318934,19.70282600,9539.680,2211.000,22.03299383,19.69942922,238.8600,1543.8000,172.2500,1563.0900
279,1,0.095672,44183.540,2172.900,22.02998386,19.65333603,7987.300,2218.340,22.02976170,19.64980133,239.7000,860.0200,175.9200,786.9000
280,1,0.252303,44355.400,2173.180,22.03036826,19.65955636,8181.700,2218.360,22.03013795,19.65601794,239.8400,945.9500,175.9300,884.1000
281,1,0.278429,46240.560,2174.000,22.03466928,19.72778371,10319.840,2213.320,22.03443610,19.72438195,240.2500,1888.5300,173.4100,1953.1700
282,0,1455.407908,46240.560,2174.000,22.03466928,19.72778371,7745.380,3570.840,21.98843022,19.64473649,240.2500,1888.5300,852.1700,665.9400
283,1,0.802108,43832.500,2174.020,22.02913520,19.64063377,7588.960,2222.620,22.02886024,19.63707157,240.2600,684.5000,178.0600,587.7300
284,1,0.981441,44531.840,2175.600,22.03068287,19.66594667,8381.640,2218.640,22.03051707,19.66241222,241.0500,1034.1700,176.0700,984.0700
285,1,0.316093,45844.560,2177.380,22.03363249,19.71345877,9871.120,2218.680,22.03340326,19.71004326,241.9400,1690.5300,176.0900,1728.8100
286,1,2.767045,45070.280,2177.420,22.03185182,19.68543692,8992.980,2215.240,22.03180522,19.68195509,241.9600,1303.3900,174.3700,1289.7400
287,1,0.309014,43562.700,2180.160,22.02828482,19.63088158,7283.000,2229.660,22.02805477,19.62730141,243.3300,549.6000,181.5800,434.7500
288,1,0.424503,44275.020,2180.200,22.02992012,19.65666119,8090.240,2226.660,22.02970967,19.65310960,243.3500,905.7600,180.0800,838.3700
289,1,0.461494,44175.020,2182.180,22.02961603,19.65304601,7976.820,2229.680,22.02939858,19.64948859,244.3400,855.7600,181.5900,781.6600
290,1,0.679732,44514.600,2182.740,22.03037532,19.66533684,8363.880,2228.080,22.03019700,19.66186293,244.6200,1025.5500,180.7900,975.1900
291,1,0.258485,43451.680,2184.100,22.02788186,19.62687144,7157.500,2234.620,22.02766195,19.62329793,245.3000,494.0900,184.0600,372.0000
292,1,0.258485,43451.680,2184.100,22.02788186,19.62687144,7157.500,2234.620,22.02766195,19.62329793,245.3000,494.0900,184.0600,372.0000
293,1,0.727141,43785.080,2187.940,22.02850386,19.63894509,7535.400,2236.000,22.02835240,19.63538524,247.2200,660.7900,184.7500,560.9500
294,1,0.330447,43611.400,2189.240,22.02805598,19.63266201,7339.200,2239.300,22.02787272,19.62911762,247.8700,573.9500,186.4000,462.8500
295,1,0.328209,45706.240,2189.400,22.03286358,19.70847658,9714.540,2232.060,22.03269349,19.70506253,247.9500,1621.3700,182.7800,1650.5200
296,1,0.144769,44445.000,2189.420,22.02996471,19.66283114,8283.640,2236.780,22.02977830,19.65931418,247.9600,990.7500,185.1400,935.0700
297,1,0.460992,43830.920,2189.820,22.02853864,19.64060779,7587.980,2238.680,22.02837332,19.63707195,248.1600,683.7100,186.0900,587.2400
298,1,0.350379,44009.640,2190.540,22.02892229,19.64707726,7789.740,2240.240,22.02871699,19.64352696,248.5200,773.0700,186.8700,688.1200
299,1,0.537476,45737.780,2191.760,22.03284749,19.70962270,9750.820,2234.640,22.03268544,19.70622780,249.1300,1637.1400,184.0700,1668.6600
300,1,1.666465,44767.740,2193.260,22.03056221,19.67451899,8649.060,2243.520,22.03028209,19.67101298,249.8800,1152.1200,188.5100,1117.7800
301,1,0.322883,43526.620,2194.200,22.02767504,19.62960354,7242.380,2245.000,22.02751318,19.62603275,250.3500,531.5600,189.2500,414.4400
302,1,0.502200,46235.020,2194.380,22.03389175,19.72762346,10314.640,2237.140,22.03370172,19.72426271,250.4400,1885.7600,185.3200,1950.5700
303,1,0.463511,45547.880,2196.380,22.03223776,19.70275916,9533.960,2241.940,22.03204378,19.69930742,251.4400,1542.1900,187.7200,1560.2300
304,1,0.536244,45945.180,2197.420,22.03311166,19.71713988,9984.700,2242.100,22.03291189,19.71372161,251.9600,1740.8400,187.8000,1785.6000
305,1,0.878620,43489.980,2197.960,22.02744974,19.62828493,7200.120,2251.700,22.02722920,19.62469458,252.2300,513.2400,192.6000,393.3100
306,1,0.290206,45624.240,2201.420,22.03222408,19.70553266,9620.640,2246.920,22.03206049,19.70208913,253.9600,1580.3700,190.2100,1603.5700
307,1,0.609754,44623.380,2204.280,22.02981694,19.66931623,8486.880,2252.600,22.02969316,19.66584469,255.3900,1079.9400,193.0500,1036.6900
308,1,0.647061,45955.960,2205.300,22.03284072,19.71754558,9998.560,2250.880,22.03267197,19.71418217,255.9000,1746.2300,192.1900,1792.5300
309,1,0.649333,42975.060,2205.540,22.02598208,19.60966445,6617.520,2261.980,22.02579156,19.60608436,256.0200,255.7800,197.7400,102.0100
310,1,1.531157,45578.780,2206.580,22.03192598,19.70389761,9571.900,2250.940,22.03184410,19.70053845,256.5400,1557.6400,192.2200,1579.2000
311,0,4.963299,43969.000,2206.780,22.02821946,19.64563854,7751.280,2251.840,22.02829203,19.64231999,256.6400,752.7500,192.6700,668.8900
312,1,0.466961,43262.060,2207.240,22.02657777,19.62005462,6942.800,2262.660,22.02640055,19.61648758,256.8700,399.2800,198.0800,264.6500
313,1,0.572661,45948.860,2208.480,22.03270506,19.71729491,9989.280,2255.160,22.03252397,19.71389386,257.4900,1742.6800,194.3300,1787.8900
314,1,1.241457,42922.820,2208.840,22.02573820,19.60778036,6557.600,2267.260,22.02551655,19.60417865,257.6700,229.6600,200.3800,72.0500
315,1,0.487758,45471.720,2209.560,22.03156814,19.70002889,9448.080,2257.860,22.03139441,19.69659257,258.0300,1504.1100,195.6800,1517.2900
316,1,0.176281,43555.340,2213.180,22.02702877,19.63068043,7275.320,2267.380,22.02690161,19.62713031,259.8400,545.9200,200.4400,430.9100
317,1,0.631610,46098.600,2213.660,22.03285475,19.72272437,10159.820,2260.660,22.03268692,19.71935830,260.0800,1817.5500,197.0800,1873.1600
318,1,0.167598,43575.420,2215.400,22.02699160,19.63141153,7297.720,2269.960,22.02686709,19.62785172,260.9500,555.9600,201.7300,442.1100
319,1,2.404216,43904.120,2216.720,22.02769736,19.64331010,7669.080,2266.100,22.02770214,19.63971954,261.6100,720.3100,199.8000,627.7900
320,1,0.253263,43477.580,2218.620,22.02664594,19.62787697,7186.500,2274.320,22.02652038,19.62430371,262.5600,507.0400,203.9100,386.5000
321,1,0.204072,44874.400,2219.240,22.02983234,19.67843043,8771.400,2270.160,22.02971208,19.67497782,262.8700,1205.4500,201.8300,1178.9500
322,1,0.332660,43461.240,2219.460,22.02657687,19.62728726,7167.900,2275.020,22.02646328,19.62371030,262.9800,498.8700,204.2600,377.2000
323,1,0.998646,43568.240,2219.640,22.02681598,19.63116005,7290.580,2273.340,22.02675127,19.62763007,263.0700,552.3700,203.4200,438.5400
324,1,0.716791,43589.800,2221.800,22.02678446,19.63194459,7313.520,2276.420,22.02670270,19.62836974,264.1500,563.1500,204.9600,450.0100
325,1,0.716791,43589.800,2221.800,22.02678446,19.63194459,7313.520,2276.420,22.02670270,19.62836974,264.1500,563.1500,204.9600,450.0100
326,1,0.345715,43573.440,2224.400,22.02664930,19.63135765,7296.040,2280.100,22.02655783,19.62781803,265.4500,554.9700,206.8000,441.2700
327,1,0.196570,45479.780,2225.040,22.03100574,19.70035117,9457.400,2275.320,22.03088268,19.69692509,265.7700,1508.1400,204.4100,1521.9500
328,1,0.971798,45169.240,2226.020,22.03025540,19.68911436,9105.340,2279.100,22.03008712,19.68567429,266.2600,1352.8700,206.3000,1345.9200
329,1,0.971798,45169.240,2226.020,22.03025540,19.68911436,9105.340,2279.100,22.03008712,19.68567429,266.2600,1352.8700,206.3000,1345.9200
330,1,2.189436,43839.740,2227.860,22.02713137,19.64100213,7594.260,2286.500,22.02694126,19.63736722,267.1800,688.1200,210.0000,590.3800
331,1,1.951591,44608.260,2231.260,22.02876971,19.66882231,8466.540,2282.400,22.02875182,19.66525311,268.8800,1072.3800,207.9500,1026.5200
332,1,0.486634,43139.900,2232.700,22.02534162,19.61568381,6804.460,2292.820,22.02522377,19.61212328,269.6000,338.2000,213.1600,195.4800
333,1,0.342705,42941.720,2232.760,22.02488398,19.60851161,6579.720,2293.260,22.02477611,19.60493736,269.6300,239.1100,213.3800,83.1100
334,1,0.596365,45605.940,2235.300,22.03091061,19.70493728,9600.960,2285.340,22.03085622,19.70153568,270.9000,1571.2200,209.4200,1593.7300
335,1,0.658293,45305.620,2235.920,22.03019726,19.69406964,9260.860,2289.320,22.03007794,19.69066774,271.2100,1421.0600,211.4100,1423.6800
336,1,0.852509,43622.260,2236.220,22.02631791,19.63314783,7351.500,2292.680,22.02628538,19.62961639,271.3600,579.3800,213.0900,469.0000
337,1,0.787612,45909.300,2236.240,22.03157241,19.71591802,9944.840,2288.120,22.03143665,19.71253785,271.3700,1722.9000,210.8100,1765.6700
338,1,0.204479,43640.080,2236.320,22.02635511,19.63379295,7371.780,2294.500,22.02626965,19.63026850,271.4100,588.2900,214.0000,479.1400
339,1,1.639372,43361.000,2236.420,22.02571007,19.62369298,7054.400,2298.720,22.02552894,19.62012758,271.4600,448.7500,216.1100,320.4500
340,1,0.337558,43785.620,2237.460,22.02664675,19.63906244,7536.580,2295.900,22.02654590,19.63554128,271.9800,661.0600,214.7000,561.5400
341,1,0.326543,43549.840,2239.200,22.02603967,19.63053277,7268.940,2298.720,22.02594353,19.62698819,272.8500,543.1700,216.1100,427.7200
342,1,1.287001,44557.240,2240.500,22.02830573,19.66699410,8411.600,2293.580,22.02830725,19.66351830,273.5000,1046.8700,213.5400,999.0500
343,1,0.368066,43530.700,2240.620,22.02594240,19.62984288,7246.780,2299.360,22.02588140,19.62628082,273.5600,533.6000,216.4300,416.6400
344,1,0.323172,45596.460,2241.620,22.03065166,19.70460667,9590.580,2294.020,22.03057270,19.70122089,274.0600,1566.4800,213.7600,1588.5400
345,1,1.073518,43487.520,2244.580,22.02569457,19.62828798,7199.000,2306.640,22.02556942,19.62476728,275.5400,512.0100,220.0700,392.7500
346,1,2.239652,43833.100,2250.060,22.02628301,19.64080567,7590.700,2305.320,22.02636600,19.63729055,278.2800,684.8000,219.4100,588.6000
347,0,1093.731511,42637.180,2251.280,22.02348920,19.59752660,8420.180,2395.240,22.02524723,19.66399347,278.8900,86.8400,264.3700,1003.3400
348,1,1.125855,45645.100,2253.940,22.03030109,19.70639134,9647.420,2308.240,22.03025089,19.70306662,280.2200,1590.8000,220.8700,1616.9600
349,1,1.154988,43751.300,2254.120,22.02594269,19.63785327,7495.460,2315.660,22.02586980,19.63426536,280.3100,643.9000,224.5800,540.9800
350,1,0.949094,44104.760,2260.240,22.02652522,19.65065741,7898.400,2318.840,22.02655184,19.64715696,283.3700,820.6300,226.1700,742.4500
351,1,0.269307,43828.720,2266.440,22.02565825,19.64067951,7585.220,2328.440,22.02565718,19.63716097,286.4700,682.6100,230.9700,585.8600
352,1,1.000162,44343.120,2266.640,22.02683275,19.65929653,8167.420,2328.840,22.02676886,19.65577950,286.5700,939.8100,231.1700,876.9600
353,1,0.176937,45515.420,2270.880,22.02936739,19.70173155,9497.960,2328.080,22.02936012,19.69832633,288.6900,1525.9600,230.7900,1542.2300
354,1,0.356345,43804.560,2271.000,22.02543161,19.63981414,7558.560,2333.780,22.02544446,19.63631898,288.7500,670.5300,233.6400,572.5300
355,1,0.244282,43184.760,2271.440,22.02399090,19.61738386,6855.400,2337.420,22.02397776,19.61384035,288.9700,360.6300,235.4600,220.9500
356,1,0.509943,46325.740,2271.540,22.03120461,19.73105911,10417.580,2325.420,22.03121612,19.72772892,289.0200,1931.1200,229.4600,2002.0400
357,1,0.196449,46097.760,2273.520,22.03060645,19.72281220,10158.240,2329.580,22.03058904,19.71944389,290.0100,1817.1300,231.5400,1872.3700
358,1,0.444757,43825.060,2273.900,22.02536989,19.64056178,7581.600,2336.780,22.02539832,19.63706168,290.2000,680.7800,235.1400,584.0500
359,1,0.425054,45524.300,2274.740,22.02924294,19.70206055,9507.460,2332.920,22.02923158,19.69863969,290.6200,1530.4000,233.2100,1546.9800
360,1,0.107378,44403.380,2277.160,22.02657644,19.66149817,8237.280,2339.660,22.02657640,19.65803487,291.8300,969.9400,236.5800,911.8900
361,1,0.505697,46070.940,2279.740,22.03031140,19.72185385,10128.280,2337.780,22.03028199,19.71850202,293.1200,1803.7200,235.6400,1857.3900
362,1,1.038504,43520.200,2280.120,22.02443595,19.62954089,7237.200,2347.360,22.02441453,19.62606927,293.3100,528.3500,240.4300,411.8500
363,1,0.360746,45640.060,2280.460,22.02929429,19.70626131,9639.700,2339.800,22.02927794,19.70288208,293.4800,1588.2800,236.6500,1613.1000
364,1,0.988595,45644.360,2280.800,22.02929141,19.70641761,9644.360,2341.440,22.02923715,19.70303434,293.6500,1590.4300,237.4700,1615.4300
365,1,0.295412,45113.640,2284.720,22.02792479,19.68721809,9042.160,2345.560,22.02795048,19.68378517,295.6100,1325.0700,239.5300,1314.3300
366,1,0.422362,43652.760,2289.000,22.02440731,19.63435590,7386.900,2355.920,22.02444488,19.63087332,297.7500,594.6300,244.7100,486.7000
367,1,0.587999,45999.320,2289.240,22.02979032,19.71928062,10047.840,2348.980,22.02978645,19.71595181,297.8700,1767.9100,241.2400,1817.1700
368,1,0.433053,46308.700,2290.020,22.03047195,19.73047891,10397.760,2347.100,22.03051850,19.72713793,298.2600,1922.6000,240.3000,1992.1300
369,1,2.141779,44646.600,2290.820,22.02662270,19.67032751,8510.120,2351.480,22.02674501,19.66678316,298.6600,1091.5500,242.4900,1048.3100
370,1,2.031841,44818.800,2292.560,22.02695309,19.67656303,8711.860,2353.940,22.02705956,19.67323931,299.5300,1177.6500,243.7200,1149.1800
371,1,0.193668,45529.480,2293.160,22.02856360,19.70228440,9514.320,2353.900,22.02860816,19.69890050,299.8300,1532.9900,243.7000,1550.4100
372,1,0.483129,44418.380,2295.800,22.02591140,19.66207785,8254.500,2360.220,22.02598766,19.65862614,301.1500,977.4400,246.8600,920.5000
373,1,1.318202,46220.020,2295.860,22.03004902,19.72728103,10295.820,2352.940,22.03014431,19.72388960,301.1800,1878.2600,243.2200,1941.1600
374,1,1.931946,44235.680,2299.440,22.02535498,19.65547295,8046.260,2362.280,22.02552393,19.65197106,302.9700,886.0900,247.8900,816.3800
375,1,0.241422,44185.740,2299.640,22.02523272,19.65366597,7990.060,2366.600,22.02528499,19.65018242,303.0700,861.1200,250.0500,788.2800
376,1,1.287706,44400.160,2302.120,22.02563236,19.66143093,8231.240,2369.420,22.02566453,19.65790050,304.3100,968.3300,251.4600,908.8700
377,1,1.037200,45521.300,2304.660,22.02811324,19.70201107,9503.360,2366.560,22.02820285,19.69857502,305.5800,1528.9000,250.0300,1544.9300
378,1,0.760037,43776.860,2308.280,22.02396895,19.63888528,7525.980,2379.140,22.02401190,19.63536672,307.3900,656.6800,256.3200,556.2400
379,1,0.331348,43315.120,2308.380,22.02290419,19.62217467,7003.100,2380.260,22.02297085,19.61864815,307.4400,425.8100,256.8800,294.8000
380,1,0.472894,44631.000,2308.800,22.02591211,19.66979845,8494.560,2375.460,22.02598915,19.66633294,307.6500,1083.7500,254.4800,1040.5300
381,1,0.472894,44631.000,2308.800,22.02591211,19.66979845,8494.560,2375.460,22.02598915,19.66633294,307.6500,1083.7500,254.4800,1040.5300
382,1,0.158419,44411.920,2311.160,22.02532014,19.66187440,8246.980,2379.420,22.02539235,19.65842359,308.8300,974.2100,256.4600,916.7400
383,1,0.382318,46206.200,2311.280,22.02943860,19.72681133,10281.120,2373.500,22.02949085,19.72346013,308.8900,1871.3500,253.5000,1933.8100
384,1,0.622524,44660.060,2311.860,22.02586405,19.67085620,8528.780,2377.880,22.02598182,19.66743202,309.1800,1098.2800,255.6900,1057.6400
385,1,0.438687,44786.580,2313.800,22.02608197,19.67543891,8672.000,2380.040,22.02619232,19.67201621,310.1500,1161.5400,256.7700,1129.2500
386,1,0.492438,43378.380,2315.380,22.02278686,19.62447794,7075.120,2388.560,22.02285924,19.62096761,310.9400,457.4400,261.0300,330.8100
387,1,1.059608,44891.320,2317.520,22.02618305,19.67923690,8791.240,2386.960,22.02621240,19.67584296,312.0100,1213.9100,260.2300,1188.8700
388,1,1.059608,44891.320,2317.520,22.02618305,19.67923690,8791.240,2386.960,22.02621240,19.67584296,312.0100,1213.9100,260.2300,1188.8700
389,1,0.663351,44911.120,2318.280,22.02620002,19.67995498,8812.640,2386.920,22.02625482,19.67652722,312.3900,1223.8100,260.2100,1199.5700
390,1,0.669334,43042.180,2319.740,22.02185071,19.61231915,6693.640,2395.140,22.02192636,19.60878155,313.1200,289.3400,264.3200,140.0700
391,0,198.899252,44997.040,2320.280,22.02632240,19.68306846,9264.060,2570.360,22.02156090,19.69132515,313.3900,1266.7700,351.9300,1425.2800
392,1,0.359322,45659.620,2320.500,22.02783665,19.70704829,9662.680,2385.480,22.02793555,19.70370716,313.5000,1598.0600,259.4900,1624.5900
393,1,0.405710,43252.920,2320.900,22.02229143,19.61994832,6932.820,2395.260,22.02238320,19.61643034,313.7000,394.7100,264.3800,259.6600
394,1,1.807400,45301.700,2321.020,22.02699469,19.69409585,9256.760,2384.020,22.02719806,19.69072367,313.7600,1419.1000,258.7600,1421.6300
395,1,0.254663,45763.080,2321.660,22.02803085,19.71079490,9779.480,2387.240,22.02810705,19.70744570,314.0800,1649.7900,260.3700,1682.9900
396,1,0.846164,45776.120,2322.660,22.02802329,19.71126880,9794.400,2386.200,22.02816736,19.70792076,314.5800,1656.3100,259.8500,1690.4500
397,1,1.137295,44405.820,2323.720,22.02483478,19.66167844,8240.640,2391.560,22.02501290,19.65824483,315.1100,971.1600,262.5300,913.5700
398,1,0.357153,45357.520,2324.060,22.02700887,19.69612204,9319.720,2391.600,22.02708941,19.69275199,315.2800,1447.0100,262.5500,1453.1100
399,1,0.358166,44514.200,2324.380,22.02505905,19.66560212,8362.960,2393.500,22.02518972,19.66216024,315.4400,1025.3500,263.5000,974.7300
400,1,0.988709,46210.340,2324.720,22.02894375,19.72698771,10286.120,2390.720,22.02897691,19.72365403,315.6100,1873.4200,262.1100,1936.3100
401,1,0.988709,46210.340,2324.720,22.02894375,19.72698771,10286.120,2390.720,22.02897691,19.72365403,315.6100,1873.4200,262.1100,1936.3100
402,1,0.117984,44564.460,2325.620,22.02512801,19.66742352,8420.180,2395.240,22.02524723,19.66399347,316.0600,1050.4800,264.3700,1003.3400
403,1,1.111731,43805.440,2332.140,22.02313922,19.63996675,7558.360,2407.620,22.02321422,19.63645843,319.3200,670.9700,270.5600,572.4300
404,1,0.097386,42977.400,2332.360,22.02122827,19.60999963,6620.640,2408.780,22.02137488,19.60647408,319.4300,256.9500,271.1400,103.5700
405,1,0.149103,45370.780,2334.820,22.02663555,19.69662318,9334.360,2403.680,22.02675117,19.69324401,320.6600,1453.6400,268.5900,1460.4300
406,1,0.149103,45370.780,2334.820,22.02663555,19.69662318,9334.360,2403.680,22.02675117,19.69324401,320.6600,1453.6400,268.5900,1460.4300
407,1,1.205947,43859.380,2335.420,22.02314008,19.64192536,7621.520,2407.080,22.02335207,19.63847711,320.9600,697.9400,270.2900,604.0100
408,1,2.296751,44922.400,2339.060,22.02544613,19.68040426,8827.240,2405.480,22.02572068,19.67703076,322.7800,1229.4500,269.4900,1206.8700
409,1,0.490918,43058.020,2339.120,22.02115983,19.61293069,6711.700,2417.340,22.02129214,19.60940292,322.8100,297.2600,275.4200,149.1000
410,0,5.931451,44368.940,2339.680,22.02415110,19.66037524,8191.620,2402.880,22.02457613,19.65669961,323.0900,952.7200,268.1900,889.0600
411,1,0.410238,43301.880,2342.440,22.02159559,19.62176277,6988.720,2420.200,22.02173875,19.61826719,324.4700,419.1900,276.8500,287.6100
412,1,0.927733,44891.440,2344.620,22.02516634,19.67929477,8792.460,2415.340,22.02535507,19.67593803,325.5600,1213.9700,274.4200,1189.4800
413,1,1.979012,45200.480,2345.640,22.02583818,19.69048123,9140.460,2412.840,22.02610029,19.68706152,326.0700,1368.4900,273.1700,1363.4800
414,1,1.819617,44382.500,2347.020,22.02390681,19.66088048,8217.480,2421.780,22.02405421,19.65756390,326.7600,959.5000,277.6400,901.9900
415,1,0.412645,43318.040,2347.440,22.02144509,19.62235750,7006.920,2426.020,22.02159824,19.61886068,326.9700,427.2700,279.7600,296.7100
416,0,9.734350,43659.700,2348.880,22.02217613,19.63472534,7399.300,2444.520,22.02179427,19.63144485,327.6900,598.1000,289.0100,492.9000
417,1,2.095962,46180.040,2349.720,22.02793594,19.72594050,10255.660,2415.520,22.02816428,19.72272896,328.1100,1858.2700,274.5100,1921.0800
418,1,1.111145,44757.540,2349.760,22.02466577,19.67445895,8638.640,2420.840,22.02489263,19.67103000,328.1300,1147.0200,277.1700,1112.5700
419,1,0.663817,44315.520,2351.680,22.02357802,19.65846562,8137.340,2427.900,22.02371500,19.65501325,329.0900,926.0100,280.7000,861.9200
420,1,0.253199,43254.780,2353.540,22.02107082,19.62008010,6935.620,2432.560,22.02126395,19.61659355,330.0200,395.6400,283.0300,261.0600
421,1,0.509790,43492.960,2356.860,22.02149352,19.62870662,7205.580,2434.640,22.02172015,19.62523051,331.6800,514.7300,284.0700,396.0400
422,0,3.640332,45308.140,2357.980,22.02562248,19.69440192,9263.040,2423.440,22.02601465,19.69100235,332.2400,1422.3200,278.4700,1424.7700
423,1,0.482840,44939.320,2365.460,22.02449429,19.68106875,8845.780,2439.780,22.02471721,19.67769138,335.9800,1237.9100,286.6400,1216.1400
424,1,0.890383,44924.860,2367.080,22.02440027,19.68054863,8828.840,2440.860,22.02465193,19.67715180,336.7900,1230.6800,287.1800,1207.6700
425,1,0.242118,43035.680,2367.480,22.02004423,19.61217820,6686.540,2450.000,22.02025962,19.60866286,336.9900,286.0900,291.7500,136.5200
426,1,0.614448,43261.800,2368.080,22.02054130,19.62036288,6944.320,2449.880,22.02075844,19.61690597,337.2900,399.1500,291.6900,265.4100
427,1,0.853751,45947.220,2370.380,22.02662565,19.71755533,9988.840,2444.640,22.02676629,19.71425404,338.4400,1741.8600,289.0700,1787.6700
428,1,0.186674,45801.220,2373.420,22.02617608,19.71227745,9822.760,2447.380,22.02636396,19.70894850,339.9600,1668.8600,290.4400,1704.6300
429,0,3.047516,43860.120,2374.000,22.02169398,19.64202834,7626.340,2458.280,22.02181492,19.63873237,340.2500,698.3100,295.8900,606.4200
430,1,2.597527,45506.960,2374.560,22.02545714,19.70163016,9487.300,2454.200,22.02551252,19.69823455,340.5300,1521.7300,293.8500,1536.9000
431,1,0.690134,46201.440,2376.160,22.02699290,19.72676721,10277.320,2447.600,22.02723058,19.72348497,341.3300,1868.9700,290.5500,1931.9100
432,1,0.368146,46145.180,2378.440,22.02677806,19.72473561,10212.860,2452.440,22.02695961,19.72143321,342.4700,1840.8400,292.9700,1899.6800
433,1,1.400138,43488.380,2380.300,22.02060336,19.62858716,7202.960,2463.180,22.02085402,19.62520310,343.4000,512.4400,298.3400,394.7300
434,1,0.910532,43157.960,2380.420,22.01983961,19.61662919,6826.220,2462.580,22.02014875,19.61315443,343.4600,347.2300,298.0400,206.3600
435,1,1.148585,43937.560,2380.540,22.02162650,19.64484389,7710.220,2459.520,22.02193854,19.64141715,343.5200,737.0300,296.5100,648.3600
436,1,0.340610,42980.820,2381.580,22.01938904,19.61022061,6624.960,2466.780,22.01963578,19.60672678,344.0400,258.6600,300.1400,105.7300
437,1,0.340610,42980.820,2381.580,22.01938904,19.61022061,6624.960,2466.780,22.01963578,19.60672678,344.0400,258.6600,300.1400,105.7300
438,0,6.957475,44722.940,2382.020,22.02337564,19.67327046,8603.640,2447.280,22.02402478,19.66996298,344.2600,1129.7200,290.3900,1095.0700
439,1,0.461406,45962.340,2384.520,22.02612976,19.71813046,10006.440,2458.940,22.02636562,19.71484510,345.5100,1749.4200,296.2200,1796.4700
440,0,1638.242301,42739.180,2384.620,22.01871971,19.60148144,9623.880,2325.700,22.02967542,19.70234833,345.5600,137.8400,229.6000,1605.1900
441,1,1.347422,45874.540,2386.180,22.02586571,19.71495618,9904.620,2463.920,22.02601881,19.71159891,346.3400,1705.5200,298.7100,1745.5600
442,1,0.882018,43295.280,2387.080,22.01990522,19.62161208,6982.700,2472.520,22.02014946,19.61817801,346.7900,415.8900,303.0100,284.6000
443,1,1.901835,43266.960,2387.780,22.01981387,19.62058854,6949.220,2476.260,22.01997243,19.61711477,347.1400,401.7300,304.8800,267.8600
444,1,2.402155,44856.240,2389.860,22.02338772,19.67811020,8752.660,2464.820,22.02377982,19.67476302,348.1800,1196.3700,299.1600,1169.5800
445,1,0.510860,44801.860,2390.300,22.02324626,19.67614300,8689.140,2469.300,22.02352219,19.67274061,348.4000,1169.1800,301.4000,1137.8200
446,1,0.847479,45854.540,2390.440,22.02565989,19.71424077,9882.980,2468.340,22.02584301,19.71091563,348.4700,1695.5200,300.9200,1734.7400
447,1,0.641100,44820.280,2391.520,22.02324280,19.67681205,8710.240,2470.280,22.02353302,19.67341729,349.0100,1178.3900,301.8900,1148.3700
448,1,0.187788,43825.540,2393.780,22.02087224,19.64081593,7582.720,2477.200,22.02115976,19.63737485,350.1400,681.0200,305.3500,584.6100
449,1,0.187788,43825.540,2393.780,22.02087224,19.64081593,7582.720,2477.200,22.02115976,19.63737485,350.1400,681.0200,305.3500,584.6100
450,1,0.187788,43825.540,2393.780,22.02087224,19.64081593,7582.720,2477.200,22.02115976,19.63737485,350.1400,681.0200,305.3500,584.6100
451,1,0.134030,43802.340,2395.860,22.02074087,19.63998041,7556.160,2479.820,22.02102967,19.63653068,351.1800,669.4200,306.6600,571.3300
452,1,0.853374,45984.600,2395.900,22.02575385,19.71895855,10031.260,2474.320,22.02594595,19.71566917,351.2000,1760.5500,303.9100,1808.8800
453,1,0.824035,45802.300,2396.040,22.02532970,19.71236122,9822.760,2472.700,22.02559500,19.70899851,351.2700,1669.4000,303.1000,1704.6300
454,1,0.205755,44791.040,2396.180,22.02300073,19.67576303,8677.420,2476.640,22.02327742,19.67238033,351.3400,1163.7700,305.0700,1131.9600
455,1,2.589323,43147.960,2396.240,22.01922295,19.61629852,6813.800,2487.900,22.01936170,19.61280727,351.3700,342.2300,310.7000,200.1500
456,1,0.568733,46316.240,2398.100,22.02643334,19.73096526,10406.220,2474.840,22.02664976,19.72766076,352.3000,1926.3700,304.1700,1996.3600
457,1,0.527460,44359.400,2399.600,22.02188055,19.66014833,8187.860,2483.560,22.02212864,19.65673872,353.0500,947.9500,308.5300,887.1800
458,1,0.821858,43553.740,2399.760,22.02002327,19.63099104,7272.760,2485.620,22.02031087,19.62747950,353.1300,545.1200,309.5600,429.6300
459,0,1213.038738,43143.000,2400.560,22.01904944,19.61612755,9217.460,2776.500,22.01522083,19.69024212,353.5300,339.7500,455.0000,1401.9800
460,1,0.536122,45956.140,2401.600,22.02547455,19.71793981,9999.220,2480.340,22.02570155,19.71465648,354.0500,1746.3200,306.9200,1792.8600
461,1,0.536122,45956.140,2401.600,22.02547455,19.71793981,9999.220,2480.340,22.02570155,19.71465648,354.0500,1746.3200,306.9200,1792.8600
462,1,1.025032,44781.700,2402.460,22.02274360,19.67543741,8666.960,2482.360,22.02308413,19.67205713,354.4800,1159.1000,307.9300,1126.7300
463,1,0.969753,43291.900,2403.520,22.01928050,19.62152223,6976.420,2492.360,22.01953915,19.61801638,355.0100,414.2000,312.9300,281.4600
464,1,1.039575,44799.160,2403.820,22.02273268,19.67607199,8686.220,2483.920,22.02307384,19.67267611,355.1600,1167.8300,308.7100,1136.3600
465,1,0.356979,43502.940,2405.960,22.01967387,19.62916479,7217.360,2493.340,22.01997166,19.62572315,356.2300,519.7200,313.4200,401.9300
466,0,1168.753665,43198.480,2406.320,22.01896076,19.61814680,8852.160,3735.780,21.98546547,19.68045515,356.4100,367.4900,934.6400,1219.3300
467,1,1.986117,44817.060,2408.160,22.02261095,19.67672838,8710.100,2488.400,22.02298397,19.67344860,357.3300,1176.7800,310.9500,1148.3000
468,1,0.626405,45687.040,2408.820,22.02458525,19.70821509,9694.720,2488.160,22.02487988,19.70493455,357.6600,1611.7700,310.8300,1640.6100
469,1,0.126898,42934.760,2409.220,22.01824595,19.60860825,6572.600,2498.860,22.01856889,19.60511576,357.8600,235.6300,316.1800,79.5500
470,1,0.126898,42934.760,2409.220,22.01824595,19.60860825,6572.600,2498.860,22.01856889,19.60511576,357.8600,235.6300,316.1800,79.5500
471,1,0.328119,43072.780,2409.780,22.01854208,19.61360443,6728.740,2499.380,22.01885259,19.61010987,358.1400,304.6400,316.4400,157.6200
472,1,2.439340,44573.300,2412.600,22.02188421,19.66791525,8432.540,2492.460,22.02232870,19.66458074,359.5500,1054.9000,312.9800,1009.5200
473,1,1.894462,46265.980,2413.360,22.02574519,19.72917645,10350.300,2495.840,22.02590384,19.72591402,359.9300,1901.2400,314.6700,1968.4000
474,1,0.720599,44226.200,2413.480,22.02105360,19.65535511,8037.640,2497.860,22.02140809,19.65196320,359.9900,881.3500,315.6800,812.0700
475,1,1.659916,46291.420,2413.600,22.02579464,19.73009762,10376.440,2494.360,22.02599897,19.72674701,360.0500,1913.9600,313.9300,1981.4700
476,1,1.012458,45849.860,2413.960,22.02476650,19.71411785,9879.700,2492.740,22.02509559,19.71085893,360.2300,1693.1800,313.1200,1733.1000
477,1,1.012369,46049.880,2414.880,22.02519159,19.72135858,10106.080,2496.340,22.02542033,19.71810528,360.6900,1793.1900,314.9200,1846.2900
478,1,1.012369,46049.880,2414.880,22.02519159,19.72135858,10106.080,2496.340,22.02542033,19.71810528,360.6900,1793.1900,314.9200,1846.2900
479,1,0.055448,42928.760,2415.220,22.01800700,19.60840296,6565.860,2505.680,22.01835052,19.60491370,360.8600,232.6300,319.5900,76.1800
480,1,0.658234,43838.520,2417.340,22.02001792,19.64133222,7596.900,2503.800,22.02038362,19.63788083,361.9200,687.5100,318.6500,591.7000
481,1,0.598897,42894.500,2418.500,22.01780519,19.60716953,6526.340,2508.540,22.01818862,19.60365556,362.5000,215.5000,321.0200,56.4200
482,0,3.267625,43795.440,2418.680,22.01986865,19.63977576,7548.720,2500.180,22.02040057,19.63633297,362.5900,665.9700,316.8400,567.6100
483,1,0.339224,45134.600,2420.180,22.02288953,19.68824420,9066.580,2503.620,22.02320639,19.68487827,363.3400,1335.5500,318.5600,1326.5400
484,1,0.753243,43571.280,2420.380,22.01928977,19.63166656,7295.880,2509.760,22.01962671,19.62826651,363.4400,553.8900,321.6300,441.1900
485,1,0.437452,45935.080,2421.060,22.02469588,19.71721607,9975.440,2502.900,22.02497053,19.71394060,363.7800,1735.7900,318.2000,1780.9700
486,1,0.954657,44802.540,2421.240,22.02208673,19.67622872,8689.780,2504.560,22.02245561,19.67283072,363.8700,1169.5200,319.0300,1138.1400
487,1,0.444432,44825.300,2421.800,22.02211801,19.67705354,8716.840,2507.640,22.02241420,19.67370214,364.1500,1180.9000,320.5700,1151.6700
488,1,0.337979,44939.300,2422.320,22.02236045,19.68118033,8845.840,2506.380,22.02269962,19.67782484,364.4100,1237.9000,319.9400,1216.1700
489,1,0.337979,44939.300,2422.320,22.02236045,19.68118033,8845.840,2506.380,22.02269962,19.67782484,364.4100,1237.9000,319.9400,1216.1700
490,1,0.610928,46000.580,2422.420,22.02479535,19.71958926,10049.540,2504.720,22.02505727,19.71631378,364.4600,1768.5400,319.1100,1818.0200
491,1,0.470626,43287.140,2424.480,22.01848300,19.62139136,6972.820,2515.940,22.01882121,19.61794783,365.4900,411.8200,324.7200,279.6600
492,1,1.519917,44843.580,2426.160,22.02199640,19.67772372,8737.140,2508.820,22.02241737,19.67435363,366.3300,1190.0400,321.1600,1161.8200
493,1,0.515434,43493.500,2426.680,22.01887462,19.62886407,7205.740,2516.180,22.01926025,19.62539668,366.5900,515.0000,324.8400,396.1200
494,1,0.536074,43506.160,2429.260,22.01880689,19.62932734,7220.640,2518.980,22.01920432,19.62587868,367.8800,521.3300,326.2400,403.5700
495,0,6.729394,43854.220,2430.020,22.01957815,19.64192546,7611.380,2532.620,22.01954094,19.63840080,368.2600,695.3600,333.0600,598.9400
496,1,0.460028,42921.480,2430.220,22.01742736,19.60816911,6558.420,2523.560,22.01779766,19.60471109,368.3600,228.9900,328.5300,72.4600
497,1,0.940392,43115.620,2433.920,22.01773462,19.61520253,6778.760,2528.420,22.01807324,19.61176678,370.2100,326.0600,330.9600,182.6300
498,0,1084.373719,43498.140,2434.280,22.01860007,19.62904700,9356.660,2845.200,22.01340082,19.69482918,370.3900,517.3200,489.3500,1471.5800
499,1,1.054679,43367.780,2434.760,22.01828252,19.62433010,7065.720,2527.600,22.01864753,19.62094164,370.6300,452.1400,330.5500,326.1100
500,1,0.623311,46045.320,2437.480,22.02433299,19.72123819,10100.460,2522.140,22.02462548,19.71797652,371.9900,1790.9100,327.8200,1843.4800
501,1,0.464980,45130.560,2440.000,22.02213646,19.68813713,9061.840,2527.280,22.02248012,19.68477342,373.2500,1333.5300,330.3900,1324.1700
502,1,0.464980,45130.560,2440.000,22.02213646,19.68813713,9061.840,2527.280,22.02248012,19.68477342,373.2500,1333.5300,330.3900,1324.1700
503,1,0.302256,42843.740,2440.980,22.01684494,19.60537688,6469.460,2536.600,22.01723455,19.60189206,373.7400,190.1200,335.0500,27.9800
504,0,7.410893,44028.460,2442.040,22.01952745,19.64825512,7811.420,2518.440,22.02035246,19.64476972,374.2700,782.4800,325.9700,698.9600
505,1,0.477533,46150.380,2442.120,22.02440028,19.72504958,10218.740,2526.840,22.02470917,19.72176819,374.3100,1843.4400,330.1700,1902.6200
506,1,0.391658,43558.600,2442.280,22.01843878,19.63125091,7280.760,2534.580,22.01884873,19.62783203,374.3900,547.5500,334.0400,433.6300
507,1,0.391658,43558.600,2442.280,22.01843878,19.63125091,7280.760,2534.580,22.01884873,19.62783203,374.3900,547.5500,334.0400,433.6300
508,1,0.344922,45644.520,2442.440,22.02322589,19.70674265,9646.240,2527.920,22.02357992,19.70346278,374.4700,1590.5100,330.7100,1616.3700
509,1,0.344922,45644.520,2442.440,22.02322589,19.70674265,9646.240,2527.920,22.02357992,19.70346278,374.4700,1590.5100,330.7100,1616.3700
510,1,0.344922,45644.520,2442.440,22.02322589,19.70674265,9646.240,2527.920,22.02357992,19.70346278,374.4700,1590.5100,330.7100,1616.3700
511,1,0.590519,43780.180,2442.600,22.01893593,19.63927073,7530.340,2535.160,22.01930907,19.63581430,374.5500,658.3400,334.3300,558.4200
512,1,0.237634,44793.860,2444.800,22.02118264,19.67596112,8680.580,2533.480,22.02156218,19.67259364,375.6500,1165.1800,333.4900,1133.5400
513,1,0.265755,42944.480,2444.880,22.01693007,19.60903046,6583.940,2540.700,22.01733021,19.60556103,375.6900,240.4900,337.1000,85.2200
514,1,0.265755,42944.480,2444.880,22.01693007,19.60903046,6583.940,2540.700,22.01733021,19.60556103,375.6900,240.4900,337.1000,85.2200
515,1,1.479088,45996.140,2445.640,22.02391377,19.71947444,10043.940,2527.720,22.02434765,19.71618013,376.0700,1766.3200,330.6100,1815.2200
516,1,1.243648,45654.020,2446.400,22.02309911,19.70709429,9658.620,2533.780,22.02342574,19.70387024,376.4500,1595.2600,333.6400,1622.5600
517,1,0.448810,45355.600,2447.020,22.02239012,19.69629541,9317.280,2533.880,22.02276915,19.69295498,376.7600,1446.0500,333.6900,1451.8900
518,1,0.221688,44833.680,2448.040,22.02115256,19.67740864,8725.740,2537.200,22.02153598,19.67404513,377.2700,1185.0900,335.3500,1156.1200
519,1,0.350325,45668.140,2448.300,22.02306025,19.70760906,9672.960,2534.460,22.02343255,19.70433015,377.4000,1602.3200,333.9800,1629.7300
520,0,831.748264,45640.280,2448.380,22.02299323,19.70660094,8009.360,2860.040,22.01040424,19.65177420,377.4400,1588.3900,496.7700,797.9300
521,1,0.405722,45861.180,2450.240,22.02343102,19.71459919,9891.100,2535.700,22.02381255,19.71130834,378.3700,1698.8400,334.6000,1738.8000
522,1,0.539698,42849.460,2450.280,22.01650908,19.60560226,6475.880,2547.900,22.01690653,19.60211968,378.3900,192.9800,340.7000,31.1900
523,1,2.877877,44896.940,2452.260,22.02113955,19.67970642,8793.420,2538.500,22.02162617,19.67621198,379.3800,1216.7200,336.0000,1189.9600
524,1,0.596871,43503.760,2452.860,22.01791573,19.62928710,7218.360,2546.460,22.01837080,19.62586005,379.6800,520.1300,339.9800,402.4300
525,1,0.125519,44969.480,2453.260,22.02126871,19.68233368,8880.020,2542.840,22.02166046,19.67898987,379.8800,1252.9900,338.1700,1233.2600
526,1,0.155128,43722.320,2453.300,22.01840144,19.63719786,7465.660,2547.600,22.01880965,19.63377052,379.9000,629.4100,340.5500,526.0800
527,1,1.269845,43551.100,2455.860,22.01791193,19.63100630,7269.800,2549.280,22.01838415,19.62751058,381.1800,543.8000,341.3900,428.1500
528,1,0.325001,43578.240,2456.020,22.01796829,19.63198884,7302.400,2551.680,22.01837410,19.62855781,381.2600,557.3700,342.5900,444.4500
529,1,0.671977,44239.160,2457.420,22.01943444,19.65591093,8050.980,2551.300,22.01981787,19.65249534,381.9600,887.8300,342.4000,818.7400
530,1,0.274629,43119.280,2457.420,22.01686114,19.61538141,6782.440,2553.860,22.01731353,19.61193471,381.9600,327.8900,343.6800,184.4700
531,1,1.126142,43495.920,2457.740,22.01771459,19.62901300,7209.320,2551.080,22.01821411,19.62558009,382.1200,516.2100,342.2900,397.9100
532,1,0.379880,45854.300,2458.380,22.02310974,19.71436627,9883.820,2546.720,22.02346388,19.71109730,382.4400,1695.4000,340.1100,1735.1600
533,1,0.648254,43702.640,2459.760,22.01811379,19.63649838,7444.160,2556.140,22.01851069,19.63309985,383.1300,619.5700,344.8200,515.3300
534,1,0.648254,43702.640,2459.760,22.01811379,19.63649838,7444.160,2556.140,22.01851069,19.63309985,383.1300,619.5700,344.8200,515.3300
535,1,0.389412,42805.700,2460.180,22.01603701,19.60403810,6427.200,2558.780,22.01648574,19.60058447,383.3400,171.1000,346.1400,6.8500
536,1,0.942853,45722.720,2461.260,22.02269932,19.70960996,9734.980,2551.600,22.02303088,19.70634730,383.8800,1629.6100,342.5500,1660.7400
537,1,0.183258,43305.700,2461.680,22.01712963,19.62213654,6993.820,2558.680,22.01757259,19.61870379,384.0900,421.1000,346.0900,290.1600
538,1,0.426079,45338.500,2461.960,22.02179017,19.69570605,9299.260,2551.340,22.02220508,19.69241322,384.2300,1437.5000,342.4200,1442.8800
539,1,2.888608,43174.880,2462.800,22.01678700,19.61740425,6843.920,2554.680,22.01740644,19.61390235,384.6500,355.6900,344.0900,215.2100
540,1,1.171345,43094.240,2466.980,22.01644484,19.61449407,6752.740,2567.620,22.01684202,19.61101213,386.7400,315.3700,350.5600,169.6200
541,0,409.686315,43823.640,2467.680,22.01809461,19.64089313,7396.620,3362.200,21.99408786,19.63317167,387.0900,680.0700,747.8500,491.5600
542,1,1.134374,43024.080,2468.660,22.01622058,19.61195823,6673.280,2569.780,22.01662500,19.60847540,387.5800,280.2900,351.6400,129.8900
543,1,0.687984,43548.000,2470.500,22.01735541,19.63092302,7266.920,2567.880,22.01781735,19.62745522,388.5000,542.2500,350.6900,426.7100
544,1,1.565277,45304.280,2470.840,22.02137830,19.69448514,9259.860,2565.560,22.02169844,19.69118136,388.6700,1420.3900,349.5300,1423.1800
545,1,0.132838,43112.460,2471.900,22.01630207,19.61516318,6774.320,2571.420,22.01676876,19.61170973,389.2000,324.4800,352.4600,180.4100
546,1,0.132838,43112.460,2471.900,22.01630207,19.61516318,6774.320,2571.420,22.01676876,19.61170973,389.2000,324.4800,352.4600,180.4100
547,1,0.132838,43112.460,2471.900,22.01630207,19.61516318,6774.320,2571.420,22.01676876,19.61170973,389.2000,324.4800,352.4600,180.4100
548,1,0.706063,43535.080,2473.540,22.01721164,19.63046144,7253.420,2570.240,22.01772033,19.62702817,390.0200,535.7900,351.8700,419.9600
549,1,0.367686,43549.180,2474.560,22.01720576,19.63097375,7269.260,2573.400,22.01765525,19.62754095,390.5300,542.8400,353.4500,427.8800
550,1,1.886138,44254.020,2474.780,22.01881711,19.65648301,8066.760,2567.540,22.01935702,19.65303203,390.6400,895.2600,350.5200,826.6300
551,1,0.020139,46285.120,2474.960,22.02347750,19.72999081,10372.240,2563.900,22.02387612,19.72675005,390.7300,1910.8100,348.7000,1979.3700
552,1,1.218967,42848.600,2475.100,22.01557568,19.60562016,6477.540,2575.140,22.01608932,19.60222657,390.8000,192.5500,354.3200,32.0200
553,1,0.302421,43259.360,2477.440,22.01643172,19.62049058,6941.500,2577.480,22.01690566,19.61706782,391.9700,397.9300,355.4900,264.0000
554,1,0.866963,43557.320,2480.300,22.01700906,19.63127968,7280.240,2580.560,22.01746017,19.62790621,393.4000,546.9100,357.0300,433.3700
555,1,0.663592,43590.360,2480.340,22.01708348,19.63247551,7317.480,2578.640,22.01758929,19.62909329,393.4200,563.4300,356.0700,451.9900
556,1,0.363469,45727.940,2480.800,22.02197803,19.70983747,9741.040,2572.940,22.02239451,19.70658323,393.6500,1632.2200,353.2200,1663.7700
557,1,0.389767,43528.460,2481.180,22.01690972,19.63023695,7246.960,2580.460,22.01739959,19.62684178,393.8400,532.4800,356.9800,416.7300
558,1,0.053952,45906.900,2482.440,22.02232771,19.71631744,9943.260,2573.840,22.02275376,19.71305165,394.4700,1721.7000,353.6700,1764.8800
559,1,0.297385,43099.660,2482.520,22.01587412,19.61472091,6760.180,2583.060,22.01639091,19.61128054,394.5100,318.0800,358.2800,173.3400
560,1,1.454737,43761.660,2485.020,22.01730147,19.63868426,7511.800,2581.580,22.01787192,19.63531311,395.7600,649.0800,357.5400,549.1500
561,1,2.048119,42987.320,2485.860,22.01549064,19.61066182,6631.920,2583.840,22.01612231,19.60718055,396.1800,261.9100,358.6700,109.2100
562,1,2.048119,42987.320,2485.860,22.01549064,19.61066182,6631.920,2583.840,22.01612231,19.60718055,396.1800,261.9100,358.6700,109.2100
563,1,0.228479,45648.780,2486.080,22.02159799,19.70698302,9650.540,2579.480,22.02202297,19.70370212,396.2900,1592.6400,356.4900,1618.5200
564,1,0.442174,45767.880,2487.160,22.02183113,19.71129550,9786.400,2580.460,22.02225287,19.70804862,396.8300,1652.1900,356.9800,1686.4500
565,0,3.675055,43504.080,2490.160,22.01651671,19.62937235,7221.060,2598.060,22.01681905,19.62604830,398.3300,520.2900,365.7800,403.7800
566,1,0.438127,46322.380,2493.860,22.02285385,19.73137661,10414.620,2584.940,22.02331724,19.72814684,400.1800,1929.4400,359.2200,2000.5600
567,1,0.732130,43314.940,2493.960,22.01593949,19.62253470,7004.760,2597.540,22.01642163,19.61913038,400.2300,425.7200,365.5200,295.6300
568,1,0.126498,43573.540,2495.360,22.01648117,19.63189644,7297.440,2596.720,22.01700536,19.62848816,400.9300,555.0200,365.1100,441.9700
569,0,9.034724,44105.240,2495.480,22.01769843,19.65113941,7909.160,2579.520,22.01869357,19.64801592,400.9900,820.8700,356.5100,747.8300
570,0,1692.407072,46537.040,2498.540,22.02317148,19.73915460,7367.080,3382.200,21.99342947,19.63226653,402.5200,2036.7700,757.8500,476.7900
571,1,0.709833,43522.280,2500.440,22.01617275,19.63005133,7238.460,2601.920,22.01673581,19.62661235,403.4700,529.3900,367.7100,412.4800
572,1,0.415041,44883.240,2501.020,22.01927825,19.67930691,8782.040,2598.500,22.01978693,19.67596658,403.7600,1209.8700,366.0000,1184.2700
573,0,3.763682,44814.780,2502.220,22.01907590,19.67683165,8706.080,2593.280,22.01979995,19.67352720,404.3600,1175.6400,363.3900,1146.2900
574,1,0.253593,44894.400,2504.020,22.01919131,19.67971673,8795.120,2602.080,22.01970346,19.67639192,405.2600,1215.4500,367.7900,1190.8100
575,1,0.232078,43666.640,2504.300,22.01635961,19.63528348,7403.040,2606.620,22.01690820,19.63188461,405.4000,601.5700,370.0600,494.7700
576,1,0.957212,45632.160,2504.580,22.02086555,19.70641807,9632.200,2602.580,22.02128671,19.70316126,405.5400,1584.3300,368.0400,1609.3500
577,1,0.504084,42951.500,2505.620,22.01466680,19.60940449,6591.620,2611.980,22.01519758,19.60594741,406.0600,244.0000,372.7400,89.0600
578,1,0.201559,43565.700,2506.480,22.01604586,19.63163467,7288.160,2609.940,22.01658868,19.62821751,406.4900,551.1000,371.7200,437.3300
579,1,0.301301,45441.440,2508.060,22.02029671,19.69952260,9415.160,2605.740,22.02077640,19.69622695,407.2800,1488.9700,369.6200,1500.8300
580,1,0.292985,45247.460,2508.160,22.01984722,19.69250248,9196.020,2605.700,22.02035922,19.68921915,407.3300,1391.9800,369.6000,1391.2600
581,1,1.115589,42821.220,2508.780,22.01424885,19.60469577,6443.940,2617.400,22.01475247,19.60123557,407.6400,178.8600,375.4500,15.2200
582,1,0.074031,46208.720,2508.780,22.02203278,19.72729262,10285.720,2603.760,22.02249872,19.72406202,407.6400,1872.6100,368.6300,1936.1100
583,1,0.041956,44751.920,2509.420,22.01866127,19.67457090,8633.700,2609.280,22.01917721,19.67124422,407.9600,1144.2100,371.3900,1110.1000
584,1,0.359234,43450.180,2510.040,22.01564681,19.62746092,7157.360,2613.840,22.01622134,19.62404246,408.2700,493.3400,373.6700,371.9300
585,1,0.171492,43093.540,2510.440,22.01481230,19.61455457,6753.480,2616.320,22.01537574,19.61113198,408.4700,315.0200,374.9100,169.9900
586,1,0.147505,43497.560,2511.200,22.01571215,19.62917794,7211.320,2615.420,22.01627666,19.62577112,408.8500,517.0300,374.4600,398.9100
587,1,0.691322,44010.600,2511.420,22.01688278,19.64774578,7792.840,2612.860,22.01746385,19.64436206,408.9600,773.5500,373.1800,689.6700
588,1,0.092223,43526.320,2512.380,22.01573396,19.63022112,7244.040,2616.840,22.01629625,19.62682026,409.4400,531.4100,375.1700,415.2700
589,1,0.079583,43573.280,2512.840,22.01582460,19.63192156,7297.140,2617.520,22.01637707,19.62851965,409.6700,554.8900,375.5100,441.8200
590,1,2.723266,44358.580,2515.320,22.01753603,19.66034721,8185.620,2612.560,22.01822263,19.65692188,410.9100,947.5400,373.0300,886.0600
591,1,0.166193,44141.780,2519.320,22.01688775,19.65250891,7941.960,2622.660,22.01745225,19.64915001,412.9100,839.1400,378.0800,764.2300
592,1,0.422977,43462.360,2519.840,22.01530703,19.62792108,7171.820,2626.680,22.01586156,19.62453022,413.1700,499.4300,380.0900,379.1600
593,1,0.581083,43549.440,2522.460,22.01540881,19.63107777,7269.620,2627.680,22.01601796,19.62765967,414.4800,542.9700,380.5900,428.0600
594,1,0.486861,45282.300,2522.620,22.01938464,19.69379193,9236.180,2623.300,22.01990217,19.69053816,414.5600,1409.4000,378.4000,1411.3400
595,1,0.489281,44891.120,2522.740,22.01848126,19.67963499,8792.640,2624.600,22.01901655,19.67635710,414.6200,1213.8100,379.0500,1189.5700
596,1,0.259034,46321.740,2523.680,22.02173332,19.73141235,10413.520,2620.800,22.02222448,19.72818249,415.0900,1929.1200,377.1500,2000.0100
597,1,0.259034,46321.740,2523.680,22.02173332,19.73141235,10413.520,2620.800,22.02222448,19.72818249,415.0900,1929.1200,377.1500,2000.0100
598,0,3.143271,43852.720,2524.220,22.01603965,19.64205723,7617.300,2624.260,22.01678448,19.63877111,415.3600,694.6100,378.8800,601.9000
599,1,0.646893,42946.120,2524.860,22.01393241,19.60924778,6586.220,2632.260,22.01457634,19.60581478,415.6800,241.3100,382.8800,86.3600
600,1,2.078032,43105.660,2525.620,22.01427049,19.61502319,6763.160,2632.260,22.01491381,19.61147301,416.0600,321.0800,382.8800,174.8300
601,1,0.531755,43713.920,2525.680,22.01566592,19.63703681,7457.220,2630.920,22.01627800,19.63366519,416.0900,625.2100,382.2100,521.8600
602,1,0.182587,46290.820,2526.000,22.02157521,19.73029791,10378.840,2623.780,22.02206768,19.72707937,416.2500,1913.6600,378.6400,1982.6700
603,1,0.641373,44495.320,2526.200,22.01744194,19.66531745,8341.820,2629.060,22.01802152,19.66194947,416.3500,1015.9100,381.2800,964.1600
604,1,0.832492,43390.260,2528.320,22.01482313,19.62532846,7088.600,2637.280,22.01538308,19.62188993,417.4100,463.3800,385.3900,337.5500
605,1,2.523017,44689.600,2528.940,22.01778554,19.67235404,8561.580,2627.560,22.01848612,19.66897405,417.7200,1113.0500,380.5300,1074.0400
606,1,0.509906,43570.060,2531.460,22.01511845,19.63184180,7293.880,2638.120,22.01574917,19.62845608,418.9800,553.2800,385.8100,440.1900
607,0,2010.378026,46456.940,2532.520,22.02171225,19.73632282,6546.780,2666.740,22.01346251,19.60462166,419.5100,1996.7200,400.1200,66.6400
608,1,0.351824,46317.800,2532.560,22.02139103,19.73128729,10409.760,2631.680,22.02188640,19.72808374,419.5300,1927.1500,382.5900,1998.1300
609,1,0.804344,42975.660,2533.980,22.01365804,19.61033488,6619.680,2642.480,22.01433225,19.60690496,420.2400,256.0800,387.9900,103.0900
610,1,0.587196,44204.440,2535.340,22.01643054,19.65480828,8013.380,2642.600,22.01698567,19.65147328,420.9200,870.4700,388.0500,799.9400
611,1,0.388150,43461.240,2535.780,22.01470628,19.62791203,7170.800,2643.960,22.01533830,19.62453174,421.1400,498.8700,388.7300,378.6500
612,1,0.145302,45393.500,2536.600,22.01911553,19.69784398,9361.300,2639.120,22.01966099,19.69457053,421.5500,1465.0000,386.3100,1473.9000
613,1,0.787584,44985.160,2537.340,22.01814946,19.68306723,8898.380,2639.560,22.01876500,19.67976803,421.9200,1260.8300,386.5300,1242.4400
614,1,0.137484,43539.520,2539.220,22.01475706,19.63075185,7259.320,2648.360,22.01537427,19.62737114,422.8600,538.0100,390.9300,422.9100
615,0,92.748116,44874.420,2539.840,22.01780118,19.67906438,8595.300,2590.680,22.01966706,19.66997951,423.1700,1205.4600,362.0900,1090.9000
616,1,0.543209,45981.980,2540.660,22.02031540,19.71914965,10029.900,2641.640,22.02085926,19.71595616,423.5800,1759.2400,387.5700,1808.2000
617,1,0.227407,45482.480,2541.160,22.01914886,19.70107325,9461.980,2644.100,22.01970186,19.69779993,423.8300,1509.4900,388.8000,1524.2400
618,1,0.321557,42863.640,2542.640,22.01307565,19.60629787,6493.220,2654.320,22.01373456,19.60288438,424.5700,200.0700,393.9100,39.8600
619,1,0.511230,43435.620,2542.800,22.01438397,19.62699869,7141.520,2651.820,22.01504537,19.62361094,424.6500,486.0600,392.6600,364.0100
620,1,0.495411,45625.760,2542.900,22.01941280,19.70626213,9624.080,2644.840,22.01998842,19.70298507,424.7000,1581.1300,389.1700,1605.2900
621,1,0.817863,45467.940,2546.320,22.01892181,19.70055723,9445.940,2651.600,22.01944372,19.69730181,426.4100,1502.2200,392.5500,1516.2200
622,1,0.181169,45477.580,2546.580,22.01893421,19.70090662,9456.560,2650.440,22.01949916,19.69763913,426.5400,1507.0400,391.9700,1521.5300
623,1,0.732761,44098.080,2547.420,22.01573282,19.65098287,7893.440,2654.800,22.01638828,19.64766191,426.9600,817.2900,394.1500,739.9700
624,1,1.953316,43074.580,2548.280,22.01334871,19.61394313,6728.500,2658.460,22.01405815,19.61041640,427.3900,305.5400,395.9800,157.5000
625,1,0.352523,43658.620,2549.360,22.01465021,19.63508222,7394.080,2660.400,22.01526769,19.63170431,427.9300,597.5600,396.9500,490.2900
626,1,1.495245,43050.660,2551.020,22.01319092,19.61308285,6705.700,2660.880,22.01394178,19.60969207,428.7600,293.5800,397.1900,146.1000
627,1,0.684408,42919.480,2551.380,22.01287598,19.60833603,6556.800,2665.700,22.01351293,19.60494003,428.9400,227.9900,399.6000,71.6500
628,1,0.489071,44897.020,2551.680,22.01740879,19.67990568,8799.500,2658.320,22.01800818,19.67664307,429.0900,1216.7600,395.9100,1193.0000
629,1,0.809407,44869.180,2552.480,22.01731479,19.67889970,8765.800,2658.080,22.01795125,19.67556493,429.4900,1202.8400,395.7900,1176.1500
630,1,0.685029,45908.200,2553.180,22.01967602,19.71650421,9945.420,2657.820,22.02020666,19.71328659,429.8400,1722.3500,395.6600,1765.9600
631,1,0.685029,45908.200,2553.180,22.01967602,19.71650421,9945.420,2657.820,22.02020666,19.71328659,429.8400,1722.3500,395.6600,1765.9600
632,1,0.692797,45479.000,2554.420,22.01864326,19.70097350,9458.160,2660.720,22.01919029,19.69771060,430.4600,1507.7500,397.1100,1522.3300
633,1,0.420218,43937.840,2558.400,22.01495256,19.64520532,7711.300,2668.580,22.01562491,19.64186461,432.4500,737.1700,401.0400,648.9000
634,1,0.373919,45124.600,2558.620,22.01767129,19.68815572,9056.400,2666.200,22.01825879,19.68487385,432.5600,1330.5500,399.8500,1321.4500
635,1,0.908542,43498.060,2559.480,22.01390149,19.62929139,7211.300,2670.460,22.01461594,19.62587920,432.9900,517.2800,401.9800,398.9000
636,1,0.642694,43079.740,2562.320,22.01283368,19.61415760,6737.220,2675.660,22.01355642,19.61072922,434.4100,308.1200,404.5800,161.8600
637,1,0.987260,45964.940,2563.620,22.01941462,19.71857830,10010.100,2666.540,22.02006495,19.71537217,435.0600,1750.7200,400.0200,1798.3000
638,1,0.383363,43089.600,2565.900,22.01272199,19.61452152,6748.760,2681.680,22.01339696,19.61111014,436.2000,313.0500,407.5900,167.6300
639,1,0.517142,44713.320,2566.020,22.01644853,19.67328572,8590.980,2674.760,22.01711315,19.67000744,436.2600,1124.9100,404.1300,1088.7400
640,1,1.462885,46331.680,2569.860,22.02002316,19.73186330,10423.100,2676.100,22.02056080,19.72859807,438.1800,1934.0900,404.8000,2004.8000
641,1,0.063773,45160.320,2570.020,22.01732556,19.68947098,9097.320,2678.600,22.01796083,19.68620689,438.2600,1348.4100,406.0500,1341.9100
642,1,0.686848,44877.560,2570.640,22.01665256,19.67923885,8777.600,2681.280,22.01727099,19.67598809,438.5700,1207.0300,407.3900,1182.0500
643,1,0.459719,43254.640,2571.580,22.01288807,19.62050569,6936.680,2686.240,22.01361718,19.61712850,439.0400,395.5700,409.8700,261.5900
644,1,0.459719,43254.640,2571.580,22.01288807,19.62050569,6936.680,2686.240,22.01361718,19.61712850,439.0400,395.5700,409.8700,261.5900
645,1,2.399650,42941.080,2571.940,22.01215405,19.60915837,6580.920,2683.720,22.01301602,19.60574694,439.2200,238.7900,408.6100,83.7100
646,1,0.268543,45669.700,2574.360,22.01833316,19.70791450,9675.120,2681.520,22.01897216,19.70468968,440.4300,1603.1000,407.5100,1630.8100
647,1,0.426871,45656.020,2574.660,22.01829047,19.70742000,9658.800,2681.760,22.01893381,19.70416827,440.5800,1596.2600,407.6300,1622.6500
648,0,3.034758,43466.780,2575.100,22.01324344,19.62819019,7180.300,2695.340,22.01380628,19.62493701,440.8000,501.6400,414.4200,383.4000
649,1,0.317991,43103.260,2576.740,22.01234659,19.61503730,6765.180,2693.660,22.01306716,19.61165888,441.6200,319.8800,413.5800,175.8400
650,0,3.043410,45452.760,2579.080,22.01765754,19.70007256,9434.140,2685.160,22.01840301,19.69699076,442.7900,1494.6300,409.3300,1510.3200
651,1,0.445840,43087.060,2580.160,22.01218102,19.61445776,6746.640,2698.380,22.01288964,19.61107533,443.3300,311.7800,415.9400,166.5700
652,1,0.270415,46346.020,2580.160,22.01966958,19.73240262,10442.380,2686.600,22.02027814,19.72923535,443.3300,1941.2600,410.0500,2014.4400
653,1,1.153457,44083.700,2581.920,22.01440509,19.65053058,7878.160,2697.740,22.01506141,19.64725809,444.2100,810.1000,415.6200,732.3300
654,0,241.042427,44083.700,2581.920,22.01440509,19.65053058,7558.560,2333.780,22.02544446,19.63631898,444.2100,810.1000,233.6400,572.5300
655,1,0.668563,46387.080,2582.500,22.01967612,19.73389324,10488.900,2690.300,22.02025412,19.73073028,444.5000,1961.7900,411.9000,2037.7000
656,1,0.049972,45435.320,2583.660,22.01744559,19.69945043,9409.200,2693.740,22.01809524,19.69621017,445.0800,1485.9100,413.6200,1497.8500
657,1,0.468310,43273.720,2585.120,22.01242380,19.62122296,6958.140,2703.660,22.01313275,19.61784916,445.8100,405.1100,418.5800,272.3200
658,1,0.213345,44996.920,2586.220,22.01634215,19.68358938,8911.780,2698.500,22.01700462,19.68031295,446.3600,1266.7100,416.0000,1249.1400
659,1,0.214737,45916.500,2588.980,22.01835162,19.71687530,9954.920,2698.640,22.01898466,19.71367101,447.7400,1726.5000,416.0700,1770.7100
660,1,0.214737,45916.500,2588.980,22.01835162,19.71687530,9954.920,2698.640,22.01898466,19.71367101,447.7400,1726.5000,416.0700,1770.7100
661,0,1058.707041,44069.480,2589.860,22.01407445,19.65003163,9795.480,3564.980,21.99237267,19.71028352,448.1800,802.9900,849.2400,1690.9900
662,1,1.708748,43421.060,2590.740,22.01255146,19.62656643,7127.440,2706.400,22.01337208,19.62326849,448.6200,478.7800,419.9500,356.9700
663,1,0.859972,42924.280,2593.580,22.01130336,19.60859310,6562.660,2715.240,22.01203179,19.60522527,450.0400,230.3900,424.3700,74.5800
664,0,3.174562,44176.120,2595.660,22.01410183,19.65390249,7984.180,2706.320,22.01500371,19.65066537,451.0800,856.3100,419.9100,785.3400
665,1,0.851916,43296.040,2597.740,22.01200149,19.62205567,6984.400,2716.120,22.01280697,19.61871351,452.1200,416.2700,424.8100,285.4500
666,1,0.851916,43296.040,2597.740,22.01200149,19.62205567,6984.400,2716.120,22.01280697,19.61871351,452.1200,416.2700,424.8100,285.4500
667,1,0.490492,46257.440,2602.080,22.01864344,19.72924012,10340.740,2712.920,22.01928434,19.72603706,454.2900,1896.9700,423.2100,1963.6200
668,1,0.490066,43244.180,2603.360,22.01167142,19.62018990,6924.420,2725.120,22.01242159,19.61681324,454.9300,390.3400,429.3100,255.4600
669,0,4.448079,43610.400,2603.740,22.01249868,19.63344450,7335.940,2715.320,22.01349935,19.62995357,455.1200,573.4500,424.4100,461.2200
670,1,0.282613,45858.740,2604.080,22.01765224,19.71481474,9889.040,2716.460,22.01831807,19.71159948,455.2900,1697.6200,424.9800,1737.7700
671,1,0.472831,43325.620,2604.400,22.01181953,19.62313935,7017.560,2725.720,22.01258049,19.61979287,455.4500,431.0600,429.6100,302.0300
672,1,0.146968,45693.600,2607.860,22.01713092,19.70884563,9702.420,2720.860,22.01782974,19.70564039,457.1800,1615.0500,427.1800,1644.4600
673,1,0.130853,44611.600,2608.980,22.01460263,19.66968923,8475.100,2725.780,22.01534825,19.66640257,457.7400,1074.0500,429.6400,1030.8000
674,1,0.289347,45867.160,2609.020,22.01748620,19.71512922,9898.860,2722.340,22.01815813,19.71192512,457.7600,1701.8300,427.9200,1742.6800
675,1,0.629909,43246.140,2610.560,22.01140573,19.62027506,6926.780,2733.800,22.01216437,19.61690585,458.5300,391.3200,433.6500,256.6400
676,1,0.795385,44802.360,2611.440,22.01494865,19.67659788,8691.380,2726.660,22.01573257,19.67332056,458.9700,1169.4300,430.0800,1138.9400
677,1,0.855746,43137.660,2611.980,22.01110317,19.61635187,6803.780,2736.280,22.01185597,19.61297742,459.2400,337.0800,434.8900,195.1400
678,1,0.642156,46104.820,2613.480,22.01786494,19.72373917,10168.820,2727.420,22.01851676,19.72056800,459.9900,1820.6600,430.4600,1877.6600
679,1,0.976975,44327.300,2614.860,22.01372870,19.65941176,8151.900,2735.580,22.01443773,19.65608655,460.6800,931.9000,434.5400,869.2000
680,1,0.444883,45807.160,2616.720,22.01705937,19.71297297,9831.840,2730.680,22.01777747,19.70979841,461.6100,1671.8300,432.0900,1709.1700
681,1,0.615182,43331.380,2620.060,22.01124509,19.62337874,7023.740,2744.540,22.01202466,19.62002767,463.2800,433.9400,439.0200,305.1200
682,1,0.615182,43331.380,2620.060,22.01124509,19.62337874,7023.740,2744.540,22.01202466,19.62002767,463.2800,433.9400,439.0200,305.1200
683,1,0.556663,44342.120,2621.800,22.01350231,19.65996182,8168.580,2742.120,22.01427161,19.65663287,464.1500,939.3100,437.8100,877.5400
684,1,0.556663,44342.120,2621.800,22.01350231,19.65996182,8168.580,2742.120,22.01427161,19.65663287,464.1500,939.3100,437.8100,877.5400
685,1,0.777839,45916.420,2625.440,22.01698320,19.71694442,9953.500,2741.340,22.01768475,19.71370994,465.9700,1726.4600,437.4200,1770.0000
686,1,0.617457,46035.380,2626.920,22.01720101,19.72125262,10090.000,2743.320,22.01788379,19.71807888,466.7100,1785.9400,438.4100,1838.2500
687,1,0.832287,45571.200,2627.340,22.01611864,19.70445433,9561.940,2743.540,22.01687441,19.70119288,466.9200,1553.8500,438.5200,1574.2200
688,1,0.659887,45274.280,2632.920,22.01522696,19.69371954,9227.980,2752.300,22.01597464,19.69053073,469.7100,1405.3900,442.9000,1407.2400
689,1,0.263652,44337.280,2634.260,22.01302360,19.65981126,8163.780,2756.240,22.01383545,19.65650726,470.3800,936.8900,444.8700,875.1400
690,1,1.209185,42954.320,2642.340,22.00954256,19.60977658,6595.140,2772.880,22.01035709,19.60637777,474.4200,245.4100,453.1900,90.8200
691,1,0.506712,45568.940,2643.280,22.01551526,19.70440402,9562.020,2762.740,22.01629185,19.70123336,474.8900,1552.7200,448.1200,1574.2600
692,1,0.268813,46335.260,2645.240,22.01720259,19.73214174,10430.520,2762.240,22.01795492,19.72900548,475.8700,1935.8800,447.8700,2008.5100
693,1,1.455155,43747.800,2645.800,22.01123601,19.63850021,7495.700,2774.860,22.01200532,19.63518001,476.1500,642.1500,454.1800,541.1000
694,1,0.075200,46329.660,2648.900,22.01705237,19.73194630,10423.640,2766.880,22.01780074,19.72879464,477.7000,1933.0800,450.1900,2005.0700
695,0,3.210403,46087.620,2653.020,22.01634159,19.72319478,10149.480,2765.960,22.01730861,19.72002566,479.7600,1812.0600,449.7300,1867.9900
696,1,1.751367,45439.760,2654.180,22.01480938,19.69975040,9413.040,2772.800,22.01570397,19.69648911,480.3400,1488.1300,453.1500,1499.7700
697,1,1.751367,45439.760,2654.180,22.01480938,19.69975040,9413.040,2772.800,22.01570397,19.69648911,480.3400,1488.1300,453.1500,1499.7700
698,1,0.767202,42958.080,2654.720,22.00908662,19.60993711,6601.380,2783.920,22.01003634,19.60659912,480.6100,247.2900,458.7100,93.9400
699,0,3.587728,44294.880,2654.960,22.01214936,19.65831765,8111.360,2775.560,22.01315172,19.65486912,480.7300,915.6900,454.5300,848.9300
700,1,0.784038,45267.980,2656.800,22.01431634,19.69353870,9219.800,2781.160,22.01508396,19.69032615,481.6500,1402.2400,457.3300,1403.1500
701,1,0.784038,45267.980,2656.800,22.01431634,19.69353870,9219.800,2781.160,22.01508396,19.69032615,481.6500,1402.2400,457.3300,1403.1500
702,1,0.784038,45267.980,2656.800,22.01431634,19.69353870,9219.800,2781.160,22.01508396,19.69032615,481.6500,1402.2400,457.3300,1403.1500
703,1,0.152848,45819.880,2658.320,22.01552747,19.71351549,9845.540,2779.760,22.01631287,19.71033345,482.4100,1678.1900,456.6300,1716.0200
704,1,0.607251,45927.840,2658.800,22.01575753,19.71742361,9968.180,2780.880,22.01651138,19.71425748,482.6500,1732.1700,457.1900,1777.3400
705,1,1.449926,46009.500,2659.160,22.01593167,19.72037967,10062.820,2777.840,22.01678319,19.71727789,482.8300,1773.0000,455.6700,1824.6600
706,1,0.551068,43757.120,2659.280,22.01075156,19.63886414,7507.080,2786.720,22.01166879,19.63556735,482.8900,646.8100,460.1100,546.7900
707,1,1.260435,43451.720,2661.820,22.00995448,19.62781644,7159.620,2794.120,22.01078692,19.62447080,484.1600,494.1100,463.8100,373.0600
708,1,0.726765,43232.820,2661.940,22.00944698,19.61989448,6912.620,2791.260,22.01040508,19.61656653,484.2200,384.6600,462.3800,249.5600
709,1,0.185406,46328.140,2663.660,22.01649498,19.73192045,10422.100,2784.340,22.01726678,19.72877988,485.0800,1932.3200,458.9200,2004.3000
710,1,0.185406,46328.140,2663.660,22.01649498,19.73192045,10422.100,2784.340,22.01726678,19.72877988,485.0800,1932.3200,458.9200,2004.3000
711,1,0.712695,45546.600,2665.420,22.01463308,19.70363925,9536.920,2789.580,22.01542968,19.70048372,485.9600,1541.5500,461.5400,1561.7100
712,1,0.205300,42962.020,2667.580,22.00861307,19.61010511,6604.700,2800.420,22.00954555,19.60673788,487.0400,249.2600,466.9600,95.6000
713,1,0.177845,44536.780,2670.220,22.01213254,19.66710238,8390.400,2797.960,22.01300304,19.66383657,488.3600,1036.6400,465.7300,988.4500
714,1,0.406480,43774.560,2670.360,22.01037583,19.63951719,7526.700,2799.800,22.01131102,19.63622060,488.4300,655.5300,466.6500,556.6000
715,1,0.406480,43774.560,2670.360,22.01037583,19.63951719,7526.700,2799.800,22.01131102,19.63622060,488.4300,655.5300,466.6500,556.6000
716,1,0.673375,45138.980,2670.400,22.01350955,19.68889693,9072.860,2797.040,22.01432399,19.68565863,488.4500,1337.7400,465.2700,1329.6800
717,1,0.392794,43718.760,2672.880,22.01015304,19.63750271,7462.520,2803.100,22.01108979,19.63417475,489.6900,627.6300,468.3000,524.5100
718,1,0.220370,43971.440,2674.100,22.01068788,19.64664985,7749.340,2804.560,22.01158901,19.64334963,490.3000,753.9700,469.0300,667.9200
719,1,0.520270,42961.860,2674.320,22.00835977,19.61011263,6605.000,2808.940,22.00928944,19.60676430,490.4100,249.1800,471.2200,95.7500
720,1,0.722141,43199.040,2675.640,22.00885524,19.61869900,6873.800,2810.100,22.00976354,19.61536234,491.0700,367.7700,471.8000,230.1500
721,1,0.297918,43139.260,2676.540,22.00868410,19.61653729,6806.040,2810.500,22.00962316,19.61319629,491.5200,337.8800,472.0000,196.2700
722,1,0.579391,43484.560,2678.120,22.00941825,19.62903714,7197.240,2811.700,22.01032780,19.62570855,492.3100,510.5300,472.6000,391.8700
723,1,0.579391,43484.560,2678.120,22.00941825,19.62903714,7197.240,2811.700,22.01032780,19.62570855,492.3100,510.5300,472.6000,391.8700
724,1,0.704417,43724.740,2678.780,22.00994537,19.63773079,7470.420,2809.220,22.01091999,19.63443947,492.6400,630.6200,471.3600,528.4600
725,1,0.843282,45407.320,2679.140,22.01379816,19.69862567,9376.260,2805.400,22.01464526,19.69537734,492.8200,1471.9100,469.4500,1481.3800
726,0,5.302891,44463.280,2680.620,22.01157337,19.66446289,8304.620,2820.380,22.01216220,19.66113776,493.5600,999.8900,476.9400,945.5600
727,0,5.302891,44463.280,2680.620,22.01157337,19.66446289,8304.620,2820.380,22.01216220,19.66113776,493.5600,999.8900,476.9400,945.5600
728,1,0.151897,43771.380,2681.400,22.00995422,19.63942391,7522.820,2813.120,22.01090146,19.63612283,493.9500,653.9400,473.3100,554.6600
729,1,1.372613,46341.100,2681.700,22.01584777,19.73242511,10438.260,2807.340,22.01659784,19.72934207,494.1000,1938.8000,470.4200,2012.3800
730,1,0.467422,43209.860,2682.700,22.00861516,19.61910453,6886.960,2816.720,22.00958889,19.61579625,494.6000,373.1800,475.1100,236.7300
731,1,0.467422,43209.860,2682.700,22.00861516,19.61910453,6886.960,2816.720,22.00958889,19.61579625,494.6000,373.1800,475.1100,236.7300
732,1,0.538718,45440.280,2683.680,22.01370352,19.69982749,9415.260,2809.300,22.01460081,19.69663220,495.0900,1488.3900,471.4000,1500.8800
733,1,0.401480,43428.640,2684.240,22.00906009,19.62702543,7134.000,2818.700,22.00999688,19.62370007,495.3700,482.5700,476.1000,360.2500
734,1,0.209008,45499.300,2684.400,22.01381212,19.70196490,9482.080,2810.640,22.01468670,19.69877163,495.4500,1517.9000,472.0700,1534.2900
735,1,0.209008,45499.300,2684.400,22.01381212,19.70196490,9482.080,2810.640,22.01468670,19.69877163,495.4500,1517.9000,472.0700,1534.2900
736,1,0.364018,45302.360,2684.900,22.01334082,19.69483844,9258.340,2811.860,22.01422599,19.69161923,495.7000,1419.4300,472.6800,1422.4200
737,1,0.719040,43709.540,2686.340,22.00962674,19.63719562,7451.360,2818.860,22.01059285,19.63384900,496.4200,623.0200,476.1800,518.9300
738,1,1.507800,43579.160,2687.840,22.00927086,19.63248001,7307.780,2820.880,22.01026008,19.62926155,497.1700,557.8300,477.1900,447.1400
739,1,0.823388,43665.220,2689.580,22.00940331,19.63559803,7403.200,2824.800,22.01032237,19.63232066,498.0400,600.8600,479.1500,494.8500
740,1,0.410849,43507.360,2690.180,22.00901806,19.62988612,7223.060,2825.300,22.00996634,19.62656109,498.3400,521.9300,479.4000,404.7800
741,1,0.258976,44835.260,2690.820,22.01204534,19.67794534,8729.140,2820.280,22.01296885,19.67471297,498.6600,1185.8800,476.8900,1157.8200
742,1,0.631119,45030.360,2691.240,22.01247789,19.68500703,8949.280,2820.780,22.01337043,19.68175365,498.8700,1283.4300,477.1400,1267.8900
743,1,0.600030,43496.840,2691.760,22.00893459,19.62950851,7210.760,2827.380,22.00988030,19.62617186,499.1300,516.6700,480.4400,398.6300
744,1,0.421020,45440.900,2692.660,22.01336796,19.69986766,9415.700,2821.600,22.01422847,19.69667056,499.5800,1488.7000,477.5500,1501.1000
745,1,0.421020,45440.900,2692.660,22.01336796,19.69986766,9415.700,2821.600,22.01422847,19.69667056,499.5800,1488.7000,477.5500,1501.1000
746,1,1.215163,44196.280,2695.900,22.01038643,19.65483008,8003.620,2826.720,22.01140073,19.65152483,501.2000,866.3900,480.1100,795.0600
747,0,6.413899,44664.280,2696.320,22.01144606,19.67176828,8539.060,2815.480,22.01275433,19.66862506,501.4100,1100.3900,474.4900,1062.7800
748,1,0.336451,44040.180,2697.140,22.00998121,19.64918313,7827.860,2830.220,22.01096233,19.64591125,501.8200,788.3400,481.8600,707.1800
749,1,0.882440,43248.220,2697.660,22.00814190,19.62052237,6930.780,2835.520,22.00910501,19.61723467,502.0800,392.3600,484.5100,258.6400
750,1,2.419144,45966.200,2698.740,22.01434684,19.71889078,10013.520,2830.680,22.01508421,19.71580573,502.6200,1751.3500,482.0900,1800.0100
751,1,0.499024,45422.780,2700.740,22.01302310,19.69922784,9395.960,2829.420,22.01395387,19.69605476,503.6200,1479.6400,481.4600,1491.2300
752,1,0.569438,42942.020,2702.360,22.00726192,19.60944998,6582.720,2841.820,22.00825675,19.60611676,504.4300,239.2600,487.6600,84.6100
753,1,0.664928,45437.520,2702.820,22.01297891,19.69976541,9411.880,2833.980,22.01384565,19.69657286,504.6600,1487.0100,483.7400,1499.1900
754,1,0.395163,43727.020,2705.480,22.00894864,19.63786604,7473.220,2841.160,22.00996096,19.63459209,505.9900,631.7600,487.3300,529.8600
755,1,0.205945,45058.380,2706.400,22.01197336,19.68605104,8981.980,2838.240,22.01290318,19.68283382,506.4500,1297.4400,485.8700,1284.2400
756,1,0.333369,43554.240,2706.660,22.00850734,19.63161530,7276.860,2843.000,22.00953403,19.62831648,506.5800,545.3700,488.2500,431.6800
757,1,0.266759,43245.520,2708.160,22.00774166,19.62044539,6927.040,2846.780,22.00875844,19.61713731,507.3300,391.0100,490.1400,256.7700
758,1,1.178582,45432.460,2708.540,22.01275263,19.69959358,9406.540,2837.060,22.01374211,19.69640818,507.5200,1484.4800,485.2800,1496.5200
759,1,0.144738,44278.680,2709.240,22.01007516,19.65783857,8097.940,2844.140,22.01105247,19.65457543,507.8700,907.5900,488.8200,842.2200
760,1,0.144738,44278.680,2709.240,22.01007516,19.65783857,8097.940,2844.140,22.01105247,19.65457543,507.8700,907.5900,488.8200,842.2200
761,1,1.651369,43458.400,2709.620,22.00817603,19.62815260,7167.440,2844.180,22.00929148,19.62481975,508.0600,497.4500,488.8400,376.9700
762,1,0.621099,43753.480,2711.120,22.00879779,19.63883479,7503.900,2848.260,22.00980461,19.63558721,508.8100,644.9900,490.8800,545.2000
763,1,0.267670,45158.560,2713.220,22.01194763,19.68969012,9095.520,2845.660,22.01289303,19.68647929,509.8600,1347.5300,489.5800,1341.0100
764,1,0.185134,43717.340,2713.880,22.00861117,19.63753230,7462.060,2851.460,22.00962888,19.63425556,510.1900,626.9200,492.4800,524.2800
765,1,1.296735,45444.220,2715.080,22.01253423,19.70003210,9422.520,2846.480,22.01348654,19.69693779,510.7900,1490.3600,489.9900,1504.5100
766,1,1.951628,45498.580,2715.120,22.01265763,19.70199952,9481.300,2842.980,22.01370390,19.69881056,510.8100,1517.5400,488.2400,1533.9000
767,1,0.220006,44419.900,2716.340,22.01013322,19.66296348,8258.020,2851.780,22.01112409,19.65970959,511.4200,978.2000,492.6400,922.2600
768,1,0.276078,42998.940,2717.200,22.00683581,19.61153928,6646.640,2858.220,22.00788352,19.60819321,511.8500,267.7200,495.8600,116.5700
769,1,0.536657,43591.140,2719.500,22.00811028,19.63297610,7319.600,2858.080,22.00915974,19.62971301,513.0000,563.8200,495.7900,453.0500
770,1,0.746303,44176.260,2720.720,22.00940901,19.65415456,7982.040,2856.440,22.01046144,19.65089344,513.6100,856.3800,494.9700,784.2700
771,1,1.851629,45424.340,2721.200,22.01225888,19.69932471,9397.620,2857.920,22.01309239,19.69616413,513.8500,1480.4200,495.7100,1492.0600
772,1,0.058162,43904.740,2723.960,22.00866351,19.64433440,7674.320,2862.740,22.00968945,19.64106554,515.2300,720.6200,498.1200,630.4100
773,1,0.372606,44192.000,2724.000,22.00932208,19.65473069,7999.520,2862.260,22.01031853,19.65146392,515.2500,864.2500,497.8800,793.0100
774,1,0.566829,45938.740,2724.520,22.01331630,19.71794789,9980.680,2857.460,22.01420845,19.71480846,515.5100,1737.6200,495.4800,1783.5900
775,1,0.566829,45938.740,2724.520,22.01331630,19.71794789,9980.680,2857.460,22.01420845,19.71480846,515.5100,1737.6200,495.4800,1783.5900
776,0,3.572084,45356.960,2726.760,22.01189540,19.69689715,9319.480,2853.980,22.01306420,19.69365757,516.6300,1446.7300,493.7400,1452.9900
777,1,0.411286,43956.360,2727.380,22.00865378,19.64620933,7732.700,2865.640,22.00971217,19.64293816,516.9400,746.4300,499.5700,659.6000
778,1,0.597649,45434.920,2727.400,22.01205052,19.69971986,9408.320,2861.580,22.01300158,19.69651353,516.9500,1485.7100,497.5400,1497.4100
779,1,0.165960,45323.860,2727.420,22.01179457,19.69570053,9283.300,2861.620,22.01276409,19.69251569,516.9600,1430.1800,497.5600,1434.9000
780,1,0.165960,45323.860,2727.420,22.01179457,19.69570053,9283.300,2861.620,22.01276409,19.69251569,516.9600,1430.1800,497.5600,1434.9000
781,1,0.659232,42990.180,2727.640,22.00642390,19.61124287,6637.220,2871.380,22.00746922,19.60791796,517.0700,263.3400,502.4400,111.8600
782,1,0.014505,45441.260,2728.620,22.01201931,19.69995172,9416.720,2862.800,22.01298044,19.69678455,517.5600,1488.8800,498.1500,1501.6100
783,1,0.218068,43758.720,2729.240,22.00812983,19.63906022,7509.140,2869.340,22.00917801,19.63579641,517.8700,647.6100,501.4200,547.8200
784,1,0.586504,45200.380,2729.940,22.01141627,19.69123665,9142.760,2864.320,22.01241662,19.68802680,518.2200,1368.4400,498.9100,1364.6300
785,1,0.999667,43661.920,2730.240,22.00786988,19.63555891,7400.540,2869.600,22.00896498,19.63232408,518.3700,599.2100,501.5500,493.5200
786,0,1258.518273,45542.760,2731.360,22.01214971,19.70363051,7118.260,2151.380,22.03009688,19.62187870,518.9300,1539.6300,142.4400,352.3800
787,1,0.138589,43970.240,2731.840,22.00851830,19.64672047,7748.340,2871.480,22.00956528,19.64344983,519.1700,753.3700,502.4900,667.4200
788,1,0.343531,45137.300,2733.700,22.01113022,19.68896115,9071.460,2870.160,22.01210486,19.68575828,520.1000,1336.9000,501.8300,1328.9800
789,1,1.879358,44207.260,2734.260,22.00897212,19.65530323,8014.120,2875.500,22.00994584,19.65195695,520.3800,871.8800,504.5000,800.3100
790,1,1.339764,43653.900,2736.320,22.00762328,19.63528067,7389.080,2880.480,22.00861491,19.63197910,521.4100,595.2000,506.9900,487.7900
791,1,0.425729,43785.020,2737.320,22.00788705,19.64002800,7539.200,2879.220,22.00893646,19.63677719,521.9100,660.7600,506.3600,562.8500
792,1,0.248811,43785.020,2737.320,22.00788705,19.64002800,7538.940,2878.980,22.00894321,19.63676840,521.9100,660.7600,506.2400,562.7200
793,1,0.721297,43143.440,2738.420,22.00637152,19.61681079,6811.860,2883.300,22.00743985,19.61352619,522.4600,339.9700,508.4000,199.1800
794,1,0.356325,45475.960,2738.640,22.01172302,19.70122734,9455.760,2875.020,22.01268344,19.69805712,522.5700,1506.2300,504.2600,1521.1300
795,0,3.618039,44467.160,2739.300,22.00938019,19.66471921,8310.080,2871.680,22.01062044,19.66141369,522.9000,1001.8300,502.5900,948.2900
796,1,1.379274,43299.480,2741.380,22.00661900,19.62246387,6988.920,2887.640,22.00764331,19.61919683,523.9400,417.9900,510.5700,287.7100
797,0,1449.552209,43309.200,2743.340,22.00656778,19.62281951,9875.580,3248.220,22.00214096,19.71221934,524.9200,422.8500,690.8600,1731.0400
798,1,2.416739,43695.640,2746.380,22.00734167,19.63681115,7434.500,2885.560,22.00854733,19.63344159,526.4400,616.0700,509.5300,510.5000
799,1,0.275356,46239.520,2746.880,22.01316833,19.72887757,10321.580,2881.720,22.01411514,19.72575776,526.6900,1888.0100,507.6100,1954.0400
800,1,0.488997,46259.960,2747.320,22.01319879,19.72961818,10344.700,2882.680,22.01412960,19.72649899,526.9100,1898.2300,508.0900,1965.6000
801,1,0.056574,45487.040,2749.120,22.01135519,19.70164903,9468.700,2886.700,22.01235347,19.69849399,527.8100,1511.7700,510.1000,1527.6000
802,1,0.502231,45455.400,2749.880,22.01125397,19.70050545,9433.860,2887.560,22.01226160,19.69738157,528.1900,1495.9500,510.5300,1510.1800
803,1,1.890651,44872.080,2750.100,22.00990534,19.67939498,8773.540,2886.740,22.01103980,19.67626407,528.3000,1204.2900,510.1200,1180.0200
804,1,1.100678,43638.420,2750.360,22.00706083,19.63474816,7373.120,2892.280,22.00822860,19.63149203,528.4300,587.4600,512.8900,479.8100
805,1,0.210669,43404.480,2751.060,22.00649701,19.62628304,7107.100,2896.400,22.00760219,19.62299332,528.7800,470.4900,514.9500,346.8000
806,1,0.407022,43488.180,2752.020,22.00665331,19.62931412,7201.380,2896.340,22.00778193,19.62600811,529.2600,512.3400,514.9200,393.9400
807,1,0.265371,45200.100,2752.280,22.01057727,19.69127064,9143.540,2891.760,22.01158616,19.68810594,529.3900,1368.3000,512.6300,1365.0200
808,1,0.210503,44987.380,2752.580,22.01007721,19.68357269,8901.720,2892.280,22.01111394,19.68037398,529.5400,1261.9400,512.8900,1244.1100
809,1,0.276481,44746.760,2757.520,22.00933892,19.67487418,8629.320,2899.480,22.01038176,19.67167733,532.0100,1141.6300,516.4900,1107.9100
810,1,0.441867,45940.960,2757.640,22.01207850,19.71809365,9983.420,2895.860,22.01304697,19.71497192,532.0700,1738.7300,514.6800,1784.9600
811,1,0.258711,45495.260,2758.140,22.01103559,19.70196434,9478.020,2896.580,22.01207128,19.69881154,532.3200,1515.8800,515.0400,1532.2600
812,1,0.395442,45199.880,2760.680,22.01026153,19.69127927,9142.800,2900.360,22.01132403,19.68809926,533.5900,1368.1900,516.9300,1364.6500
813,1,0.263834,46272.840,2761.400,22.01270000,19.73011213,10359.380,2898.340,22.01368110,19.72699936,533.9500,1904.6700,515.9200,1972.9400
814,1,0.791778,43266.720,2761.820,22.00577666,19.62131862,6951.280,2910.560,22.00688115,19.61803844,534.1600,401.6100,522.0300,268.8900
815,1,0.791778,43266.720,2761.820,22.00577666,19.62131862,6951.280,2910.560,22.00688115,19.61803844,534.1600,401.6100,522.0300,268.8900
816,1,0.791778,43266.720,2761.820,22.00577666,19.62131862,6951.280,2910.560,22.00688115,19.61803844,534.1600,401.6100,522.0300,268.8900
817,1,0.384242,46263.220,2762.800,22.01262536,19.72976674,10348.240,2900.040,22.01360838,19.72664648,534.6500,1899.8600,516.7700,1967.3700
818,1,0.672447,46224.940,2764.520,22.01247285,19.72838475,10306.240,2900.860,22.01350419,19.72530502,535.5100,1880.7200,517.1800,1946.3700
819,1,0.559431,44585.020,2764.760,22.00869557,19.66903496,8446.180,2906.840,22.00981341,19.66583537,535.6300,1060.7600,520.1700,1016.3400
820,1,0.794528,45981.340,2765.840,22.01186356,19.71957124,10030.420,2905.600,22.01283972,19.71649414,536.1700,1758.9200,519.5500,1808.4600
821,1,0.380663,43359.640,2767.380,22.00578153,19.62469247,7056.320,2915.940,22.00691702,19.62140806,536.9400,448.0700,524.7200,321.4100
822,1,0.484918,45126.260,2769.340,22.00976738,19.68863200,9059.100,2910.680,22.01085327,19.68544306,537.9200,1331.3800,522.0900,1322.8000
823,1,0.266663,46212.600,2769.440,22.01225986,19.72794787,10291.200,2908.140,22.01325447,19.72483844,537.9700,1874.5500,520.8200,1938.8500
824,1,0.266663,46212.600,2769.440,22.01225986,19.72794787,10291.200,2908.140,22.01325447,19.72483844,537.9700,1874.5500,520.8200,1938.8500
825,1,0.096575,44108.680,2770.720,22.00737736,19.65180753,7905.640,2916.400,22.00850475,19.64856873,538.6100,822.5900,524.9500,746.0700
826,1,0.259914,46277.440,2770.820,22.01235707,19.73029722,10365.380,2908.740,22.01337615,19.72721178,538.6600,1906.9700,521.1200,1975.9400
827,1,0.108794,45306.200,2772.660,22.01005626,19.69515075,9264.000,2914.620,22.01112026,19.69200319,539.5800,1421.3500,524.0600,1425.2500
828,1,0.508006,45584.820,2773.380,22.01066947,19.70523570,9580.680,2914.160,22.01173144,19.70212915,539.9400,1560.6600,523.8300,1583.5900
829,1,1.173283,44025.340,2774.120,22.00705827,19.64879810,7810.320,2918.640,22.00825731,19.64552499,540.3100,780.9200,526.0700,698.4100
830,1,1.962744,44900.500,2775.780,22.00900695,19.68047425,8804.780,2923.500,22.00998522,19.67733568,541.1400,1218.5000,528.5000,1195.6400
831,1,0.583507,46283.800,2776.340,22.01216453,19.73053829,10371.340,2916.100,22.01316357,19.72741690,541.4200,1910.1500,524.8000,1978.9200
832,1,0.469649,44000.260,2777.440,22.00687605,19.64789698,7783.360,2923.920,22.00804694,19.64467328,541.9700,768.3800,528.7100,684.9300
833,1,0.110037,45017.000,2778.320,22.00917933,19.68469551,8935.660,2922.340,22.01026711,19.68151870,542.4100,1276.7500,527.9200,1261.0800
834,1,0.110037,45017.000,2778.320,22.00917933,19.68469551,8935.660,2922.340,22.01026711,19.68151870,542.4100,1276.7500,527.9200,1261.0800
835,1,1.348753,45465.840,2778.500,22.01020393,19.70093981,9442.860,2919.140,22.01132043,19.69773174,542.5000,1501.1700,526.3200,1514.6800
836,1,0.300400,44146.000,2778.760,22.00716140,19.65317406,7947.840,2926.280,22.00828567,19.64993773,542.6300,841.2500,529.8900,767.1700
837,1,2.234778,44565.260,2782.760,22.00797468,19.66835538,8419.160,2928.780,22.00909846,19.66501465,544.6300,1050.8800,531.1400,1002.8300
838,1,0.121219,43857.460,2783.440,22.00632275,19.64274077,7620.800,2932.380,22.00748496,19.63949161,544.9700,696.9800,532.9400,603.6500
839,1,0.286033,43527.620,2784.980,22.00550704,19.63080659,7246.580,2935.580,22.00668317,19.62753103,545.7400,532.0600,534.5400,416.5400
840,1,0.343983,43539.100,2786.060,22.00549289,19.63122419,7259.980,2935.680,22.00670540,19.62795974,546.2800,537.8000,534.5900,423.2400
841,1,0.555690,43999.540,2788.040,22.00647660,19.64789186,7782.560,2936.080,22.00767801,19.64467172,547.2700,768.0200,534.7900,684.5300
842,1,0.247368,43578.300,2788.520,22.00549065,19.63264774,7304.880,2939.340,22.00667955,19.62940279,547.5100,557.4000,536.4200,445.6900
843,1,0.836190,44897.040,2790.260,22.00845560,19.68037763,8798.320,2937.160,22.00955925,19.67715608,548.3800,1216.7700,535.3300,1192.4100
844,1,0.409881,43854.340,2793.100,22.00595307,19.64264693,7616.680,2943.520,22.00714074,19.63938186,549.8000,695.4200,538.5100,601.5900
845,1,0.308307,43131.420,2793.300,22.00428441,19.61648416,6797.360,2946.720,22.00550094,19.61318776,549.9000,333.9600,540.1100,191.9300
846,1,0.322474,44033.380,2794.080,22.00632770,19.64912849,7820.480,2944.680,22.00748958,19.64590132,550.2900,784.9400,539.0900,703.4900
847,1,0.089835,43531.900,2794.140,22.00517313,19.63097958,7251.680,2945.840,22.00638318,19.62771438,550.3200,534.2000,539.6700,419.0900
848,1,2.055795,44218.500,2794.560,22.00673506,19.65582911,8033.260,2946.980,22.00782084,19.65271019,550.5300,877.5000,540.2400,809.8800
849,0,1493.079832,46367.800,2794.860,22.01166255,19.73361491,7607.720,3795.600,21.98138920,19.64077829,550.6800,1952.1500,964.5500,597.1100
850,1,0.334264,44875.040,2795.060,22.00822492,19.67959091,8775.320,2942.880,22.00934266,19.67643187,550.7800,1205.7700,538.1900,1180.9100
851,1,1.022960,44913.780,2795.740,22.00828842,19.68099429,8819.020,2940.920,22.00948435,19.67782545,551.1200,1225.1400,537.2100,1202.7600
852,1,0.960328,45891.860,2796.580,22.01050437,19.71639359,9926.600,2941.840,22.01154297,19.71324574,551.5400,1714.1800,537.6700,1756.5500
853,0,8.648913,43482.320,2796.920,22.00495487,19.62919072,7201.100,2932.820,22.00668075,19.62607121,551.7100,509.4100,533.1600,393.8000
854,1,0.332020,44799.980,2797.640,22.00795562,19.67687951,8690.280,2945.040,22.00911705,19.67371671,552.0700,1168.2400,539.2700,1138.3900
855,1,0.234111,44015.660,2797.640,22.00615338,19.64849422,7800.640,2947.820,22.00735733,19.64527307,552.0700,776.0800,540.6600,693.5700
856,1,0.234111,44015.660,2797.640,22.00615338,19.64849422,7800.640,2947.820,22.00735733,19.64527307,552.0700,776.0800,540.6600,693.5700
857,1,0.234111,44015.660,2797.640,22.00615338,19.64849422,7800.640,2947.820,22.00735733,19.64527307,552.0700,776.0800,540.6600,693.5700
858,0,5.387820,43746.780,2799.020,22.00548375,19.63876593,7505.000,2955.980,22.00655415,19.63583514,552.7600,641.6400,544.7400,545.7500
859,1,0.291107,45219.300,2799.400,22.00885311,19.69205857,9165.280,2945.620,22.00999416,19.68890752,552.9500,1377.9000,539.5600,1375.8900
860,1,0.291107,45219.300,2799.400,22.00885311,19.69205857,9165.280,2945.620,22.00999416,19.68890752,552.9500,1377.9000,539.5600,1375.8900
861,1,0.518940,45981.240,2802.620,22.01048308,19.71964027,10029.020,2946.400,22.01159735,19.71652995,554.5600,1758.8700,539.9500,1807.7600
862,1,0.581200,42901.380,2802.660,22.00340456,19.60817729,6536.780,2959.080,22.00463785,19.60487929,554.5800,218.9400,546.2900,61.6400
863,1,1.064379,45928.140,2803.800,22.01031679,19.71772086,9969.600,2951.000,22.01134569,19.71463889,555.1500,1732.3200,542.2500,1778.0500
864,1,1.064379,45928.140,2803.800,22.01031679,19.71772086,9969.600,2951.000,22.01134569,19.71463889,555.1500,1732.3200,542.2500,1778.0500
865,1,1.064379,45928.140,2803.800,22.01031679,19.71772086,9969.600,2951.000,22.01134569,19.71463889,555.1500,1732.3200,542.2500,1778.0500
866,1,0.805953,46160.620,2803.880,22.01084798,19.72613469,10232.400,2946.660,22.01197251,19.72303420,555.1900,1848.5600,540.0800,1909.4500
867,1,0.805953,46160.620,2803.880,22.01084798,19.72613469,10232.400,2946.660,22.01197251,19.72303420,555.1900,1848.5600,540.0800,1909.4500
868,1,1.007288,45099.760,2804.060,22.00840355,19.68774151,9028.700,2953.680,22.00949262,19.68455585,555.2800,1318.1300,543.5900,1307.6000
869,1,0.059040,45192.860,2804.120,22.00861522,19.69111101,9135.560,2951.800,22.00975082,19.68796934,555.3100,1364.6800,542.6500,1361.0300
870,1,0.766995,46377.880,2804.780,22.01131344,19.73399931,10478.320,2949.720,22.01234261,19.73090434,555.6400,1957.1900,541.6100,2032.4100
871,1,0.235415,44524.860,2805.040,22.00704574,19.66693727,8377.740,2954.720,22.00823543,19.66374135,555.7700,1030.6800,544.1100,982.1200
872,1,1.601791,43298.120,2805.220,22.00422014,19.62254074,6987.900,2956.540,22.00556369,19.61930030,555.8600,417.3100,545.0200,287.2000
873,1,1.050540,46386.980,2806.500,22.01126980,19.73433205,10487.520,2950.860,22.01232526,19.73120079,556.5000,1961.7400,542.1800,2037.0100
874,1,0.554859,44575.420,2807.060,22.00708612,19.66877107,8434.400,2956.660,22.00828340,19.66555707,556.7800,1055.9600,545.0800,1010.4500
875,1,0.554859,44575.420,2807.060,22.00708612,19.66877107,8434.400,2956.660,22.00828340,19.66555707,556.7800,1055.9600,545.0800,1010.4500
876,1,1.464421,44758.660,2808.920,22.00743737,19.67540638,8643.520,2955.980,22.00869770,19.67224301,557.7100,1147.5800,544.7400,1115.0100
877,1,1.464421,44758.660,2808.920,22.00743737,19.67540638,8643.520,2955.980,22.00869770,19.67224301,557.7100,1147.5800,544.7400,1115.0100
878,1,0.018472,43531.960,2809.840,22.00458409,19.63101276,7252.000,2964.180,22.00583037,19.62776084,558.1700,534.2300,548.8400,419.2500
879,1,0.561370,45462.680,2810.900,22.00898079,19.70088944,9440.340,2958.660,22.01011661,19.69772922,558.7000,1499.5900,546.0800,1513.4200
880,1,0.941923,42886.780,2811.300,22.00304678,19.60766596,6520.320,2969.940,22.00427976,19.60437437,558.9000,211.6400,551.7200,53.4100
881,1,0.941923,42886.780,2811.300,22.00304678,19.60766596,6520.320,2969.940,22.00427976,19.60437437,558.9000,211.6400,551.7200,53.4100
882,1,0.181592,45226.440,2812.600,22.00837415,19.69234305,9173.240,2961.420,22.00953009,19.68919328,559.5500,1381.4700,547.4600,1379.8700
883,1,0.181592,45226.440,2812.600,22.00837415,19.69234305,9173.240,2961.420,22.00953009,19.68919328,559.5500,1381.4700,547.4600,1379.8700
884,1,0.388159,42824.240,2814.160,22.00279574,19.60540823,6449.580,2972.380,22.00407317,19.60211705,560.3300,180.3700,552.9400,18.0400
885,1,2.247872,44138.880,2814.860,22.00579031,19.65298768,7938.180,2963.960,22.00712851,19.64970324,560.6800,837.6900,548.7300,762.3400
886,1,1.139779,46363.220,2815.380,22.01088196,19.73348969,10460.620,2959.980,22.01199719,19.73035859,560.9400,1949.8600,546.7400,2023.5600
887,1,0.236591,44021.000,2815.660,22.00548941,19.64872307,7806.320,2968.900,22.00673105,19.64549634,561.0800,778.7500,551.2000,696.4100
888,1,1.763194,43949.260,2816.580,22.00529004,19.64612855,7725.980,2974.040,22.00642459,19.64293736,561.5400,742.8800,553.7700,656.2400
889,1,0.500200,42865.780,2817.900,22.00275085,19.60691899,6496.360,2976.800,22.00402806,19.60362172,562.2000,201.1400,555.1500,41.4300
890,1,0.375574,43272.700,2820.380,22.00359281,19.62165071,6957.980,2978.080,22.00485786,19.61838605,563.4400,404.6000,555.7900,272.2400
891,1,0.661472,42921.940,2823.760,22.00265998,19.60896305,6560.580,2981.180,22.00401693,19.60568402,565.1300,229.2200,557.3400,73.5400
892,1,1.766401,45596.140,2824.880,22.00876283,19.70574710,9594.680,2971.600,22.01001440,19.70269030,565.6900,1566.3200,552.5500,1590.5900
893,1,0.595211,43061.260,2827.700,22.00283226,19.61401295,6717.540,2987.480,22.00412230,19.61071577,567.1000,298.8800,560.4900,152.0200
894,0,1033.648309,46034.780,2827.700,22.00966493,19.72162747,8118.880,2354.200,22.02590826,19.65427736,567.1000,1785.6400,243.8500,852.6900
895,1,0.829162,43800.300,2829.040,22.00448017,19.64076216,7555.640,2987.100,22.00570972,19.63751598,567.7700,668.4000,560.3000,571.0700
896,1,1.302522,46248.100,2829.160,22.01010031,19.72935060,10334.800,2977.800,22.01121846,19.72637028,567.8300,1892.3000,555.6500,1960.6500
897,1,0.474814,45965.680,2829.800,22.00942734,19.71913082,10012.080,2980.060,22.01054272,19.71605473,568.1500,1751.0900,556.7800,1799.2900
898,1,0.795287,45645.480,2830.420,22.00866831,19.70754370,9648.100,2979.540,22.00987388,19.70441426,568.4600,1590.9900,556.5200,1617.3000
899,1,0.391034,45553.300,2831.420,22.00841896,19.70420959,9544.880,2982.980,22.00957533,19.70112026,568.9600,1544.9000,558.2400,1565.6900
900,1,0.761373,42897.720,2832.780,22.00226583,19.60810432,6533.960,2994.200,22.00357469,19.60485847,569.6400,217.1100,563.8500,60.2300
901,0,1336.468732,46472.440,2836.780,22.01032985,19.73748473,7914.840,3062.480,22.00410677,19.64915146,571.6400,2004.4700,597.9900,750.6700
902,1,2.649672,45422.160,2837.820,22.00787745,19.69947615,9395.820,2985.040,22.00923250,19.69635765,572.1600,1479.3300,559.2700,1491.1600
903,1,0.561479,43916.700,2839.020,22.00437312,19.64499450,7687.940,2995.900,22.00569267,19.64176409,572.7600,726.6000,564.7000,637.2200
904,1,0.725195,43959.780,2841.460,22.00438054,19.64655842,7738.000,3000.880,22.00563631,19.64337476,573.9800,748.1400,567.1900,662.2500
905,1,1.671001,44281.260,2842.300,22.00508773,19.65819475,8104.980,2998.160,22.00640825,19.65510476,574.4000,908.8800,565.8300,845.7400
906,1,0.386241,43945.760,2843.460,22.00427327,19.64605497,7721.520,3001.200,22.00559567,19.64284839,574.9800,741.1300,567.3500,654.0100
907,1,0.340856,43247.240,2843.560,22.00266443,19.62077507,6929.580,3003.840,22.00402775,19.61752875,575.0300,391.8700,568.6700,258.0400
908,1,0.346288,45605.100,2843.960,22.00806740,19.70610905,9603.680,2997.320,22.00925065,19.70302890,575.2300,1570.8000,565.4100,1595.0900
909,1,0.346288,45605.100,2843.960,22.00806740,19.70610905,9603.680,2997.320,22.00925065,19.70302890,575.2300,1570.8000,565.4100,1595.0900
910,1,0.346288,45605.100,2843.960,22.00806740,19.70610905,9603.680,2997.320,22.00925065,19.70302890,575.2300,1570.8000,565.4100,1595.0900
911,1,0.712793,43281.280,2844.320,22.00271413,19.62200851,6968.900,3006.300,22.00402746,19.61879099,575.4100,408.8900,569.9000,277.7000
912,0,5.407670,44360.520,2846.240,22.00512200,19.66107102,8195.840,2993.760,22.00671211,19.65800161,576.3700,948.5100,563.6300,891.1700
913,1,0.854774,45945.780,2847.820,22.00870537,19.71844621,9989.200,3001.900,22.00983614,19.71536620,577.1600,1741.1400,567.7000,1787.8500
914,1,0.799920,43292.440,2849.480,22.00254613,19.62242259,6981.980,3012.080,22.00387774,19.61922068,577.9900,414.4700,572.7900,284.2400
915,1,2.908410,44917.360,2849.600,22.00627543,19.68123023,8825.740,3000.540,22.00769086,19.67815810,578.0500,1226.9300,567.0200,1206.1200
916,1,0.637860,43654.660,2850.240,22.00334994,19.63553318,7391.080,3009.640,22.00471989,19.63229816,578.3700,595.5800,571.5700,488.7900
917,1,2.553575,44141.140,2850.640,22.00445278,19.65314014,7943.300,3004.580,22.00591030,19.64994720,578.5700,838.8200,569.0400,764.9000
918,1,0.732255,43683.080,2852.520,22.00332968,19.63656623,7425.080,3013.260,22.00467449,19.63339257,579.5100,609.7900,573.3800,505.7900
919,1,0.761171,44523.240,2852.560,22.00525873,19.66697250,8375.860,3009.180,22.00658392,19.66378879,579.5300,1029.8700,571.3400,981.1800
920,1,1.239063,44419.580,2853.620,22.00498076,19.66322304,8260.620,3010.500,22.00632748,19.66010623,580.0600,978.0400,572.0000,923.5600
921,1,1.239063,44419.580,2853.620,22.00498076,19.66322304,8260.620,3010.500,22.00632748,19.66010623,580.0600,978.0400,572.0000,923.5600
922,1,0.536052,45977.180,2858.260,22.00838574,19.71960323,10026.200,3012.580,22.00958116,19.71657049,582.3800,1756.8400,573.0400,1806.3500
923,1,0.321861,45600.820,2858.700,22.00750442,19.70598327,9599.020,3014.060,22.00873379,19.70291294,582.6000,1568.6600,573.7800,1592.7600
924,1,0.423212,45640.520,2859.080,22.00758138,19.70742080,9644.240,3014.500,22.00880537,19.70435987,582.7900,1588.5100,574.0000,1615.3700
925,1,1.387282,44454.600,2860.820,22.00479103,19.66450467,8299.800,3018.000,22.00617418,19.66137395,583.6600,995.5500,575.7500,943.1500
926,1,0.206246,46001.240,2861.040,22.00833670,19.72047947,10052.860,3015.580,22.00954008,19.71742895,583.7700,1768.8700,574.5400,1819.6800
927,1,0.826272,45602.680,2866.920,22.00720022,19.70606682,9600.220,3022.060,22.00849322,19.70296712,586.7100,1569.5900,577.7800,1593.3600
928,0,3.789800,43866.320,2867.800,22.00317732,19.64322804,7630.340,3023.160,22.00476104,19.63997598,587.1500,701.4100,578.3300,608.4200
929,0,3.403113,45942.760,2869.380,22.00788935,19.71837950,9991.980,3028.980,22.00901860,19.71550859,587.9400,1739.6300,581.2400,1789.2400
930,1,0.927200,44509.620,2872.220,22.00448965,19.66651841,8359.900,3032.140,22.00585919,19.66332377,589.3600,1023.0600,582.8200,973.2000
931,1,0.086775,45506.300,2872.560,22.00676710,19.70258988,9491.100,3030.560,22.00803039,19.69949444,589.5300,1521.4000,582.0300,1538.8000
932,1,0.523219,46091.760,2872.680,22.00810789,19.72377847,10155.580,3029.700,22.00930383,19.72074165,589.5900,1814.1300,581.6000,1871.0400
933,1,0.467240,46231.040,2872.780,22.00842418,19.72881934,10312.200,3028.500,22.00963433,19.72574771,589.6400,1883.7700,581.0000,1949.3500
934,1,0.382608,44877.100,2873.120,22.00530028,19.67981964,8777.000,3033.320,22.00660634,19.67666423,589.8100,1206.8000,583.4100,1181.7500
935,1,1.423266,45431.920,2879.980,22.00631773,19.69991265,9409.700,3038.720,22.00763003,19.69690753,593.2400,1484.2100,586.1100,1498.1000
936,1,0.732221,44230.560,2880.440,22.00353994,19.65643520,8043.500,3043.220,22.00493030,19.65322774,593.4700,883.5300,588.3600,815.0000
937,1,1.056967,46261.720,2882.280,22.00813817,19.72994844,10346.060,3040.260,22.00934028,19.72685372,594.3900,1899.1100,586.8800,1966.2800
938,1,0.138719,44876.660,2883.640,22.00490449,19.67982449,8777.460,3045.440,22.00624008,19.67670287,595.0700,1206.5800,589.4700,1181.9800
939,1,1.198941,43643.380,2883.940,22.00205935,19.63519151,7378.580,3047.860,22.00354275,19.63197392,595.2200,589.9400,590.6800,482.5400
940,1,0.636814,43098.840,2885.440,22.00075180,19.61548705,6760.800,3055.040,22.00216752,19.61223258,595.9700,317.6700,594.2700,173.6500
941,1,1.003494,46276.820,2885.960,22.00803476,19.73050219,10363.120,3043.820,22.00926403,19.72740630,596.2300,1906.6600,588.6600,1974.8100
942,0,658.611413,45648.180,2886.200,22.00658125,19.70775159,8437.020,3554.280,21.99020143,19.66682122,596.3500,1592.3400,843.8900,1011.7600
943,1,1.143004,45911.280,2888.100,22.00711450,19.71727718,9949.600,3049.400,22.00831870,19.71419368,597.3000,1723.8900,591.4500,1768.0500
944,1,0.672409,45692.960,2890.800,22.00651152,19.70938130,9701.780,3051.700,22.00778404,19.70627337,598.6500,1614.7300,592.6000,1644.1400
945,1,1.399271,46001.460,2892.660,22.00715060,19.72054989,10051.860,3049.760,22.00849957,19.71746449,599.5800,1768.9800,591.6300,1819.1800
946,1,0.365990,44243.320,2892.740,22.00310768,19.65692129,8058.620,3057.980,22.00451238,19.65374040,599.6200,889.9100,595.7400,822.5600
947,1,1.376808,44885.600,2893.000,22.00457378,19.68016652,8787.840,3053.840,22.00600510,19.67705140,599.7500,1211.0500,593.6700,1187.1700
948,1,0.703720,43259.000,2893.620,22.00081284,19.62129955,6943.080,3061.460,22.00231577,19.61807426,600.0600,397.7500,597.4800,264.7900
949,1,1.374167,44678.240,2893.860,22.00406502,19.67266367,8551.160,3055.820,22.00550130,19.66948670,600.1800,1107.3700,594.6600,1068.8300
950,1,1.850220,43236.100,2894.840,22.00071444,19.62047319,6916.040,3067.940,22.00206970,19.61722237,600.6700,386.3000,600.7200,251.2700
951,1,0.373201,44477.640,2895.280,22.00355079,19.66540657,8324.240,3060.280,22.00494084,19.66223900,600.8900,1007.0700,596.8900,955.3700
952,1,0.981669,44639.780,2900.180,22.00373948,19.67128425,8508.460,3063.860,22.00517786,19.66813711,603.3400,1088.1400,598.6800,1047.4800
953,0,4.352519,44008.260,2900.460,22.00227784,19.64842949,7796.600,3076.040,22.00347537,19.64539713,603.4800,772.3800,604.7700,691.5500
954,0,4.352519,44008.260,2900.460,22.00227784,19.64842949,7796.600,3076.040,22.00347537,19.64539713,603.4800,772.3800,604.7700,691.5500
955,0,4.080272,45624.180,2900.660,22.00598345,19.70691157,9627.120,3055.080,22.00754141,19.70389255,603.5800,1580.3400,594.2900,1606.8100
956,1,0.510973,44963.420,2900.940,22.00445463,19.68299859,8874.800,3065.760,22.00580703,19.67985577,603.7200,1249.9600,599.6300,1230.6500
957,1,2.325397,44089.180,2903.060,22.00236621,19.65136320,7885.680,3066.560,22.00392879,19.64822703,604.7800,812.8400,600.0300,736.0900
958,1,2.467849,43788.540,2904.640,22.00161609,19.64048587,7541.000,3078.160,22.00293244,19.63722768,605.5700,662.5200,605.8300,563.7500
959,1,2.355082,44133.380,2906.380,22.00234318,19.65296939,7930.700,3072.080,22.00384633,19.64967759,606.4400,834.9400,602.7900,758.6000
960,1,0.916612,45676.420,2906.960,22.00586707,19.70881462,9684.900,3071.920,22.00713851,19.70577352,606.7300,1606.4600,602.7100,1635.7000
961,1,0.723688,43511.580,2907.500,22.00087236,19.63046807,7229.340,3079.640,22.00230389,19.62726426,607.0000,524.0400,606.5700,407.9200
962,1,0.723688,43511.580,2907.500,22.00087236,19.63046807,7229.340,3079.640,22.00230389,19.62726426,607.0000,524.0400,606.5700,407.9200
963,1,0.723688,43511.580,2907.500,22.00087236,19.63046807,7229.340,3079.640,22.00230389,19.62726426,607.0000,524.0400,606.5700,407.9200
964,1,0.448763,46222.580,2907.580,22.00709879,19.72858190,10303.140,3068.340,22.00840594,19.72553668,607.0400,1879.5400,600.9200,1944.8200
965,1,0.352089,44763.400,2909.040,22.00369104,19.67577567,8648.520,3076.200,22.00506675,19.67264035,607.7700,1149.9500,604.8500,1117.5100
966,0,898.615112,44000.100,2910.500,22.00188231,19.64815400,9505.780,3593.480,21.99097572,19.70107571,608.5000,768.3000,863.4900,1546.1400
967,1,0.961081,45916.760,2913.420,22.00617691,19.71752552,9956.860,3074.960,22.00755581,19.71447632,609.9600,1726.6300,604.2300,1771.6800
968,1,0.785992,44357.240,2914.960,22.00253559,19.66108805,8187.180,3084.900,22.00393921,19.65790469,610.7300,946.8700,609.2000,886.8400
969,1,0.422102,46363.100,2916.800,22.00707568,19.73368566,10463.840,3078.840,22.00838774,19.73069632,611.6500,1949.8000,606.1700,2025.1700
970,1,0.666834,43493.880,2918.740,22.00040988,19.62984969,7208.160,3091.720,22.00189973,19.62661082,612.6200,515.1900,612.6100,397.3300
971,1,0.464598,44347.100,2919.620,22.00233742,19.66073028,8176.080,3089.580,22.00377687,19.65755898,613.0600,941.8000,611.5400,881.2900
972,1,0.349638,45892.120,2920.800,22.00584334,19.71664835,9929.380,3086.200,22.00716287,19.71361976,613.6500,1714.3100,609.8500,1757.9400
973,1,0.180716,45567.840,2920.880,22.00509519,19.70491250,9561.600,3086.540,22.00646373,19.70185947,613.6900,1552.1700,610.0200,1574.0500
974,1,0.949384,43697.720,2921.560,22.00077244,19.63723243,7439.680,3092.320,22.00231513,19.63401561,614.0300,617.1100,612.9100,513.0900
975,1,0.311706,46052.920,2923.700,22.00610400,19.72247358,10112.020,3088.600,22.00743200,19.71946501,615.1000,1794.7100,611.0500,1849.2600
976,1,1.672899,44108.160,2924.060,22.00162175,19.65209158,7907.320,3092.380,22.00318895,19.64897003,615.2800,822.3300,612.9400,746.9100
977,1,0.411263,43813.800,2924.380,22.00093335,19.64143904,7571.920,3096.120,22.00244799,19.63825192,615.4400,675.1500,614.8100,579.2100
978,1,0.751201,44298.320,2925.340,22.00201067,19.65897618,8120.800,3095.140,22.00350521,19.65580220,615.9200,917.4100,614.3200,853.6500
979,1,1.160799,42907.160,2925.560,21.99880576,19.60862921,6544.000,3103.660,22.00029644,19.60539573,616.0300,221.8300,618.5800,65.2500
980,1,0.826241,42923.140,2925.580,21.99884172,19.60920758,6563.780,3101.980,22.00038407,19.60602494,616.0400,229.8200,617.7400,75.1400
981,1,0.311229,45592.780,2926.400,22.00494535,19.70582601,9589.980,3093.660,22.00630078,19.70278108,616.4500,1564.6400,613.5800,1588.2400
982,1,0.311229,45592.780,2926.400,22.00494535,19.70582601,9589.980,3093.660,22.00630078,19.70278108,616.4500,1564.6400,613.5800,1588.2400
983,1,0.311229,45592.780,2926.400,22.00494535,19.70582601,9589.980,3093.660,22.00630078,19.70278108,616.4500,1564.6400,613.5800,1588.2400
984,1,0.594678,43834.820,2928.420,22.00083004,19.64220776,7597.020,3100.720,22.00235605,19.63906366,617.4600,685.6600,617.1100,591.7600
985,1,0.294979,46159.460,2928.740,22.00615968,19.72633932,10232.120,3094.500,22.00747755,19.72331725,617.6200,1847.9800,614.0000,1909.3100
986,1,0.451535,46038.100,2929.760,22.00584254,19.72194920,10095.440,3095.980,22.00717667,19.71894939,618.1300,1787.3000,614.7400,1840.9700
987,1,0.109824,46057.120,2929.840,22.00588324,19.72263771,10116.260,3095.780,22.00722172,19.71961478,618.1700,1796.8100,614.6400,1851.3800
988,1,0.951774,44672.180,2929.980,22.00269562,19.67251569,8545.040,3098.680,22.00419232,19.66937565,618.2400,1104.3400,616.0900,1065.7700
989,0,984.875270,46237.800,2932.080,22.00621435,19.72918111,8432.160,3655.880,21.98711762,19.66686647,619.2900,1887.1500,894.6900,1009.3300
990,1,1.807180,43628.400,2933.420,22.00016809,19.63474710,7362.500,3104.460,22.00180419,19.63157151,619.9600,582.4500,618.9800,474.5000
991,1,0.652106,43182.720,2933.780,21.99913047,19.61861822,6856.460,3111.280,22.00065153,19.61540270,620.1400,359.6100,622.3900,221.4800
992,1,0.185329,43820.840,2934.220,22.00058026,19.64171326,7580.060,3108.600,22.00208633,19.63853687,620.3600,678.6700,621.0500,583.2800
993,1,0.654008,45953.280,2934.920,22.00545399,19.71888968,9998.120,3103.100,22.00677814,19.71585133,620.7100,1744.8900,618.3000,1792.3100
994,1,0.531476,43479.320,2935.120,21.99976173,19.62935511,7192.660,3111.540,22.00127272,19.62615430,620.8100,507.9100,622.5200,389.5800
995,1,2.727926,44566.940,2936.380,22.00221362,19.66871960,8423.180,3112.700,22.00353991,19.66550647,621.4400,1051.7200,623.1000,1004.8400
996,1,0.464559,44739.620,2936.420,22.00260891,19.67496913,8623.060,3107.360,22.00407555,19.67188773,621.4600,1138.0600,620.4300,1104.7800
997,1,0.304598,42898.480,2937.980,21.99831972,19.60833960,6534.760,3116.340,21.99989722,19.60512530,622.2400,217.4900,624.9200,60.6300
998,1,0.171059,46143.960,2939.540,22.00571877,19.72579969,10214.940,3106.300,22.00708667,19.72279117,623.0200,1840.2300,619.9000,1900.7200
999,0,4.969650,44857.000,2940.420,22.00272852,19.67922512,8746.360,3116.260,22.00403672,19.67584823,623.4600,1196.7500,624.8800,1166.4300
1000,1,0.330455,45591.080,2941.220,22.00438529,19.70579376,9588.440,3110.280,22.00579345,19.70276466,623.8600,1563.7900,621.8900,1587.4700
1001,1,1.445539,43567.520,2942.240,21.99969720,19.63256121,7295.020,3116.400,22.00131757,19.62943720,624.3700,552.0100,624.9500,440.7600
1002,1,0.775092,44657.480,2942.540,22.00219050,19.67200849,8528.140,3113.960,22.00369813,19.66886539,624.5200,1096.9900,623.7300,1057.3200
1003,1,0.530814,46022.140,2942.660,22.00532176,19.72139707,10077.680,3110.500,22.00670217,19.71841013,624.5800,1779.3200,622.0000,1832.0900
1004,1,0.766846,46057.940,2943.280,22.00538076,19.72269393,10117.840,3109.840,22.00679737,19.71969308,624.8900,1797.2200,621.6700,1852.1700
1005,1,0.101112,44892.940,2944.060,22.00267450,19.68053302,8796.120,3115.940,22.00413949,19.67743883,625.2800,1214.7200,624.7200,1191.3100
1006,1,0.178421,45258.300,2944.260,22.00350654,19.69375614,9210.400,3115.480,22.00492842,19.69068587,625.3800,1397.4000,624.4900,1398.4500
1007,1,0.209699,44759.100,2945.840,22.00230016,19.67569273,8644.320,3118.260,22.00378528,19.67258912,626.1700,1147.8000,625.8800,1115.4100
1008,1,0.340079,45976.300,2947.800,22.00502354,19.71974823,10025.240,3117.180,22.00640108,19.71674639,627.1500,1756.4000,625.3400,1805.8700
1009,1,0.704328,44502.380,2947.860,22.00163446,19.66640578,8352.860,3120.560,22.00317051,19.66327328,627.1800,1019.4400,627.0300,969.6800
1010,1,0.413449,43329.260,2948.720,21.99890654,19.62395115,7023.240,3127.700,22.00046839,19.62076847,627.6100,432.8800,630.6000,304.8700
1011,0,5.796075,45092.220,2949.000,22.00294703,19.68775490,9020.900,3109.700,22.00474911,19.68461458,627.7500,1314.3600,621.6000,1303.7000
1012,1,0.366908,44491.040,2950.720,22.00150107,19.66600103,8340.000,3124.680,22.00302180,19.66287018,628.6100,1013.7700,629.0900,963.2500
1013,1,1.161285,45797.220,2950.940,22.00449421,19.71327336,9821.180,3123.360,22.00583169,19.71023311,628.7200,1666.8600,628.4300,1703.8400
1014,1,0.388194,46026.680,2951.020,22.00501847,19.72157789,10082.560,3120.140,22.00641835,19.71858523,628.7600,1781.5900,626.8200,1834.5300
1015,1,0.390986,46008.640,2952.220,22.00493198,19.72092738,10061.700,3122.560,22.00630579,19.71792294,629.3600,1772.5700,628.0300,1824.1000
1016,0,6.667455,45658.060,2954.140,22.00405435,19.70824334,9670.020,3113.480,22.00584894,19.70537977,630.3200,1597.2800,623.4900,1628.2600
1017,1,1.030753,42862.380,2955.140,21.99759281,19.60706700,6493.620,3133.960,21.99928958,19.60384451,630.8200,199.4400,633.7300,40.0600
1018,0,3.517535,42927.260,2956.820,21.99767884,19.60941839,6574.020,3136.400,21.99936637,19.60642038,631.6600,231.8800,634.9500,80.2600
1019,1,0.745381,45358.540,2959.600,22.00316121,19.69741422,9323.040,3133.620,22.00458891,19.69432373,633.0500,1447.5200,633.5600,1454.7700
1020,1,0.326535,43464.360,2960.200,21.99878617,19.62886323,7175.780,3140.360,22.00037165,19.62567143,633.3500,500.4300,636.9300,381.1400
1021,1,0.326535,43464.360,2960.200,21.99878617,19.62886323,7175.780,3140.360,22.00037165,19.62567143,633.3500,500.4300,636.9300,381.1400
1022,1,0.462154,43182.720,2960.420,21.99813075,19.61867084,6857.440,3141.780,21.99973393,19.61549428,633.4600,359.6100,637.6400,221.9700
1023,1,0.121930,45862.680,2961.720,22.00424008,19.71566371,9895.920,3133.680,22.00565799,19.71264355,634.1100,1699.5900,633.5900,1741.2100
1024,1,0.121930,45862.680,2961.720,22.00424008,19.71566371,9895.920,3133.680,22.00565799,19.71264355,634.1100,1699.5900,633.5900,1741.2100
1025,1,1.982117,44830.340,2965.240,22.00173583,19.67830929,8722.160,3138.600,22.00331485,19.67511848,635.8700,1183.4200,636.0500,1154.3300
1026,1,0.436353,46041.780,2966.600,22.00446849,19.72215515,10099.900,3138.400,22.00589585,19.71917579,636.5500,1789.1400,635.9500,1843.2000
1027,1,2.450515,46295.520,2967.120,22.00503203,19.73133926,10388.420,3133.640,22.00657984,19.72839276,636.8100,1916.0100,633.5700,1987.4600
1028,1,0.206726,44066.000,2967.840,21.99988193,19.65065224,7858.100,3146.780,22.00145276,19.64750351,637.1700,801.2500,640.1400,722.3000
1029,1,0.206726,44066.000,2967.840,21.99988193,19.65065224,7858.100,3146.780,22.00145276,19.64750351,637.1700,801.2500,640.1400,722.3000
1030,1,0.248965,44910.560,2974.780,22.00156216,19.68123138,8816.520,3151.500,22.00310042,19.67816143,640.6400,1223.5300,642.5000,1201.5100
1031,1,0.591923,43729.640,2975.200,21.99883283,19.63849359,7476.720,3157.580,22.00041414,19.63532898,640.8500,633.0700,645.5400,531.6100
1032,1,0.360247,44634.700,2976.700,22.00085622,19.67125153,8502.880,3154.700,22.00241768,19.66813809,641.6000,1085.6000,644.1000,1044.6900
1033,1,1.769078,44499.260,2977.680,22.00050823,19.66635177,8353.420,3156.720,22.00207741,19.66336261,642.0900,1017.8800,645.1100,969.9600
1034,1,0.614248,46021.480,2978.260,22.00398428,19.72144350,10074.880,3151.940,22.00543762,19.71840244,642.3800,1778.9900,642.7200,1830.6900
1035,1,1.027806,44464.860,2978.760,22.00038865,19.66510893,8311.480,3156.140,22.00201663,19.66202030,642.6300,1000.6800,644.8200,948.9900
1036,1,0.536335,46007.460,2979.020,22.00392354,19.72093760,10061.200,3152.780,22.00538654,19.71796664,642.7600,1771.9800,643.1400,1823.8500
1037,1,0.492803,46168.900,2979.720,22.00426824,19.72678165,10244.180,3153.760,22.00569853,19.72381995,643.1100,1852.7000,643.6300,1915.3400
1038,1,1.335098,45505.400,2980.560,22.00271210,19.70277062,9493.520,3156.880,22.00420177,19.69982133,643.5300,1520.9500,645.1900,1540.0100
1039,1,0.333688,45891.560,2980.780,22.00359117,19.71674655,9928.280,3156.040,22.00503923,19.71372253,643.6400,1714.0300,644.7700,1757.3900
1040,1,0.182456,43428.460,2982.820,21.99785481,19.62760865,7135.380,3166.660,21.99950278,19.62443146,644.6600,482.4800,650.0800,360.9400
1041,1,0.407334,44440.740,2982.880,22.00017862,19.66424414,8283.720,3162.200,22.00178145,19.66114455,644.6900,988.6200,647.8500,935.1100
1042,1,1.134285,45848.100,2985.020,22.00333220,19.71518206,9878.100,3162.460,22.00475051,19.71213054,645.7600,1692.3000,647.9800,1732.3000
1043,1,0.212458,45530.580,2985.600,22.00258082,19.70369186,9519.480,3162.020,22.00409427,19.70066163,646.0500,1533.5400,647.7600,1552.9900
1044,1,0.154241,43287.200,2985.860,21.99741614,19.62250232,6975.620,3170.680,21.99908331,19.61933055,646.1800,411.8500,652.0900,281.0600
1045,1,0.376590,42904.560,2985.980,21.99653239,19.60865445,6541.920,3172.520,21.99821838,19.60546522,646.2400,220.5300,653.0100,64.2100
1046,1,0.287044,44465.620,2988.140,22.00003840,19.66515496,8311.720,3169.620,22.00160924,19.66205460,647.3200,1001.0600,651.5600,949.1100
1047,1,0.287044,44465.620,2988.140,22.00003840,19.66515496,8311.720,3169.620,22.00160924,19.66205460,647.3200,1001.0600,651.5600,949.1100
1048,1,0.393560,44616.420,2989.140,22.00034738,19.67061453,8482.380,3169.040,22.00194535,19.66751086,647.8200,1076.4600,651.2700,1034.4400
1049,0,3.695735,43489.320,2990.640,21.99770120,19.62982667,7206.640,3168.180,21.99958995,19.62671323,648.5700,512.9100,650.8400,396.5700
1050,1,0.182905,46003.180,2991.960,22.00342811,19.72080826,10055.600,3168.560,22.00489657,19.71781873,649.2300,1769.8400,651.0300,1821.0500
1051,1,2.080616,45370.360,2992.100,22.00196873,19.69790618,9338.620,3166.500,22.00362068,19.69488690,649.3000,1453.4300,650.0000,1462.5600
1052,1,1.005328,43432.000,2992.760,21.99748993,19.62775640,7141.680,3178.300,21.99916340,19.62465591,649.6300,484.2500,655.9000,364.0900
1053,1,0.588247,46094.400,2993.640,22.00357467,19.72411292,10159.980,3169.540,22.00506163,19.72115855,650.0700,1815.4500,651.5200,1873.2400
1054,1,0.908124,45249.360,2994.420,22.00160363,19.69353166,9199.160,3174.820,22.00310805,19.69044364,650.4600,1392.9300,654.1600,1392.8300
1055,1,0.152193,45260.320,2994.660,22.00161981,19.69392879,9212.980,3173.640,22.00316963,19.69088325,650.5800,1398.4100,653.5700,1399.7400
1056,1,1.077348,45980.800,2995.080,22.00325960,19.72000447,10031.480,3170.360,22.00479685,19.71705097,650.7900,1758.6500,651.9300,1808.9900
1057,1,0.169173,44427.200,2995.320,21.99968067,19.66377869,8268.280,3177.900,22.00127766,19.66068181,650.9100,981.8500,655.7000,927.3900
1058,1,0.253461,45525.940,2996.760,22.00215135,19.70354598,9514.740,3175.380,22.00368000,19.70053644,651.6300,1531.2200,654.4400,1550.6200
1059,1,0.109123,45254.800,2998.320,22.00146978,19.69373624,9206.920,3178.400,22.00301398,19.69069886,652.4100,1395.6500,655.9500,1396.7100
1060,1,0.109123,45254.800,2998.320,22.00146978,19.69373624,9206.920,3178.400,22.00301398,19.69069886,652.4100,1395.6500,655.9500,1396.7100
1061,1,0.399699,45872.880,2999.960,22.00282848,19.71610838,9907.320,3178.740,22.00431055,19.71309710,653.2300,1704.6900,656.1200,1746.9100
1062,1,0.431142,44659.500,3000.740,22.00001106,19.67219655,8531.080,3182.520,22.00162819,19.66909482,653.6200,1098.0000,658.0100,1058.7900
1063,1,0.704621,45646.880,3006.020,22.00208175,19.70794120,9652.560,3185.020,22.00364455,19.70496273,656.2600,1591.6900,659.2600,1619.5300
1064,1,0.214511,46072.580,3006.780,22.00303142,19.72334919,10134.060,3184.900,22.00454640,19.72036001,656.6400,1804.5400,659.2000,1860.2800
1065,1,2.887278,44612.360,3009.760,21.99956424,19.67050832,8481.440,3198.640,22.00104765,19.66753926,658.1300,1074.4300,666.0700,1033.9700
1066,1,1.056714,45085.480,3010.740,22.00061462,19.68763292,9014.680,3191.200,22.00226732,19.68457665,658.6200,1310.9900,662.3500,1300.5900
1067,1,0.179743,44008.920,3011.360,21.99811759,19.64867242,7793.680,3197.620,21.99979621,19.64554389,658.9300,772.7100,665.5600,690.0900
1068,1,0.191572,45307.340,3012.200,22.00106963,19.69566513,9266.600,3194.600,22.00263403,19.69263932,659.3500,1421.9200,664.0500,1426.5500
1069,1,1.987570,43593.080,3012.800,21.99710802,19.63362562,7323.260,3196.920,21.99894025,19.63049930,659.6500,564.7900,665.2100,454.8800
1070,1,0.665413,44875.660,3014.940,21.99997487,19.68004763,8777.800,3197.920,22.00162199,19.67701491,660.7200,1206.0800,665.7100,1182.1500
1071,1,0.126480,44102.960,3015.100,21.99819333,19.65208320,7900.820,3201.540,21.99987749,19.64897778,660.8000,819.7300,667.5200,743.6600
1072,1,0.264937,43789.840,3019.020,21.99732672,19.64075883,7546.020,3207.040,21.99904999,19.63764276,662.7600,663.1700,670.2700,566.2600
1073,1,0.264937,43789.840,3019.020,21.99732672,19.64075883,7546.020,3207.040,21.99904999,19.63764276,662.7600,663.1700,670.2700,566.2600
1074,1,0.494344,43781.180,3019.200,21.99730007,19.64044577,7536.040,3206.680,21.99904226,19.63732291,662.8500,658.8400,670.0900,561.2700
1075,1,0.948145,46065.360,3019.760,22.00252773,19.72311353,10127.120,3198.900,22.00410796,19.72016574,663.1300,1800.9300,666.2000,1856.8100
1076,1,1.408481,46106.680,3020.160,22.00260767,19.72460973,10170.220,3201.560,22.00410746,19.72154925,663.3300,1821.5900,667.5300,1878.3600
1077,1,0.312043,43004.420,3020.780,21.99545591,19.61233721,6654.880,3212.760,21.99721677,19.60915696,663.6400,270.4600,673.1300,120.6900
1078,1,0.312043,43004.420,3020.780,21.99545591,19.61233721,6654.880,3212.760,21.99721677,19.60915696,663.6400,270.4600,673.1300,120.6900
1079,1,0.504106,42856.400,3023.640,21.99500845,19.60698588,6487.320,3216.980,21.99677746,19.60380702,665.0700,196.4500,675.2400,36.9100
1080,1,0.504106,42856.400,3023.640,21.99500845,19.60698588,6487.320,3216.980,21.99677746,19.60380702,665.0700,196.4500,675.2400,36.9100
1081,1,0.556204,44498.820,3023.800,21.99877646,19.66642693,8349.240,3209.520,22.00047197,19.66333323,665.1500,1017.6600,671.5100,967.8700
1082,1,0.225134,44654.240,3025.220,21.99908031,19.67205454,8525.600,3212.020,22.00072495,19.66897785,665.8600,1095.3700,672.7600,1056.0500
1083,1,0.522027,44258.860,3025.860,21.99814777,19.65774662,8076.500,3213.700,21.99983730,19.65461974,666.1800,897.6800,673.6000,831.5000
1084,1,0.522027,44258.860,3025.860,21.99814777,19.65774662,8076.500,3213.700,21.99983730,19.65461974,666.1800,897.6800,673.6000,831.5000
1085,1,0.522027,44258.860,3025.860,21.99814777,19.65774662,8076.500,3213.700,21.99983730,19.65461974,666.1800,897.6800,673.6000,831.5000
1086,1,0.371960,43943.800,3026.060,21.99741631,19.64634470,7719.720,3215.600,21.99911513,19.64321429,666.2800,740.1500,674.5500,653.1100
1087,1,1.309956,43436.420,3026.960,21.99621666,19.62798391,7143.900,3220.300,21.99790052,19.62480986,666.7300,486.4600,676.9000,365.2000
1088,1,0.648542,44009.360,3031.660,21.99735680,19.64872844,7793.360,3221.200,21.99908312,19.64558023,669.0800,772.9300,677.3500,689.9300
1089,1,0.127408,45337.420,3033.920,22.00032366,19.69679665,9300.760,3219.260,22.00194978,19.69378041,670.2100,1436.9600,676.3800,1443.6300
1090,1,0.275674,46128.180,3035.420,22.00208440,19.72541797,10197.880,3218.820,22.00363435,19.72246786,670.9600,1832.3400,676.1600,1892.1900
1091,1,2.958466,43791.180,3035.620,21.99670685,19.64084012,7547.020,3220.860,21.99863453,19.63770203,671.0600,663.8400,677.1800,566.7600
1092,1,0.651404,44523.460,3036.200,21.99836775,19.66734317,8378.100,3223.720,22.00009605,19.66428417,671.3500,1029.9800,678.6100,982.3000
1093,1,0.835767,42882.180,3036.300,21.99459260,19.60794388,6516.600,3232.340,21.99636937,19.60477368,671.4000,209.3400,682.9200,51.5500
1094,1,0.378206,43378.060,3036.380,21.99572905,19.62589041,7078.200,3228.580,21.99752839,19.62272524,671.4400,457.2800,681.0400,332.3500
1095,1,2.691692,44884.300,3038.300,21.99911809,19.68040646,8785.620,3231.400,22.00062242,19.67733111,672.4000,1210.4000,682.4500,1186.0600
1096,1,0.064351,45358.320,3043.020,22.00003018,19.69757102,9324.360,3230.160,22.00166313,19.69455662,674.7600,1447.4100,681.8300,1455.4300
1097,1,0.313449,45726.860,3043.800,22.00084776,19.71091037,9742.540,3229.100,22.00247397,19.70792719,675.1500,1631.6800,681.3000,1664.5200
1098,1,0.537505,45596.000,3046.500,22.00044574,19.70617976,9594.880,3232.720,22.00208914,19.70321243,676.5000,1566.2500,683.1100,1590.6900
1099,1,0.116131,45476.280,3047.220,22.00014362,19.70184840,9458.040,3234.700,22.00177429,19.69884044,676.8600,1506.3900,684.1000,1522.2700
1100,1,0.699559,45750.600,3047.480,22.00076421,19.71177681,9768.100,3234.640,22.00235334,19.70875550,676.9900,1643.5500,684.0700,1677.3000
1101,1,0.626881,43323.040,3048.420,21.99515079,19.62392297,7016.580,3244.560,21.99693173,19.62078630,677.4600,429.7700,689.0300,301.5400
1102,1,0.385954,43947.400,3051.020,21.99648790,19.64652428,7723.780,3244.520,21.99824899,19.64340124,678.7600,741.9500,689.0100,655.1400
1103,1,0.707082,45827.520,3051.040,22.00080736,19.71456765,9855.360,3238.580,22.00239613,19.71155370,678.7700,1682.0100,686.0400,1720.9300
1104,1,2.037296,43470.680,3052.560,21.99533468,19.62927437,7184.240,3251.700,21.99702832,19.62616188,679.5300,503.5900,692.6000,385.3700
1105,1,0.454029,45090.580,3052.560,21.99905695,19.68790009,9020.020,3242.440,22.00072425,19.68484862,679.5300,1313.5400,687.9700,1303.2600
1106,1,0.567918,45738.680,3054.820,22.00046137,19.71135991,9756.920,3242.240,22.00210176,19.70841299,680.6600,1637.5900,687.8700,1671.7100
1107,1,0.699456,44493.480,3058.160,21.99747476,19.66630154,8345.140,3250.340,21.99922920,19.66328274,682.3300,1014.9900,691.9200,965.8200
1108,1,0.358839,46097.580,3059.360,22.00111569,19.72435781,10162.460,3245.980,22.00274283,19.72138884,682.9300,1817.0400,689.7400,1874.4800
1109,1,0.281380,45286.860,3059.760,21.99923778,19.69501788,9243.720,3249.320,22.00093193,19.69201574,683.1300,1411.6800,691.4100,1415.1100
1110,1,0.229527,45850.180,3060.460,22.00050593,19.71540634,9881.840,3248.640,22.00213985,19.71242035,683.4800,1693.3400,691.0700,1734.1700
1111,1,0.488505,46136.760,3060.660,22.00115693,19.72577834,10207.420,3248.940,22.00273651,19.72283242,683.5800,1836.6300,691.2200,1896.9600
1112,1,0.993630,45014.860,3061.940,21.99853096,19.68517824,8933.460,3254.500,22.00019770,19.68210440,684.2200,1275.6800,694.0000,1259.9800
1113,1,1.415143,42904.880,3062.280,21.99366980,19.60881673,6541.920,3258.120,21.99563998,19.60563429,684.3900,220.6900,695.8100,64.2100
1114,1,0.254589,44823.360,3063.100,21.99804739,19.67824997,8717.520,3255.660,21.99976089,19.67520131,684.8000,1179.9300,694.5800,1152.0100
1115,1,2.375380,43392.760,3070.760,21.99447264,19.62649032,7099.980,3267.220,21.99640342,19.62349805,688.6300,464.6300,700.3600,343.2400
1116,1,0.591297,43230.420,3072.760,21.99402456,19.62061903,6910.560,3271.400,21.99592523,19.61744898,689.6300,383.4600,702.4500,248.5300
1117,1,0.298011,45860.480,3074.640,21.99999746,19.71580712,9893.540,3265.540,22.00164828,19.71282788,690.5700,1698.4900,699.5200,1740.0200
1118,1,1.059993,42872.400,3075.620,21.99309456,19.60766760,6506.760,3278.360,21.99496498,19.60454991,691.0600,204.4500,705.9300,46.6300
1119,1,0.743589,45541.200,3075.900,21.99921652,19.70425456,9531.020,3268.920,22.00087166,19.70124180,691.2000,1538.8500,701.2100,1558.7600
1120,1,0.309850,45591.640,3078.620,21.99923035,19.70608540,9589.700,3271.180,22.00091215,19.70312275,692.5600,1564.0700,702.3400,1588.1000
1121,1,0.627629,46235.020,3079.040,22.00069297,19.72937077,10318.220,3270.200,22.00229621,19.72641761,692.7700,1885.7600,701.8500,1952.3600
1122,1,0.460617,43972.560,3080.040,21.99545668,19.64749216,7752.700,3278.780,21.99726771,19.64439372,693.2700,754.5300,706.1400,669.6000
1123,1,0.460617,43972.560,3080.040,21.99545668,19.64749216,7752.700,3278.780,21.99726771,19.64439372,693.2700,754.5300,706.1400,669.6000
1124,1,0.236231,43628.200,3081.500,21.99461060,19.63503233,7363.160,3280.880,21.99648042,19.63194106,694.0000,582.3500,707.1900,474.8300
1125,1,1.371349,45655.080,3081.980,21.99925003,19.70838799,9662.560,3272.140,22.00101845,19.70545458,694.2400,1595.7900,702.8200,1624.5300
1126,1,0.710655,43478.880,3082.820,21.99421796,19.62963091,7192.040,3283.440,21.99608521,19.62647400,694.6600,507.6900,708.4700,389.2700
1127,1,0.269904,45342.880,3084.660,21.99843208,19.69709447,9307.600,3279.000,22.00015057,19.69411713,695.5800,1439.6900,706.2500,1447.0500
1128,0,3.165346,45196.720,3088.000,21.99797088,19.69181140,9144.660,3288.540,21.99955853,19.68892544,697.2500,1366.6100,711.0200,1365.5800
1129,0,3.165346,45196.720,3088.000,21.99797088,19.69181140,9144.660,3288.540,21.99955853,19.68892544,697.2500,1366.6100,711.0200,1365.5800
1130,1,0.577450,44097.240,3089.480,21.99538892,19.65202310,7893.760,3287.820,21.99725662,19.64892243,697.9900,816.8700,710.6600,740.1300
1131,0,3.981392,43643.540,3092.560,21.99423080,19.63560935,7386.760,3289.300,21.99627012,19.63271238,699.5300,590.0200,711.4000,486.6300
1132,1,1.769702,45517.760,3093.420,21.99850518,19.70344085,9505.820,3284.800,22.00034292,19.70046731,699.9600,1527.1300,709.1500,1546.1600
1133,1,0.800780,43212.740,3094.460,21.99316959,19.62002204,6892.340,3298.860,21.99506349,19.61692057,700.4800,374.6200,716.1800,239.4200
1134,1,0.545873,42915.740,3096.960,21.99239332,19.60927826,6553.920,3300.780,21.99437727,19.60610229,701.7300,226.1200,717.1400,70.2100
1135,1,1.017459,42851.780,3097.200,21.99223734,19.60696396,6483.180,3303.700,21.99415799,19.60384591,701.8500,194.1400,718.6000,34.8400
1136,1,0.150380,43328.460,3101.940,21.99315480,19.62422483,7023.140,3305.580,21.99510370,19.62111660,704.2200,432.4800,719.5400,304.8200
1137,0,3.442785,44361.780,3102.240,21.99551794,19.66162225,8194.160,3309.440,21.99716073,19.65857139,704.3700,949.1400,721.4700,890.3300
1138,1,2.584890,45448.300,3104.800,21.99791852,19.70094950,9422.640,3304.900,21.99957856,19.69784706,705.6500,1492.4000,719.2000,1504.5700
1139,1,0.264503,43552.040,3105.160,21.99354771,19.63232276,7276.420,3309.280,21.99546222,19.62922336,705.8300,544.2700,721.3900,431.4600
1140,1,0.191281,44142.620,3105.900,21.99487700,19.65369787,7946.420,3307.300,21.99676561,19.65064488,706.2000,839.5600,720.4000,766.4600
1141,1,0.202147,43284.440,3107.080,21.99286075,19.62264185,6973.240,3312.240,21.99481025,19.61953404,706.7900,410.4700,722.8700,279.8700
1142,1,0.279789,45545.780,3108.500,21.99800366,19.70448470,9537.480,3306.380,21.99974683,19.70152237,707.5000,1541.1400,719.9400,1561.9900
1143,1,1.385859,46173.140,3110.140,21.99938369,19.72719270,10248.540,3302.840,22.00117436,19.72425383,708.3200,1854.8200,718.1700,1917.5200
1144,1,1.101773,44074.280,3112.800,21.99446102,19.65123821,7867.320,3314.180,21.99641086,19.64812899,709.6500,805.3900,723.8400,726.9100
1145,1,0.252702,43226.920,3113.200,21.99249892,19.62057224,6907.700,3319.740,21.99446250,19.61745300,709.8500,381.7100,726.6200,247.1000
1146,1,0.210352,43643.880,3113.640,21.99344051,19.63566329,7380.860,3318.700,21.99537172,19.63258177,710.0700,590.1900,726.1000,483.6800
1147,0,1084.530433,44096.300,3113.780,21.99447485,19.65203707,10040.340,3005.920,22.00981009,19.71700951,710.1400,816.4000,569.7100,1813.4200
1148,1,0.234663,44120.640,3114.500,21.99450376,19.65291938,7921.440,3317.260,21.99641819,19.64986573,710.5000,828.5700,725.3800,753.9700
1149,1,0.234663,44120.640,3114.500,21.99450376,19.65291938,7921.440,3317.260,21.99641819,19.64986573,710.5000,828.5700,725.3800,753.9700
1150,1,0.439100,45505.500,3117.360,21.99757861,19.70304443,9491.620,3315.440,21.99938678,19.70007374,711.9300,1521.0000,724.4700,1539.0600
1151,1,2.689601,45613.800,3117.480,21.99782296,19.70696415,9614.640,3310.700,21.99975893,19.70399834,711.9900,1575.1500,722.1000,1600.5700
1152,1,0.435177,44087.680,3117.580,21.99431243,19.65173261,7883.080,3321.540,21.99621766,19.64864750,712.0400,812.0900,727.5200,734.7900
1153,1,0.040343,45566.900,3118.140,21.99769043,19.70526810,9561.420,3316.940,21.99947077,19.70230878,712.3200,1551.7000,725.2200,1573.9600
1154,1,0.094939,44818.240,3118.440,21.99595887,19.67817397,8712.460,3319.740,21.99781076,19.67516606,712.4700,1177.3700,726.6200,1149.4800
1155,1,0.320957,45102.160,3118.960,21.99659176,19.68845033,9033.780,3319.300,21.99842023,19.68544044,712.7300,1319.3300,726.4000,1310.1400
1156,1,0.601515,46128.300,3119.440,21.99893165,19.72558826,10196.820,3316.760,22.00065520,19.72262741,712.9700,1832.4000,725.1300,1891.6600
1157,1,0.796904,46143.220,3120.080,21.99894192,19.72612950,10214.620,3315.740,22.00071923,19.72319461,713.2900,1839.8600,724.6200,1900.5600
1158,0,5.621183,44990.900,3120.480,21.99627906,19.68442673,8914.960,3330.700,21.99785435,19.68166330,713.4900,1263.7000,732.1000,1250.7300
1159,1,0.419422,42970.400,3122.660,21.99155447,19.61130722,6617.180,3331.980,21.99355476,19.60818686,714.5800,253.4500,732.7400,101.8400
1160,1,2.902969,43367.320,3122.700,21.99246503,19.62567221,7067.580,3335.640,21.99427955,19.62259709,714.6000,451.9100,734.5700,327.0400
1161,1,2.902969,43367.320,3122.700,21.99246503,19.62567221,7067.580,3335.640,21.99427955,19.62259709,714.6000,451.9100,734.5700,327.0400
1162,1,0.478746,44884.120,3123.280,21.99592862,19.68056779,8786.820,3324.440,21.99780635,19.67755325,714.8900,1210.3100,728.9700,1186.6600
1163,1,0.524699,43918.360,3124.220,21.99367418,19.64561788,7691.800,3330.780,21.99558369,19.64254895,715.3600,727.4300,732.1400,639.1500
1164,1,0.532449,45669.580,3124.480,21.99768845,19.70899671,9677.780,3325.120,21.99943834,19.70604593,715.4900,1603.0400,729.3100,1632.1400
1165,1,1.791929,45324.080,3124.800,21.99688254,19.69649336,9288.600,3328.140,21.99862488,19.69360660,715.6500,1430.2900,730.8200,1437.5500
1166,1,0.445634,45008.100,3127.840,21.99604238,19.68506375,8927.060,3330.800,21.99787376,19.68205044,717.1700,1272.3000,732.1500,1256.7800
1167,1,0.474751,46147.920,3128.020,21.99865475,19.72631528,10220.380,3327.500,22.00037242,19.72340203,717.2600,1842.2100,730.5000,1903.4400
1168,1,1.075154,45692.200,3130.080,21.99753027,19.70982640,9703.200,3332.640,21.99925717,19.70687367,718.2900,1614.3500,733.0700,1644.8500
1169,1,1.075154,45692.200,3130.080,21.99753027,19.70982640,9703.200,3332.640,21.99925717,19.70687367,718.2900,1614.3500,733.0700,1644.8500
1170,1,2.328113,45119.520,3130.940,21.99618207,19.68910227,9055.760,3329.120,21.99816334,19.68616272,718.7200,1328.0100,731.3100,1321.1300
1171,1,1.381247,45785.660,3131.020,21.99770975,19.71321067,9810.420,3328.680,21.99957625,19.71029456,718.7600,1661.0800,731.0900,1698.4600
1172,1,0.795001,45642.140,3131.060,21.99737847,19.70801662,9647.780,3330.600,21.99921634,19.70509741,718.7800,1589.3200,732.0500,1617.1400
1173,1,0.795001,45642.140,3131.060,21.99737847,19.70801662,9647.780,3330.600,21.99921634,19.70509741,718.7800,1589.3200,732.0500,1617.1400
1174,1,1.133054,44104.080,3131.500,21.99382774,19.65235364,7900.400,3337.140,21.99577829,19.64923217,719.0000,820.2900,735.3200,743.4500
1175,1,0.622169,46011.980,3131.920,21.99819603,19.72140318,10066.540,3332.760,21.99992726,19.71849288,719.2100,1774.2400,733.1300,1826.5200
1176,1,0.151876,46169.580,3134.160,21.99847410,19.72711130,10245.180,3333.780,22.00022749,19.72420749,720.3300,1853.0400,733.6400,1915.8400
1177,1,0.599306,45464.600,3134.300,21.99684892,19.70159768,9445.160,3335.060,21.99870527,19.69862678,720.4000,1500.5500,734.2800,1515.8300
1178,1,0.521161,43635.240,3135.280,21.99260857,19.63539334,7370.220,3344.340,21.99457805,19.63229217,720.8900,585.8700,738.9200,478.3600
1179,1,2.600809,44847.800,3137.720,21.99530327,19.67928186,8747.780,3347.220,21.99704397,19.67634981,722.1100,1192.1500,740.3600,1167.1400
1180,1,0.325346,45500.100,3138.180,21.99678489,19.70289012,9485.460,3340.040,21.99862888,19.69992534,722.3400,1518.3000,736.7700,1535.9800
1181,1,1.741427,44076.580,3142.220,21.99336226,19.65137956,7868.460,3348.500,21.99537576,19.64823323,724.3600,806.5400,741.0000,727.4800
1182,1,1.517456,45234.920,3143.260,21.99598491,19.69330304,9187.300,3345.420,21.99791305,19.69040133,724.8800,1385.7100,739.4600,1386.9000
1183,1,1.218916,46158.580,3144.500,21.99806080,19.72673362,10231.380,3347.920,21.99977204,19.72379412,725.5000,1847.5400,740.7100,1908.9400
1184,1,0.796675,44692.600,3144.820,21.99468020,19.67367904,8569.180,3349.820,21.99663428,19.67064363,725.6600,1114.5500,741.6600,1077.8400
1185,1,0.571049,43665.600,3144.920,21.99231657,19.63651114,7406.580,3354.980,21.99432425,19.63347591,725.7100,601.0500,744.2400,496.5400
1186,1,0.163202,43743.020,3146.360,21.99244043,19.63931588,7493.580,3356.120,21.99445101,19.63626027,726.4300,639.7600,744.8100,540.0400
1187,1,0.567084,44645.680,3146.500,21.99450934,19.67198428,8517.280,3354.320,21.99640189,19.66899285,726.5000,1091.0900,743.9100,1051.8900
1188,1,0.205452,45780.460,3148.160,21.99705459,19.71305633,9804.040,3351.580,21.99886898,19.71013577,727.3300,1658.4800,742.5400,1695.2700
1189,1,0.716828,45322.740,3148.820,21.99597805,19.69649231,9284.800,3355.080,21.99780077,19.69353829,727.6600,1429.6200,744.2900,1435.6500
1190,1,0.937707,45557.780,3149.260,21.99650163,19.70499950,9552.800,3354.360,21.99831911,19.70210704,727.8800,1547.1400,743.9300,1569.6500
1191,1,0.724772,45812.260,3150.180,21.99705186,19.71421119,9840.000,3355.000,21.99883174,19.71129246,728.3400,1674.3800,744.2500,1713.2500
1192,1,1.293747,43449.020,3151.040,21.99158924,19.62868499,7161.240,3364.860,21.99357168,19.62564988,728.7700,492.7600,749.1800,373.8700
1193,1,1.777839,43952.560,3152.100,21.99270651,19.64691067,7732.360,3358.920,21.99480875,19.64390157,729.3000,744.5300,746.2100,659.4300
1194,1,0.634455,45453.240,3153.420,21.99610530,19.70122431,9432.360,3359.800,21.99793092,19.69826633,729.9600,1494.8700,746.6500,1509.4300
1195,1,0.158728,46166.880,3153.960,21.99772486,19.72705269,10241.980,3357.080,21.99951320,19.72415118,730.2300,1851.6900,745.2900,1914.2400
1196,1,0.513835,44621.440,3154.160,21.99416619,19.67112214,8488.980,3361.360,21.99613637,19.66810177,730.3300,1078.9700,747.4300,1037.7400
1197,1,0.747611,44882.480,3155.060,21.99473224,19.68057121,8786.400,3363.600,21.99661936,19.67761716,730.7800,1209.4900,748.5500,1186.4500
1198,1,0.421284,42934.460,3156.840,21.99018921,19.61007403,6576.780,3371.940,21.99227608,19.60697386,731.6700,235.4800,752.7200,81.6400
1199,1,0.476454,46148.080,3158.580,21.99750829,19.72638143,10220.180,3363.040,21.99929164,19.72346583,732.5400,1842.2900,748.2700,1903.3400
1200,1,1.457053,45672.600,3160.680,21.99633690,19.70917750,9683.880,3364.640,21.99824985,19.70631905,733.5900,1604.5500,749.0700,1635.1900
1201,1,0.454679,43475.380,3162.120,21.99123401,19.62966087,7189.920,3376.400,21.99327662,19.62658981,734.3100,505.9400,754.9500,388.2100
1202,1,0.441103,43438.000,3163.280,21.99110458,19.62831034,7146.960,3377.700,21.99315789,19.62521859,734.8900,487.2500,755.6000,366.7300
1203,1,0.561611,43341.640,3163.360,21.99088016,19.62482314,7039.300,3377.580,21.99296224,19.62177558,734.9300,439.0700,755.5400,312.9000
1204,1,0.261861,45480.240,3164.440,21.99575379,19.70222324,9463.060,3370.920,21.99765038,19.69927002,735.4700,1508.3700,752.2100,1524.7800
1205,1,0.210061,45780.080,3164.800,21.99642926,19.71307544,9803.720,3370.480,21.99829443,19.71016286,735.6500,1658.2900,751.9900,1695.1100
1206,1,0.491698,43506.900,3164.840,21.99120436,19.63080698,7224.980,3379.320,21.99325341,19.62771674,735.6700,521.7000,756.4100,405.7400
1207,1,0.373676,44226.440,3165.620,21.99282848,19.65684935,8040.820,3377.040,21.99483225,19.65380137,736.0600,881.4700,755.2700,813.6600
1208,1,0.512435,44000.060,3167.380,21.99224225,19.64865992,7784.340,3380.720,21.99424633,19.64560685,736.9400,768.2800,757.1100,685.4200
1209,1,0.323201,45246.660,3168.340,21.99507070,19.69377746,9198.540,3377.340,21.99696598,19.69082382,737.4200,1391.5800,755.4200,1392.5200
1210,1,1.085681,45532.400,3169.400,21.99568751,19.70412075,9523.120,3374.860,21.99764200,19.70119842,737.9500,1534.4500,754.1800,1554.8100
1211,1,1.687689,44007.160,3169.780,21.99216850,19.64892162,7793.660,3379.320,21.99430589,19.64590213,738.1400,771.8300,756.4100,690.0800
1212,1,1.323699,45746.800,3172.180,21.99607584,19.71188558,9766.880,3377.100,21.99802520,19.70899786,739.3400,1641.6500,755.3000,1676.6900
1213,1,0.237182,46029.120,3173.220,21.99668554,19.72210507,10086.220,3379.420,21.99854577,19.71921437,739.8600,1782.8100,756.4600,1836.3600
1214,1,0.835612,45522.920,3173.360,21.99551712,19.70378548,9513.480,3381.780,21.99741416,19.70090381,739.9300,1529.7100,757.6400,1549.9900
1215,1,0.519289,42978.500,3174.100,21.98964268,19.61170197,6626.020,3392.120,21.99175926,19.60858833,740.3000,257.5000,762.8100,106.2600
1216,1,1.033636,46023.780,3174.420,21.99662824,19.72191418,10080.200,3383.160,21.99842097,19.71902925,740.4600,1780.1400,758.3300,1833.3500
1217,1,1.834031,43189.140,3175.000,21.99009293,19.61932701,6864.500,3395.080,21.99211116,19.61622035,740.7500,362.8200,764.2900,225.5000
1218,1,0.449202,45298.960,3177.140,21.99486064,19.69568762,9257.720,3385.900,21.99681592,19.69273320,741.8200,1417.7300,759.7000,1422.1100
1219,1,1.154730,46262.400,3177.320,21.99706772,19.73055579,10349.220,3385.680,21.99884214,19.72763702,741.9100,1899.4500,759.5900,1967.8600
1220,1,0.460228,46176.100,3177.760,21.99685290,19.72743338,10251.640,3384.660,21.99869261,19.72451457,742.1300,1856.3000,759.0800,1919.0700
1221,1,0.177149,45761.740,3178.100,21.99588801,19.71243797,9783.020,3386.340,21.99777449,19.70953224,742.3000,1649.1200,759.9200,1684.7600
1222,0,6.278251,44764.080,3178.100,21.99359555,19.67633171,8651.420,3377.180,21.99595817,19.67332756,742.3000,1150.2900,755.3400,1118.9600
1223,1,0.437842,45325.420,3180.260,21.99480436,19.69665140,9288.040,3391.200,21.99671127,19.69371324,743.3800,1430.9600,762.3500,1437.2700
1224,0,5.867170,44949.260,3182.480,21.99385669,19.68304220,8864.660,3382.960,21.99617774,19.68015802,744.4900,1242.8800,758.2300,1225.5800
1225,1,1.039431,43210.900,3183.480,21.98982470,19.62013127,6890.380,3403.380,21.99190880,19.61706434,744.9900,373.7000,768.4400,238.4400
1226,1,0.493920,45345.260,3186.140,21.99462929,19.69738104,9309.760,3396.400,21.99659373,19.69441808,746.3200,1440.8800,764.9500,1448.1300
1227,0,4.487256,43795.520,3187.180,21.99102921,19.64129653,7557.040,3395.620,21.99337573,19.63836763,746.8400,666.0100,764.5600,571.7700
1228,0,1318.272118,43437.080,3187.260,21.99020257,19.62832441,9650.540,2579.480,22.02202297,19.70370212,746.8800,486.7900,356.4900,1618.5200
1229,1,0.219648,43197.780,3187.560,21.98964144,19.61966450,6874.980,3406.520,21.99178566,19.61657807,747.0300,367.1400,770.0100,230.7400
1230,1,0.180758,44936.340,3187.800,21.99362736,19.68258512,8846.480,3400.740,21.99560544,19.67961177,747.1500,1236.4200,767.1200,1216.4900
1231,1,0.493685,45841.420,3189.340,21.99564930,19.71534386,9872.280,3398.600,21.99756726,19.71241083,747.9200,1688.9600,766.0500,1729.3900
1232,1,0.256660,45796.560,3189.780,21.99552970,19.71372121,9822.680,3400.060,21.99743120,19.71082759,748.1400,1666.5300,766.7800,1704.5900
1233,0,904.685410,45658.480,3189.900,21.99520792,19.70872420,7859.300,3505.200,21.99062312,19.64824981,748.2000,1597.4900,819.3500,722.9000
1234,1,0.579718,45582.780,3192.860,21.99492289,19.70599039,9580.100,3403.040,21.99689218,19.70307620,749.6800,1559.6400,768.2700,1583.3000
1235,1,2.680349,44343.460,3196.500,21.99193853,19.66114541,8173.180,3417.860,21.99384264,19.65811463,751.5000,939.9800,775.6800,879.8400
1236,1,0.399746,45333.120,3199.760,21.99409027,19.69696858,9296.860,3412.280,21.99608824,19.69403693,753.1300,1434.8100,772.8900,1441.6800
1237,1,0.983953,46159.920,3202.280,21.99589556,19.72689624,10234.540,3415.140,21.99773435,19.72402794,754.3900,1848.2100,774.3200,1910.5200
1238,1,0.414636,43890.660,3202.800,21.99066165,19.64477059,7661.540,3420.920,21.99280479,19.64175933,754.6500,713.5800,777.2100,624.0200
1239,1,0.355658,45191.380,3203.400,21.99362798,19.69184607,9136.280,3417.140,21.99564410,19.68891146,754.9500,1363.9400,775.3200,1361.3900
1240,1,1.938914,45016.180,3203.440,21.99322390,19.68550549,8937.820,3414.600,21.99535434,19.68256004,754.9700,1276.3400,774.0500,1262.1600
1241,1,0.300282,44647.560,3203.780,21.99236411,19.67216546,8518.820,3420.420,21.99440382,19.66917265,755.1400,1092.0300,776.9600,1052.6600
1242,1,1.297188,45685.160,3204.120,21.99473559,19.70971786,9696.020,3414.360,21.99676283,19.70680547,755.3100,1610.8300,773.9300,1641.2600
1243,1,0.622930,44206.840,3205.440,21.99128911,19.65621866,8018.320,3423.520,21.99338536,19.65317366,755.9700,871.6700,778.5100,802.4100
1244,1,0.478506,45763.640,3205.480,21.99486488,19.71256081,9785.900,3418.520,21.99680261,19.70968789,755.9900,1650.0700,776.0100,1686.2000
1245,1,0.478506,45763.640,3205.480,21.99486488,19.71256081,9785.900,3418.520,21.99680261,19.70968789,755.9900,1650.0700,776.0100,1686.2000
1246,1,1.227487,45678.020,3206.820,21.99461786,19.70946479,9688.360,3417.720,21.99664667,19.70656716,756.6600,1607.2600,775.6100,1637.4300
1247,1,0.456637,43705.020,3207.320,21.99006546,19.63806103,7451.120,3426.780,21.99223910,19.63504204,756.9100,620.7600,780.1400,518.8100
1248,1,0.456637,43705.020,3207.320,21.99006546,19.63806103,7451.120,3426.780,21.99223910,19.63504204,756.9100,620.7600,780.1400,518.8100
1249,0,1248.075401,42574.700,3207.940,21.98744490,19.59715490,8642.060,3095.260,22.00447750,19.67247142,757.2200,55.6000,614.3800,1114.2800
1250,1,0.548773,44162.660,3209.120,21.99104949,19.65462701,7968.400,3427.840,21.99316255,19.65158584,757.8100,849.5800,780.6700,777.4500
1251,1,0.564086,46155.080,3209.420,21.99561649,19.72673518,10228.860,3422.660,21.99749524,19.72386116,757.9600,1845.7900,778.0800,1907.6800
1252,1,0.670740,44427.340,3212.380,21.99153534,19.66421247,8268.860,3431.980,21.99359227,19.66120220,759.4400,981.9200,782.7400,927.6800
1253,1,0.759717,46228.300,3212.780,21.99565865,19.72939172,10310.940,3424.060,21.99760431,19.72648869,759.6400,1882.4000,778.7800,1948.7200
1254,1,1.350920,46287.540,3213.780,21.99575724,19.73153764,10379.640,3428.820,21.99758646,19.72869500,760.1400,1912.0200,781.1600,1983.0700
1255,1,0.456293,44217.540,3214.620,21.99096920,19.65662403,8030.840,3434.280,21.99308317,19.65359528,760.5600,877.0200,783.8900,808.6700
1256,1,0.456293,44217.540,3214.620,21.99096920,19.65662403,8030.840,3434.280,21.99308317,19.65359528,760.5600,877.0200,783.8900,808.6700
1257,1,0.456293,44217.540,3214.620,21.99096920,19.65662403,8030.840,3434.280,21.99308317,19.65359528,760.5600,877.0200,783.8900,808.6700
1258,1,0.730873,45567.700,3215.080,21.99405438,19.70548852,9563.980,3429.240,21.99606720,19.70261245,760.7900,1552.1000,781.3700,1575.2400
1259,1,0.472747,45598.140,3218.720,21.99398773,19.70659736,9597.740,3433.420,21.99600268,19.70370030,762.6100,1567.3200,783.4600,1592.1200
1260,0,429.228395,46022.800,3219.380,21.99493876,19.72196751,9221.960,3483.920,21.99377737,19.69178325,762.9400,1779.6500,808.7100,1404.2300
1261,1,0.515247,44720.540,3219.520,21.99194113,19.67483776,8601.180,3437.980,21.99402432,19.67184106,763.0100,1128.5200,785.7400,1093.8400
1262,1,0.348719,44762.560,3219.600,21.99203468,19.67635866,8649.860,3437.480,21.99412934,19.67339677,763.0500,1149.5300,785.4900,1118.1800
1263,1,0.474077,45289.540,3221.260,21.99318330,19.69543385,9246.580,3438.720,21.99519348,19.69248128,763.8800,1413.0200,786.1100,1416.5400
1264,1,0.231366,45353.780,3221.740,21.99331290,19.69775970,9320.740,3438.560,21.99533525,19.69485247,764.1200,1445.1400,786.0300,1453.6200
1265,1,0.633089,46052.160,3222.080,21.99490490,19.72303541,10113.180,3435.800,21.99688218,19.72018786,764.2900,1794.3300,784.6500,1849.8400
1266,1,0.198058,45667.120,3222.160,21.99401714,19.70910060,9675.280,3438.280,21.99599832,19.70618949,764.3300,1601.8100,785.8900,1630.8900
1267,1,0.993645,45311.980,3223.940,21.99313429,19.69625127,9273.400,3439.440,21.99522116,19.69334036,765.2200,1424.2400,786.4700,1429.9500
1268,1,0.234949,45848.120,3224.120,21.99435950,19.71565504,9881.340,3439.840,21.99633138,19.71278201,765.3100,1692.3100,786.6700,1733.9200
1269,1,0.657920,42920.620,3224.880,21.98760406,19.60970753,6561.760,3451.780,21.98984325,19.60665124,765.6900,228.5600,792.6400,74.1300
1270,1,0.515263,44859.840,3225.800,21.99202554,19.67989156,8761.020,3445.680,21.99408621,19.67696767,766.1500,1198.1700,789.5900,1173.7600
1271,1,0.302581,45304.080,3227.160,21.99299530,19.69597172,9263.760,3445.720,21.99501291,19.69304449,766.8300,1420.2900,789.6100,1425.1300
1272,1,0.302581,45304.080,3227.160,21.99299530,19.69597172,9263.760,3445.720,21.99501291,19.69304449,766.8300,1420.2900,789.6100,1425.1300
1273,1,0.562355,44374.380,3230.840,21.99072090,19.66233226,8209.480,3451.520,21.99289158,19.65934192,768.6700,955.4400,792.5100,897.9900
1274,1,0.775172,45835.620,3232.960,21.99399903,19.71522011,9867.940,3451.100,21.99596464,19.71237574,769.7300,1686.0600,792.3000,1727.2200
1275,1,0.662070,43888.600,3234.080,21.98948307,19.64475782,7657.960,3457.080,21.99170592,19.64171626,770.2900,712.5500,795.2900,622.2300
1276,1,1.083267,44854.840,3235.420,21.99165304,19.67972961,8753.880,3458.380,21.99368836,19.67676443,770.9600,1195.6700,795.9400,1170.1900
1277,1,1.090897,42975.420,3235.480,21.98733219,19.61171173,6622.660,3460.740,21.98968568,19.60861641,770.9900,255.9600,797.1200,104.5800
1278,1,0.803040,45847.560,3235.820,21.99391914,19.71565788,9879.120,3452.320,21.99594822,19.71273566,771.1600,1692.0300,792.9100,1732.8100
1279,1,1.068927,44183.880,3237.240,21.99004299,19.65545052,7992.580,3462.560,21.99215758,19.65242765,771.8700,860.1900,798.0300,789.5400
1280,1,1.293571,45734.180,3237.320,21.99360232,19.71155751,9753.320,3453.480,21.99568087,19.70871509,771.9100,1635.3400,793.4900,1669.9100
1281,1,0.200524,45872.480,3237.500,21.99391336,19.71656308,9908.180,3455.280,21.99591193,19.71367080,772.0000,1704.4900,794.3900,1747.3400
1282,1,0.900401,45299.540,3238.700,21.99255180,19.69583020,9259.760,3460.200,21.99456639,19.69294518,772.6000,1418.0200,796.8500,1423.1300
1283,1,2.764852,43208.460,3238.900,21.98773933,19.62015243,6890.120,3461.100,21.99016818,19.61717003,772.7000,372.4800,797.3000,238.3100
1284,1,0.513521,45693.440,3238.960,21.99344717,19.71008633,9706.400,3457.000,21.99548742,19.70722163,772.7300,1614.9700,795.2500,1646.4500
1285,1,0.360191,43726.400,3239.940,21.98889045,19.63889922,7475.340,3464.860,21.99113412,19.63589176,773.2200,631.4500,799.1800,530.9200
1286,1,0.360191,43726.400,3239.940,21.98889045,19.63889922,7475.340,3464.860,21.99113412,19.63589176,773.2200,631.4500,799.1800,530.9200
1287,1,0.066182,44875.900,3240.180,21.99152281,19.68050119,8778.460,3461.940,21.99362587,19.67755749,773.3400,1206.2000,797.7200,1182.4800
1288,1,0.616143,45338.160,3241.440,21.99253772,19.69723331,9303.760,3462.300,21.99458386,19.69435637,773.9700,1437.3300,797.9000,1445.1300
1289,1,0.897075,44682.760,3245.180,21.99089137,19.67352115,8559.300,3466.520,21.99308298,19.67055818,775.8400,1109.6300,800.0100,1072.9000
1290,1,1.337746,45498.860,3247.000,21.99269833,19.70306018,9485.400,3465.000,21.99483696,19.70017023,776.7500,1517.6800,799.2500,1535.9500
1291,1,0.447795,45700.800,3247.660,21.99313759,19.71036988,9714.720,3468.180,21.99516333,19.70750977,777.0800,1618.6500,800.8400,1650.6100
1292,1,1.137111,46113.100,3247.780,21.99408049,19.72529165,10181.440,3468.720,21.99600755,19.72243572,777.1400,1824.8000,801.1100,1883.9700
1293,1,0.384927,43264.840,3247.980,21.98752814,19.62221081,6951.980,3477.080,21.98980044,19.61917976,777.2400,400.6700,805.2900,269.2400
1294,1,0.237260,45593.500,3248.700,21.99285200,19.70648865,9592.540,3468.900,21.99491618,19.70360409,777.6000,1565.0000,801.2000,1589.5200
1295,1,0.536301,44703.400,3248.960,21.99079694,19.67427559,8582.420,3473.600,21.99291126,19.67131150,777.7300,1119.9500,803.5500,1084.4600
1296,1,1.636147,43463.060,3250.520,21.98788830,19.62938959,7174.600,3475.960,21.99024460,19.62629655,778.5100,499.7800,804.7300,380.5500
1297,1,0.723776,45307.000,3250.600,21.99212237,19.69612369,9265.960,3472.360,21.99420904,19.69316746,778.5500,1421.7500,802.9300,1426.2300
1298,1,0.686108,45709.200,3252.760,21.99296550,19.71068396,9724.300,3472.520,21.99504922,19.70782469,779.6300,1622.8500,803.0100,1655.4000
1299,1,0.671090,45376.940,3252.780,21.99220127,19.69865919,9347.240,3476.040,21.99424727,19.69577392,779.6400,1456.7200,804.7700,1466.8700
1300,1,1.293273,44814.340,3253.900,21.99086648,19.67830038,8711.320,3477.800,21.99302170,19.67544179,780.2000,1175.4200,805.6500,1148.9100
1301,1,0.806260,45050.400,3254.660,21.99138039,19.68684511,8975.620,3479.500,21.99345736,19.68389700,780.5800,1293.4500,806.5000,1281.0600
1302,1,0.110205,43683.920,3255.700,21.98820141,19.63739296,7426.860,3484.220,21.99046026,19.63437969,781.1000,610.2100,808.8600,506.6800
1303,1,1.148215,46158.560,3255.820,21.99388323,19.72695277,10234.040,3473.580,21.99595680,19.72412738,781.1600,1847.5300,803.5400,1910.2700
1304,1,1.385444,45845.020,3256.900,21.99312223,19.71560759,9880.300,3477.660,21.99518072,19.71282345,781.7000,1690.7600,805.5800,1733.4000
1305,1,0.315356,44712.840,3257.740,21.99048914,19.67463458,8593.100,3482.580,21.99265906,19.67167077,782.1200,1124.6700,808.0400,1089.8000
1306,1,0.461338,45877.880,3257.880,21.99316096,19.71679876,9915.520,3479.640,21.99518549,19.71395363,782.1900,1707.1900,806.5700,1751.0100
1307,1,0.195706,45517.440,3258.060,21.99232598,19.70375445,9506.460,3480.380,21.99440908,19.70087407,782.2800,1526.9700,806.9400,1546.4800
1308,1,0.740073,45605.620,3259.320,21.99248132,19.70694826,9607.040,3480.520,21.99459021,19.70409072,782.9100,1571.0600,807.0100,1596.7700
1309,1,2.211773,45620.240,3259.640,21.99250290,19.70747800,9624.480,3477.940,21.99470067,19.70464333,783.0700,1578.3700,805.7200,1605.4900
1310,1,0.389932,43302.280,3260.580,21.98714133,19.62359068,6994.080,3491.780,21.98943476,19.62055508,783.5400,419.3900,812.6400,290.2900
1311,1,0.641635,45496.580,3261.960,21.99213169,19.70300721,9481.520,3484.220,21.99424659,19.70008412,784.2300,1516.5400,808.8600,1534.0100
1312,1,0.739862,44121.120,3262.040,21.98896810,19.65322816,7924.080,3490.380,21.99119035,19.65029209,784.2700,828.8100,811.9400,755.2900
1313,1,0.396608,45692.980,3262.300,21.99257022,19.71011578,9705.880,3484.480,21.99465215,19.70725927,784.4000,1614.7400,808.9900,1646.1900
1314,1,0.770823,46104.980,3262.980,21.99349142,19.72502780,10173.200,3485.520,21.99548170,19.72220540,784.7400,1820.7400,809.5100,1879.8500
1315,1,0.573074,45875.320,3265.200,21.99288038,19.71672057,9912.940,3487.000,21.99495717,19.71388567,785.8500,1705.9100,810.2500,1749.7200
1316,1,0.423489,45052.520,3266.440,21.99094319,19.68694510,8978.320,3492.460,21.99306957,19.68400894,786.4700,1294.5100,812.9800,1282.4100
1317,1,0.328183,45709.760,3267.240,21.99242340,19.71073282,9724.880,3490.500,21.99450438,19.70787875,786.8700,1623.1300,812.0000,1655.6900
1318,1,0.623956,43441.700,3268.640,21.98715923,19.62865234,7152.040,3501.160,21.98944278,19.62562489,787.5700,489.1000,817.3300,369.2700
1319,0,3.109012,44715.700,3269.600,21.99005064,19.67476151,8597.720,3490.520,21.99242718,19.67183419,788.0500,1126.1000,812.0100,1092.1100
1320,1,1.683002,46259.620,3271.980,21.99350901,19.73064214,10347.080,3490.900,21.99563851,19.72777641,789.2400,1898.0600,812.2000,1966.7900
1321,1,0.199081,45231.200,3272.440,21.99112860,19.69342355,9181.700,3498.620,21.99325746,19.69052484,789.4700,1383.8500,816.0600,1384.1000
1322,1,0.199081,45231.200,3272.440,21.99112860,19.69342355,9181.700,3498.620,21.99325746,19.69052484,789.4700,1383.8500,816.0600,1384.1000
1323,1,0.629369,44177.100,3272.700,21.98869669,19.65527519,7986.580,3503.360,21.99091310,19.65231636,789.6000,856.8000,818.4300,786.5400
1324,1,1.504071,45157.700,3273.140,21.99093344,19.69076490,9095.420,3498.220,21.99311068,19.68776497,789.8200,1347.1000,815.8600,1340.9600
1325,1,1.676953,44194.980,3273.260,21.98871677,19.65592339,8006.500,3506.100,21.99086694,19.65295878,789.8800,865.7400,819.8000,796.5000
1326,1,0.746506,45705.520,3273.340,21.99218474,19.71059142,9720.240,3498.940,21.99423958,19.70774704,789.9200,1621.0100,816.2200,1653.3700
1327,1,2.120954,43407.440,3273.920,21.98688236,19.62742287,7113.120,3501.980,21.98934638,19.62438192,790.2100,471.9700,817.7400,349.8100
1328,1,0.761157,45618.080,3274.120,21.99195455,19.70742843,9621.580,3498.060,21.99408459,19.70459033,790.3100,1577.2900,815.7800,1604.0400
1329,1,0.453841,43687.600,3274.700,21.98749685,19.63756367,7431.760,3505.500,21.98982687,19.63457842,790.6000,612.0500,819.5000,509.1300
1330,1,1.196791,45244.740,3275.120,21.99105914,19.69391887,9195.980,3503.520,21.99313518,19.69099117,790.8100,1390.6200,818.5100,1391.2400
1331,1,1.443176,43259.640,3276.100,21.98646093,19.62207815,6947.960,3511.220,21.98876364,19.61911864,791.3000,398.0700,822.3600,267.2300
1332,1,0.259584,44996.620,3276.580,21.99043421,19.68494206,8915.300,3503.440,21.99262077,19.68201536,791.5400,1266.5600,818.4700,1250.9000
1333,1,0.548831,43916.720,3276.580,21.98795278,19.64585945,7692.040,3507.320,21.99025112,19.64290531,791.5400,726.6100,820.4100,639.2700
1334,1,0.548831,43916.720,3276.580,21.98795278,19.64585945,7692.040,3507.320,21.99025112,19.64290531,791.5400,726.6100,820.4100,639.2700
1335,1,0.806127,46112.820,3277.360,21.99296979,19.72533994,10180.500,3502.340,21.99498388,19.72247206,791.9300,1824.6600,817.9200,1883.5000
1336,1,0.806127,46112.820,3277.360,21.99296979,19.72533994,10180.500,3502.340,21.99498388,19.72247206,791.9300,1824.6600,817.9200,1883.5000
1337,1,0.719369,45560.500,3277.720,21.99168714,19.70535166,9556.280,3502.580,21.99382714,19.70251108,792.1100,1548.5000,818.0400,1571.3900
1338,1,0.331071,45811.160,3278.320,21.99224060,19.71442447,9839.360,3503.780,21.99431196,19.71156585,792.4100,1673.8300,818.6400,1712.9300
1339,1,0.121377,45827.840,3278.600,21.99226842,19.71502869,9858.380,3503.240,21.99436339,19.71217301,792.5500,1682.1700,818.3700,1722.4400
1340,1,0.567458,45544.800,3278.600,21.99161804,19.70478520,9537.400,3503.240,21.99377235,19.70190863,792.5500,1540.6500,818.3700,1561.9500
1341,1,0.093371,44988.160,3279.500,21.99030519,19.68464165,8905.840,3507.220,21.99248882,19.68172031,793.0000,1262.3300,820.3600,1246.1700
1342,1,0.598221,45748.880,3281.580,21.99197515,19.71217694,9769.780,3506.700,21.99409518,19.70934657,794.0400,1642.6900,820.1000,1678.1400
1343,1,0.219901,45861.060,3281.600,21.99223217,19.71623688,9895.660,3506.400,21.99433605,19.71337140,794.0500,1698.7800,819.9500,1741.0800
1344,1,0.219901,45861.060,3281.600,21.99223217,19.71623688,9895.660,3506.400,21.99433605,19.71337140,794.0500,1698.7800,819.9500,1741.0800
1345,1,1.303731,45582.520,3283.060,21.99153734,19.70615913,9581.700,3507.440,21.99372644,19.70333356,794.7800,1559.5100,820.4700,1584.1000
1346,1,1.138986,43278.720,3283.420,21.98623007,19.62278313,6969.780,3517.460,21.98861564,19.61982873,794.9600,407.6100,825.4800,278.1400
1347,1,0.789355,45540.500,3284.360,21.99139200,19.70464096,9532.400,3509.520,21.99357255,19.70176114,795.4300,1538.5000,821.5100,1559.4500
1348,1,2.769044,43796.640,3284.680,21.98737288,19.64152964,7556.760,3512.240,21.98985349,19.63858901,795.5900,666.5700,822.8700,571.6300
1349,1,0.415624,45163.320,3284.740,21.99051104,19.69099121,9104.980,3513.600,21.99266204,19.68810106,795.6200,1349.9100,823.5500,1345.7400
1350,1,0.671616,45002.100,3286.320,21.99008129,19.68515962,8921.480,3516.520,21.99223581,19.68223882,796.4100,1269.3000,825.0100,1253.9900
1351,1,0.126625,45869.440,3286.600,21.99206379,19.71655003,9905.160,3512.620,21.99416460,19.71368748,796.5500,1702.9700,823.0600,1745.8300
1352,1,0.126625,45869.440,3286.600,21.99206379,19.71655003,9905.160,3512.620,21.99416460,19.71368748,796.5500,1702.9700,823.0600,1745.8300
1353,1,1.444664,44771.200,3286.640,21.98953871,19.67680376,8660.060,3519.280,21.99167113,19.67388452,796.5700,1153.8500,826.3900,1123.2800
1354,1,0.180226,43970.480,3286.820,21.98769203,19.64782530,7751.980,3518.980,21.99000919,19.64484512,796.6600,753.4900,826.2400,669.2400
1355,1,0.346035,44186.860,3286.900,21.98818624,19.65565646,7996.840,3519.140,21.99045494,19.65267563,796.7000,861.6800,826.3200,791.6700
1356,1,0.081710,45670.380,3287.280,21.99158086,19.70934721,9679.540,3513.980,21.99370802,19.70647523,796.8900,1603.4400,823.7400,1633.0200
1357,1,0.461682,43185.980,3287.420,21.98586686,19.61943469,6861.500,3523.020,21.98824876,19.61637711,796.9600,361.2400,828.2600,224.0000
1358,1,0.233553,45689.220,3288.240,21.99158813,19.71003094,9700.640,3515.340,21.99370557,19.70715266,797.3700,1612.8600,824.4200,1643.5700
1359,1,1.776331,44298.700,3288.960,21.98836592,19.65970812,8123.380,3517.260,21.99074464,19.65671844,797.7300,917.6000,825.3800,854.9400
1360,1,0.263955,45257.020,3289.160,21.99056048,19.69439103,9211.080,3518.180,21.99271844,19.69150300,797.8300,1396.7600,825.8400,1398.7900
1361,1,0.838252,44269.460,3289.860,21.98826496,19.65865168,8092.380,3520.840,21.99057934,19.65573419,798.1800,902.9800,827.1700,839.4400
1362,1,0.556035,45237.020,3291.880,21.99041245,19.69367258,9188.480,3519.820,21.99262712,19.69078353,799.1900,1386.7600,826.6600,1387.4900
1363,1,0.704403,45114.860,3292.120,21.99012274,19.68925197,9048.880,3522.720,21.99228234,19.68632509,799.3100,1325.6800,828.1100,1317.6900
1364,1,0.303879,45199.020,3292.200,21.99031312,19.69229796,9145.760,3521.620,21.99249394,19.68942097,799.3500,1367.7600,827.5600,1366.1300
1365,1,2.517972,43664.140,3293.460,21.98673893,19.63675168,7407.200,3523.800,21.98922923,19.63382918,799.9800,600.3200,828.6500,496.8500
1366,1,0.589701,43841.740,3293.860,21.98713202,19.64317998,7607.220,3528.060,21.98946857,19.64023388,800.1800,689.1200,830.7800,596.8600
1367,1,1.659906,45634.320,3293.880,21.99125033,19.70805520,9641.860,3520.540,21.99343953,19.70528325,800.1900,1585.4100,827.0200,1614.1800
1368,1,0.718444,45275.180,3294.540,21.99040031,19.69505888,9231.920,3525.280,21.99254148,19.69218345,800.5200,1405.8400,829.3900,1409.2100
1369,1,0.773406,45839.560,3294.560,21.99169642,19.71548437,9871.720,3523.520,21.99377198,19.71263965,800.5300,1688.0300,828.5100,1729.1100
1370,1,0.605763,45131.540,3295.240,21.99004398,19.68986180,9067.540,3525.600,21.99222937,19.68692750,800.8700,1334.0200,829.5500,1327.0200
1371,1,0.737419,43072.400,3297.920,21.98521184,19.61534486,6733.380,3536.820,21.98759716,19.61230731,802.2100,304.4500,835.1600,159.9400
1372,1,0.737419,43072.400,3297.920,21.98521184,19.61534486,6733.380,3536.820,21.98759716,19.61230731,802.2100,304.4500,835.1600,159.9400
1373,1,0.826399,45849.060,3298.400,21.99157414,19.71583577,9882.820,3524.840,21.99375230,19.71299722,802.4500,1692.7800,829.1700,1734.6600
1374,1,0.638740,45284.860,3299.860,21.99022291,19.69541972,9242.280,3528.820,21.99245319,19.69252173,803.1800,1410.6800,831.1600,1414.3900
1375,1,0.602538,43683.680,3300.340,21.98652564,19.63747244,7425.640,3535.980,21.98889546,19.63444291,803.4200,610.0900,834.7400,506.0700
1376,1,0.706606,43727.660,3300.360,21.98662595,19.63906416,7476.100,3534.700,21.98902690,19.63605401,803.4300,632.0800,834.1000,531.3000
1377,1,1.621967,45220.240,3300.740,21.99004140,19.69308280,9166.800,3533.380,21.99217609,19.69011702,803.6200,1378.3700,833.4400,1376.6500
1378,1,0.166920,45303.520,3300.820,21.99022976,19.69609694,9264.020,3531.300,21.99241797,19.69322184,803.6600,1420.0100,832.4000,1425.2600
1379,1,0.337862,45870.520,3301.300,21.99151462,19.71661815,9906.500,3530.380,21.99362759,19.71376541,803.9000,1703.5100,831.9400,1746.5000
1380,1,0.446975,43632.440,3303.080,21.98630508,19.63562343,7368.740,3538.580,21.98871235,19.63262849,804.7900,584.4700,836.0400,477.6200
1381,1,0.065063,44153.380,3303.240,21.98749611,19.65447706,7959.380,3537.940,21.98981770,19.65151485,804.8700,844.9400,835.7200,772.9400
1382,1,0.564287,45235.540,3303.440,21.98997523,19.69364185,9187.780,3534.240,21.99218860,19.69078962,804.9700,1386.0200,833.8700,1387.1400
1383,1,0.524417,45725.500,3304.360,21.99106656,19.71137579,9742.320,3532.760,21.99325334,19.70851992,805.4300,1631.0000,833.1300,1664.4100
1384,1,0.253889,43831.400,3304.600,21.98670522,19.64282698,7594.880,3540.640,21.98906594,19.63986412,805.5500,683.9500,837.0700,590.6900
1385,1,0.331718,45862.720,3305.680,21.99133233,19.71634452,9897.440,3534.400,21.99348881,19.71348362,806.0900,1699.6100,833.9500,1741.9700
1386,1,0.306756,45192.840,3306.640,21.98975703,19.69210282,9138.860,3538.160,21.99197979,19.68923299,806.5700,1364.6700,835.8300,1362.6800
1387,1,0.306756,45192.840,3306.640,21.98975703,19.69210282,9138.860,3538.160,21.99197979,19.68923299,806.5700,1364.6700,835.8300,1362.6800
1388,1,0.600490,46154.160,3308.080,21.99191195,19.72689675,10228.300,3537.880,21.99399147,19.72407082,807.2900,1845.3300,835.6900,1907.4000
1389,1,0.285939,45268.680,3308.420,21.98986450,19.69485106,9224.600,3539.640,21.99209256,19.69197773,807.4600,1402.5900,836.5700,1405.5500
1390,1,0.996686,46251.600,3308.560,21.99211784,19.73042414,10338.780,3538.900,21.99416360,19.72760579,807.5300,1894.0500,836.2000,1962.6400
1391,1,1.079128,46273.860,3310.920,21.99208042,19.73123441,10362.660,3541.140,21.99413939,19.72837386,808.7100,1905.1800,837.3200,1974.5800
1392,1,0.521714,44096.720,3312.140,21.98703192,19.65244406,7894.840,3549.400,21.98935266,19.64947361,809.3200,816.6100,841.4500,740.6700
1393,1,0.865168,43904.400,3312.220,21.98658700,19.64548397,7677.720,3547.560,21.98900921,19.64252686,809.3600,720.4500,840.5300,632.1100
1394,1,0.657279,44160.080,3312.820,21.98715200,19.65473846,7965.840,3549.180,21.98948980,19.65174363,809.6600,848.2900,841.3400,776.1700
1395,1,0.644764,45414.120,3313.060,21.99002457,19.70012383,9390.420,3545.520,21.99221905,19.69729198,809.7800,1475.3100,839.5100,1488.4600
1396,1,0.185695,44760.840,3313.120,21.98852119,19.67648113,8648.360,3547.700,21.99078901,19.67356650,809.8100,1148.6700,840.6000,1117.4300
1397,1,0.755655,45738.380,3313.360,21.99075841,19.71185970,9757.480,3545.680,21.99288891,19.70903023,809.9300,1637.4400,839.5900,1671.9900
1398,1,0.681707,45719.480,3313.880,21.99069547,19.71117672,9736.120,3543.720,21.99290916,19.70834330,810.1900,1627.9900,838.6100,1661.3100
1399,1,0.743703,45941.680,3315.480,21.99114600,19.71922151,9988.240,3544.760,21.99334103,19.71640771,810.9900,1739.0900,839.1300,1787.3700
1400,1,0.542980,43639.760,3316.340,21.98582429,19.63591454,7377.420,3553.880,21.98826649,19.63293628,811.4200,588.1300,843.6900,481.9600
1401,1,0.422678,46029.500,3318.900,21.99121946,19.72240655,10087.180,3550.580,21.99334604,19.71958313,812.7000,1783.0000,842.0400,1836.8400
1402,1,0.619037,44777.280,3319.500,21.98831954,19.67708871,8666.200,3553.860,21.99063527,19.67414916,813.0000,1156.8900,843.6800,1126.3500
1403,1,0.321748,45191.720,3321.760,21.98918705,19.69209215,9137.160,3556.580,21.99141820,19.68921501,814.1300,1364.1100,845.0400,1361.8300
1404,1,1.311531,46048.260,3322.280,21.99113572,19.72309217,10108.040,3551.020,21.99337100,19.72025107,814.3900,1792.3800,842.2600,1847.2700
1405,1,0.772441,43899.860,3323.440,21.98615551,19.64534182,7672.480,3560.820,21.98859903,19.64238549,814.9700,718.1800,847.1600,629.4900
1406,1,2.253394,46324.900,3323.500,21.99172561,19.73310645,10417.620,3553.720,21.99385781,19.73015623,815.0000,1930.7000,843.6100,2002.0600
1407,1,0.212183,45241.220,3323.880,21.98922123,19.69388779,9192.800,3558.300,21.99146828,19.69099768,815.1900,1388.8600,845.9000,1389.6500
1408,1,0.133038,43689.180,3324.060,21.98564814,19.63771834,7433.440,3563.900,21.98806693,19.63474749,815.2800,612.8400,848.7000,509.9700
1409,1,0.183496,45827.580,3324.200,21.99055658,19.71510934,9857.800,3556.520,21.99274408,19.71225970,815.3500,1682.0400,845.0100,1722.1500
1410,1,0.167508,45881.760,3324.740,21.99066081,19.71707124,9919.880,3557.240,21.99283627,19.71424633,815.6200,1709.1300,845.3700,1753.1900
1411,1,1.265183,46254.680,3325.200,21.99150046,19.73056847,10340.940,3558.320,21.99357703,19.72771322,815.8500,1895.5900,845.9100,1963.7200
1412,1,0.193725,43653.220,3325.280,21.98551973,19.63641932,7392.820,3565.380,21.98794765,19.63345146,815.8900,594.8600,849.4400,489.6600
1413,1,0.706328,46002.380,3325.580,21.99090646,19.72143825,10056.400,3559.040,21.99303240,19.71861555,816.0400,1769.4400,846.2700,1821.4500
1414,1,0.530380,44167.480,3325.600,21.98668940,19.65503151,7975.480,3564.980,21.98902989,19.65208311,816.0500,851.9900,849.2400,780.9900
1415,1,2.113668,44750.100,3326.160,21.98800715,19.67611819,8635.900,3558.380,21.99044272,19.67318915,816.3300,1143.3000,845.9400,1111.2000
1416,1,0.185446,44525.640,3326.440,21.98748087,19.66799532,8381.400,3563.640,21.98981599,19.66506107,816.4700,1031.0700,848.5700,983.9500
1417,1,0.602904,45606.900,3326.940,21.98994667,19.70712814,9608.440,3559.480,21.99219607,19.70429145,816.7200,1571.7000,846.4900,1597.4700
1418,1,0.350109,45135.680,3327.540,21.98884137,19.69007542,9074.120,3562.460,21.99112414,19.68721071,817.0200,1336.0900,847.9800,1330.3100
1419,1,0.527278,46300.040,3327.660,21.99151237,19.73221496,10393.500,3558.080,21.99368089,19.72939352,817.0800,1918.2700,845.7900,1990.0000
1420,1,0.222120,45224.500,3328.020,21.98902745,19.69329085,9173.960,3563.440,21.99127782,19.69040536,817.2600,1380.5000,848.4700,1380.2300
1421,1,0.349785,45371.480,3328.360,21.98935243,19.69861087,9341.220,3563.680,21.99157776,19.69575451,817.4300,1453.9900,848.5900,1463.8600
1422,1,0.546221,45271.200,3328.480,21.98911749,19.69498188,9228.120,3562.860,21.99139489,19.69213616,817.4900,1403.8500,848.1800,1407.3100
1423,1,0.316165,44621.340,3328.520,21.98762272,19.67146291,8489.680,3565.680,21.98995313,19.66852771,817.5100,1078.9200,849.5900,1038.0900
1424,1,0.319793,43681.740,3329.560,21.98542464,19.63745994,7425.340,3570.560,21.98785100,19.63450162,818.0300,609.1200,852.0300,505.9200
1425,1,0.631618,44174.700,3329.680,21.98655288,19.65530087,7982.900,3567.800,21.98895827,19.65232596,818.0900,855.6000,850.6500,784.7000
1426,1,0.515433,45713.820,3329.760,21.99008653,19.71100324,9729.740,3564.360,21.99227075,19.70818005,818.1300,1625.1600,848.9300,1658.1200
1427,1,0.515433,45713.820,3329.760,21.99008653,19.71100324,9729.740,3564.360,21.99227075,19.70818005,818.1300,1625.1600,848.9300,1658.1200
1428,1,0.337774,43667.540,3330.320,21.98536349,19.63694753,7409.260,3570.760,21.98781543,19.63398780,818.4100,602.0200,852.1300,497.8800
1429,1,0.761835,44870.780,3331.420,21.98808706,19.68049610,8772.800,3566.840,21.99043798,19.67758368,818.9600,1203.6400,850.1700,1179.6500
1430,1,0.408735,46008.540,3332.400,21.99066468,19.72167466,10063.900,3566.220,21.99282799,19.71886957,819.4500,1772.5200,849.8600,1825.2000
1431,0,555.306183,44520.320,3333.220,21.98721422,19.66781618,7383.200,3073.360,22.00278169,19.63217203,819.8600,1028.4100,603.4300,484.8500
1432,1,0.718336,45839.940,3333.420,21.99023898,19.71557488,9871.780,3568.700,21.99239982,19.71273081,819.9600,1688.2200,851.1000,1729.1400
1433,1,0.096943,43990.100,3333.600,21.98598160,19.64862776,7774.320,3573.820,21.98839332,19.64566783,820.0500,763.3000,853.6600,680.4100
1434,1,0.313964,45296.540,3334.620,21.98894531,19.69591108,9256.520,3570.220,21.99122385,19.69305887,820.5600,1416.5200,851.8600,1421.5100
1435,1,0.534949,44882.940,3335.260,21.98797090,19.68094377,8786.580,3573.740,21.99025428,19.67803797,820.8800,1209.7200,853.6200,1186.5400
1436,1,0.905160,44709.000,3336.040,21.98754194,19.67465026,8590.520,3572.620,21.98992821,19.67176610,821.2700,1122.7500,853.0600,1088.5100
1437,1,0.905160,44709.000,3336.040,21.98754194,19.67465026,8590.520,3572.620,21.98992821,19.67176610,821.2700,1122.7500,853.0600,1088.5100
1438,1,0.533251,43633.180,3336.460,21.98505412,19.63571614,7369.500,3579.460,21.98747982,19.63273353,821.4800,584.8400,856.4800,478.0000
1439,1,0.546961,45688.200,3336.860,21.98976122,19.71009006,9700.220,3572.960,21.99195543,19.70725303,821.6800,1612.3500,853.2300,1643.3600
1440,1,0.642721,45701.340,3337.220,21.98977790,19.71056632,9716.060,3571.420,21.99203127,19.70775653,821.8600,1618.9200,852.4600,1651.2800
1441,1,0.127312,45722.160,3337.900,21.98980022,19.71132115,9738.940,3572.980,21.99202591,19.70849127,822.2000,1629.3300,853.2400,1662.7200
1442,1,1.382816,43214.800,3338.080,21.98403196,19.62057777,6893.400,3583.720,21.98647746,19.61751710,822.2900,375.6500,858.6100,239.9500
1443,1,0.403426,45359.180,3338.500,21.98894364,19.69818575,9327.080,3574.100,21.99123573,19.69532292,822.5000,1447.8400,853.8000,1456.7900
1444,1,0.965994,44166.060,3340.780,21.98611648,19.65501010,7973.980,3579.720,21.98858154,19.65206426,823.6400,851.2800,856.6100,780.2400
1445,1,0.982839,43503.420,3342.180,21.98454130,19.63103130,7223.200,3587.440,21.98697049,19.62807088,824.3400,519.9600,860.4700,404.8500
1446,1,0.368578,43325.780,3342.860,21.98410759,19.62460368,7020.840,3586.320,21.98663294,19.62159755,824.6800,431.1400,859.9100,303.6700
1447,1,0.248384,45227.000,3343.540,21.98845077,19.69341198,9177.700,3581.300,21.99074316,19.69056023,825.0200,1381.7500,857.4000,1382.1000
1448,1,0.412493,45301.120,3344.720,21.98857681,19.69609679,9261.620,3581.620,21.99088748,19.69324448,825.6100,1418.8100,857.5600,1424.0600
1449,1,0.670957,45118.800,3345.120,21.98814285,19.68949924,9053.340,3584.100,21.99043003,19.68658895,825.8100,1327.6500,858.8000,1319.9200
1450,1,0.827654,43666.360,3345.420,21.98479412,19.63693465,7407.900,3587.180,21.98731727,19.63397674,825.9600,601.4300,860.3400,497.2000
1451,1,0.983463,44015.020,3345.440,21.98559454,19.64955303,7804.760,3588.000,21.98802073,19.64666925,825.9700,775.7600,860.7500,695.6300
1452,1,0.477422,43551.600,3345.640,21.98452217,19.63278181,7278.040,3588.800,21.98703008,19.62982725,826.0700,544.0500,861.1500,432.2700
1453,1,0.157980,45185.160,3345.720,21.98827282,19.69190206,9129.840,3583.620,21.99058498,19.68903434,826.1100,1360.8300,858.5600,1358.1700
1454,1,0.173727,46017.160,3345.780,21.99018237,19.72201305,10073.160,3580.820,21.99240132,19.71919453,826.1400,1776.8300,857.1600,1829.8300
1455,1,0.290047,45363.700,3345.800,21.98868007,19.69836375,9332.760,3583.160,21.99097134,19.69552245,826.1500,1450.1000,858.3300,1459.6300
1456,1,0.528153,45166.020,3346.120,21.98821383,19.69121015,9107.200,3585.060,21.99049977,19.68831319,826.3100,1351.2600,859.2800,1346.8500
1457,0,841.180852,46210.200,3346.620,21.99059442,19.72900101,8610.200,3617.680,21.98860002,19.67248443,826.5600,1873.3500,875.5900,1098.3500
1458,1,0.925261,45236.760,3346.640,21.98835686,19.69377133,9189.840,3585.840,21.99062778,19.69095742,826.5700,1386.6300,859.6700,1388.1700
1459,1,0.925261,45236.760,3346.640,21.98835686,19.69377133,9189.840,3585.840,21.99062778,19.69095742,826.5700,1386.6300,859.6700,1388.1700
1460,1,0.119707,45139.860,3346.960,21.98812219,19.69026506,9078.340,3585.760,21.99042559,19.68739168,826.7300,1338.1800,859.6300,1332.4200
1461,1,0.372919,44423.240,3347.060,21.98647177,19.66433010,8265.020,3588.040,21.98886407,19.66138764,826.7800,979.8700,860.7700,925.7600
1462,1,0.253464,45277.700,3347.340,21.98842467,19.69525437,9234.240,3585.660,21.99071472,19.69237689,826.9200,1407.1000,859.5800,1410.3700
1463,1,0.536477,45848.540,3348.160,21.98970559,19.71591523,9882.080,3585.580,21.99190601,19.71309352,827.3300,1692.5200,859.5400,1734.2900
1464,1,0.329659,45307.500,3349.660,21.98840608,19.69633744,9269.160,3587.920,21.99071026,19.69349804,828.0800,1422.0000,860.7100,1427.8300
1465,1,0.319815,43557.560,3350.400,21.98435723,19.63300691,7284.060,3594.320,21.98687455,19.63003066,828.4500,547.0300,863.9100,435.2800
1466,1,0.192040,45271.120,3351.480,21.98825419,19.69502441,9227.520,3590.660,21.99055076,19.69217188,828.9900,1403.8100,862.0800,1407.0100
1467,1,0.466671,43308.740,3351.860,21.98373069,19.62400476,7001.020,3597.420,21.98626184,19.62098566,829.1800,422.6200,865.4600,293.7600
1468,1,1.063788,45103.700,3352.380,21.98783571,19.68896710,9035.440,3591.240,21.99018076,19.68603064,829.4400,1320.1000,862.3700,1310.9700
1469,1,0.186041,45079.240,3353.140,21.98775098,19.68808337,9009.340,3593.040,21.99007832,19.68519956,829.8200,1307.8700,863.2700,1297.9200
1470,1,0.648753,43756.400,3353.240,21.98470756,19.64020873,7509.440,3598.880,21.98715031,19.63724692,829.8700,646.4500,866.1900,547.9700
1471,1,0.260750,44001.600,3353.320,21.98526798,19.64908291,7788.180,3596.880,21.98772199,19.64615659,829.9100,769.0500,865.1900,687.3400
1472,1,0.381259,43214.740,3353.400,21.98345691,19.62060586,6894.720,3599.220,21.98601259,19.61758993,829.9500,375.6200,866.3600,240.6100
1473,1,0.913117,45188.160,3353.640,21.98798250,19.69202627,9135.040,3593.020,21.99030953,19.68921919,830.0700,1362.3300,863.2600,1360.7700
1474,1,0.186242,43541.020,3353.640,21.98419764,19.63241471,7265.040,3598.980,21.98669904,19.62943164,830.0700,538.7600,866.2400,425.7700
1475,1,0.461656,45248.280,3353.920,21.98811014,19.69420263,9201.380,3592.360,21.99045125,19.69133932,830.2100,1392.3900,862.9300,1393.9400
1476,1,1.938757,43167.380,3354.660,21.98330080,19.61889434,6844.460,3598.580,21.98593970,19.61598144,830.5800,351.9400,866.0400,215.4800
1477,1,0.250472,45169.560,3355.060,21.98788647,19.69135593,9112.340,3595.340,21.99019756,19.68849787,830.7800,1353.0300,864.4200,1349.4200
1478,1,0.357157,42998.540,3355.280,21.98288956,19.61278509,6650.180,3603.280,21.98544175,19.60977799,830.8900,267.5200,868.3900,118.3400
1479,1,0.267611,45291.360,3356.300,21.98811981,19.69576643,9249.740,3595.800,21.99043565,19.69289259,831.4000,1413.9300,864.6500,1418.1200
1480,1,0.267611,45291.360,3356.300,21.98811981,19.69576643,9249.740,3595.800,21.99043565,19.69289259,831.4000,1413.9300,864.6500,1418.1200
1481,1,0.916358,46292.760,3356.780,21.99040286,19.73200900,10384.020,3593.080,21.99259905,19.72915950,831.6400,1914.6300,863.2900,1985.2600
1482,1,0.295660,46094.500,3357.380,21.98992477,19.72483497,10160.600,3594.020,21.99216060,19.72201678,831.9400,1815.5000,863.7600,1873.5500
1483,1,0.456437,45121.340,3358.620,21.98764207,19.68961783,9056.840,3599.860,21.98995874,19.68673200,832.5600,1328.9200,866.6800,1321.6700
1484,1,0.268747,44417.180,3358.700,21.98602102,19.66413377,8258.420,3601.720,21.98843813,19.66120360,832.6000,976.8400,867.6100,922.4600
1485,1,1.804355,46355.660,3359.500,21.99044532,19.73429078,10457.280,3592.400,21.99275413,19.73150088,833.0000,1946.0800,862.9500,2021.8900
1486,1,0.316519,45343.160,3360.860,21.98806772,19.69765013,9309.280,3601.640,21.99036774,19.69480810,833.6800,1439.8300,867.5700,1447.8900
1487,1,0.293955,45452.400,3361.060,21.98831123,19.70160403,9432.480,3601.320,21.99060338,19.69874719,833.7800,1494.4500,867.4100,1509.4900
1488,0,4.275507,43853.320,3363.760,21.98453548,19.64373713,7616.200,3601.680,21.98726156,19.64066645,835.1300,694.9100,867.5900,601.3500
1489,1,0.177254,45132.020,3363.940,21.98746697,19.69001486,9069.500,3605.040,21.98982494,19.68714708,835.2200,1334.2600,869.2700,1328.0000
1490,1,0.843313,45956.200,3364.440,21.98934204,19.71984370,10003.940,3604.800,21.99154567,19.71702836,835.4700,1746.3500,869.1500,1795.2200
1491,1,0.249250,46322.640,3364.660,21.99017580,19.73310595,10419.820,3602.640,21.99237396,19.73032320,835.5800,1929.5700,868.0700,2003.1600
1492,1,0.430064,45124.240,3365.860,21.98737704,19.68973709,9060.480,3608.440,21.98970534,19.68686535,836.1800,1330.3700,870.9700,1323.4900
1493,1,0.329033,44018.420,3365.960,21.98483229,19.64971661,7807.080,3612.140,21.98729554,19.64679112,836.2300,777.4600,872.8200,696.7900
1494,1,0.584456,45725.060,3367.520,21.98869533,19.71148461,9742.960,3608.360,21.99095903,19.70868970,837.0100,1630.7800,870.9300,1664.7300
1495,1,1.531994,43634.720,3367.520,21.98389207,19.63583322,7370.820,3611.740,21.98650790,19.63283950,837.0100,585.6100,872.6200,478.6600
1496,1,0.838398,43525.500,3367.980,21.98362384,19.63188135,7246.660,3614.400,21.98620003,19.62887433,837.2400,531.0000,873.9500,416.5800
1497,1,1.217292,45235.520,3368.960,21.98751641,19.69377054,9189.440,3610.700,21.98987324,19.69099373,837.7300,1386.0100,872.1000,1387.9700
1498,0,3.639726,45344.720,3369.020,21.98776508,19.69772271,9305.520,3615.540,21.98993925,19.69471532,837.7600,1440.6100,874.5200,1446.0100
1499,0,3.639726,45344.720,3369.020,21.98776508,19.69772271,9305.520,3615.540,21.98993925,19.69471532,837.7600,1440.6100,874.5200,1446.0100
1500,1,0.226389,42812.540,3369.900,21.98191352,19.60608244,6438.920,3620.160,21.98454602,19.60305560,838.2000,174.5200,876.8300,12.7100
1501,1,0.463371,45636.040,3370.440,21.98838120,19.70826866,9641.120,3612.160,21.99065696,19.70544054,838.4700,1586.2700,872.8300,1613.8100
1502,1,0.487557,43050.540,3371.340,21.98240636,19.61469873,6709.560,3622.060,21.98498472,19.61171395,838.9200,293.5200,877.7800,148.0300
1503,1,0.422164,46379.780,3376.280,21.98987103,19.73519685,10484.060,3616.120,21.99208171,19.73240411,841.3900,1958.1400,874.8100,2035.2800
1504,1,1.154824,45671.520,3379.800,21.98811147,19.70957120,9682.780,3620.120,21.99049167,19.70678848,843.1500,1604.0100,876.8100,1634.6400
1505,1,1.154824,45671.520,3379.800,21.98811147,19.70957120,9682.780,3620.120,21.99049167,19.70678848,843.1500,1604.0100,876.8100,1634.6400
1506,1,1.384383,45579.520,3383.100,21.98777623,19.70624815,9578.860,3624.000,21.99018347,19.70347296,844.8000,1558.0100,878.7500,1582.6800
1507,1,2.144255,45798.620,3383.200,21.98827593,19.71417779,9828.320,3622.220,21.99069460,19.71144674,844.8500,1667.5600,877.8600,1707.4100
1508,1,1.992810,44747.540,3387.680,21.98569260,19.67614705,8634.580,3630.500,21.98825652,19.67328938,847.0900,1142.0200,882.0000,1110.5400
1509,1,0.563467,45715.480,3388.200,21.98789726,19.71117875,9731.440,3632.820,21.99019523,19.70836963,847.3500,1625.9900,883.1600,1658.9700
1510,1,0.563467,45715.480,3388.200,21.98789726,19.71117875,9731.440,3632.820,21.99019523,19.70836963,847.3500,1625.9900,883.1600,1658.9700
1511,1,1.855535,45092.700,3389.500,21.98641742,19.68864231,9023.260,3632.160,21.98891816,19.68572197,848.0000,1314.6000,882.8300,1304.8800
1512,1,0.425106,43562.820,3389.720,21.98289375,19.63327494,7290.480,3641.660,21.98545769,19.63032946,848.1100,549.6600,887.5800,438.4900
1513,1,1.558770,44340.080,3391.320,21.98461973,19.66140788,8171.020,3637.000,21.98721081,19.65847838,848.9100,938.2900,885.2500,878.7600
1514,1,0.525338,45741.540,3391.780,21.98782279,19.71212895,9761.920,3635.340,21.99017454,19.70934930,849.1400,1639.0200,884.4200,1674.2100
1515,1,0.347089,45402.860,3391.900,21.98704006,19.69987204,9376.280,3636.780,21.98942460,19.69702005,849.2000,1469.6800,885.1400,1481.3900
1516,1,0.535803,45551.120,3393.580,21.98731769,19.70524103,9545.280,3639.580,21.98964911,19.70242991,850.0400,1543.8100,886.5400,1565.8900
1517,1,0.850595,44023.220,3394.020,21.98379031,19.64994574,7813.320,3642.840,21.98637930,19.64705130,850.2600,779.8600,888.1700,699.9100
1518,1,0.826636,45658.000,3394.920,21.98751299,19.70911176,9667.200,3638.380,21.98990878,19.70632632,850.7100,1597.2500,885.9400,1626.8500
1519,1,0.819306,45674.440,3395.840,21.98751625,19.70970856,9685.660,3639.300,21.98991465,19.70691846,851.1700,1605.4700,886.4000,1636.0800
1520,1,0.422260,46047.080,3396.300,21.98835525,19.72319566,10106.640,3640.140,21.99065997,19.72038232,851.4000,1791.7900,886.8200,1846.5700
1521,1,0.230470,43835.040,3396.780,21.98325433,19.64314078,7599.000,3647.680,21.98584075,19.64020728,851.6400,685.7700,890.5900,592.7500
1522,1,0.767330,45695.340,3396.860,21.98752599,19.71046697,9708.880,3643.380,21.98983330,19.70766905,851.6800,1615.9200,888.4400,1647.6900
1523,1,0.335914,44703.740,3397.960,21.98520618,19.67458219,8583.580,3646.920,21.98766597,19.67169092,852.2300,1120.1200,890.2100,1085.0400
1524,1,0.418147,44720.060,3397.980,21.98524293,19.67517287,8602.140,3647.180,21.98769207,19.67228495,852.2400,1128.2800,890.3400,1094.3200
1525,1,0.418147,44720.060,3397.980,21.98524293,19.67517287,8602.140,3647.180,21.98769207,19.67228495,852.2400,1128.2800,890.3400,1094.3200
1526,1,0.932375,43578.040,3398.920,21.98258347,19.63384393,7305.780,3651.920,21.98517607,19.63083900,852.7100,557.2700,892.7100,446.1400
1527,1,0.448209,44642.680,3399.560,21.98500583,19.67237553,8514.020,3648.480,21.98749141,19.66946960,853.0300,1089.5900,890.9900,1050.2600
1528,1,0.708048,45424.760,3399.740,21.98679617,19.70068011,9400.500,3645.560,21.98920259,19.69781191,853.1200,1480.6300,889.5300,1493.5000
1529,1,0.167730,45682.820,3399.860,21.98738464,19.71001978,9694.760,3645.420,21.98974551,19.70722155,853.1800,1609.6600,889.4600,1640.6300
1530,1,0.394201,44730.940,3401.240,21.98514559,19.67557306,8614.880,3651.060,21.98759791,19.67270002,853.8700,1133.7200,892.2800,1100.6900
1531,1,0.725177,43337.100,3402.160,21.98190825,19.62513049,7034.200,3657.560,21.98450895,19.62216548,854.3300,436.8000,895.5300,310.3500
1532,1,0.598489,43964.520,3402.920,21.98332143,19.64783891,7745.460,3655.980,21.98585807,19.64490721,854.7100,750.5100,894.7400,665.9800
1533,1,0.430402,43666.460,3405.540,21.98253822,19.63705701,7408.720,3658.660,21.98516100,19.63414415,856.0200,601.4800,896.0800,497.6100
1534,1,0.314686,45663.600,3406.580,21.98708830,19.70933746,9673.280,3653.180,21.98947061,19.70654998,856.5400,1600.0500,893.3400,1629.8900
1535,1,0.733148,46167.320,3407.740,21.98820223,19.72756986,10242.600,3652.260,21.99054045,19.72475402,857.1200,1851.9100,892.8800,1914.5500
1536,1,1.862173,46285.040,3408.680,21.98843746,19.73183211,10374.900,3650.880,21.99082454,19.72898202,857.5900,1910.7700,892.1900,1980.7000
1537,1,1.219080,43309.000,3409.040,21.98158549,19.62412711,7003.280,3666.580,21.98418036,19.62119453,857.7700,422.7500,900.0400,294.8900
1538,1,1.219080,43309.000,3409.040,21.98158549,19.62412711,7003.280,3666.580,21.98418036,19.62119453,857.7700,422.7500,900.0400,294.8900
1539,1,0.274606,45392.180,3409.660,21.98634903,19.69952060,9364.360,3657.720,21.98876756,19.69668023,858.0800,1464.3400,895.6100,1475.4300
1540,1,0.486166,44720.360,3409.800,21.98480005,19.67520707,8603.040,3661.280,21.98726680,19.67234158,858.1500,1128.4300,897.3900,1094.7700
1541,1,0.122392,43824.020,3411.160,21.98268936,19.64277036,7586.380,3664.880,21.98529820,19.63983769,858.8300,680.2600,899.1900,586.4400
1542,1,0.495898,45668.720,3414.120,21.98681711,19.70953765,9678.920,3661.200,21.98923745,19.70674618,860.3100,1602.6100,897.3500,1632.7100
1543,1,0.600043,44371.400,3414.420,21.98382482,19.66258700,8206.620,3667.840,21.98634317,19.65967772,860.4600,953.9500,900.6700,896.5600
1544,1,0.836812,45911.180,3415.620,21.98731795,19.71831547,9953.520,3664.700,21.98963348,19.71553432,861.0600,1723.8400,899.1000,1770.0100
1545,1,0.243137,43665.400,3416.680,21.98211773,19.63704065,7407.240,3672.060,21.98475378,19.63412329,861.5900,600.9500,902.7800,496.8700
1546,1,0.704412,45939.100,3417.740,21.98730255,19.71933011,9984.300,3664.280,21.98970254,19.71651778,862.1200,1737.8000,898.8900,1785.4000
1547,1,0.146084,43939.640,3418.000,21.98269835,19.64696827,7717.740,3672.840,21.98529800,19.64405407,862.2500,738.0700,903.1700,652.1200
1548,1,0.794741,43677.260,3418.300,21.98208419,19.63747308,7421.560,3674.660,21.98470148,19.63458635,862.4000,606.8800,904.0800,504.0300
1549,1,0.519834,43808.280,3418.560,21.98237550,19.64221533,7569.400,3672.800,21.98502796,19.63931034,862.5300,672.3900,903.1500,577.9500
1550,1,1.253943,45611.340,3419.640,21.98647811,19.70747192,9612.880,3671.180,21.98881371,19.70465405,863.0700,1573.9200,902.3400,1599.6900
1551,1,0.193516,45698.380,3419.680,21.98667661,19.71062206,9712.480,3668.740,21.98906992,19.70783426,863.0900,1617.4400,901.1200,1649.4900
1552,1,0.364879,44922.920,3422.420,21.98479190,19.68256284,8832.280,3673.860,21.98730507,19.67969712,864.4600,1229.7100,903.6800,1209.3900
1553,1,0.591233,43843.940,3423.140,21.98228556,19.64351495,7609.400,3677.700,21.98495311,19.64059915,864.8200,690.2200,905.6000,597.9500
1554,1,0.479756,46157.620,3423.920,21.98757275,19.72725076,10232.500,3672.700,21.98990057,19.72447141,865.2100,1847.0600,903.1000,1909.5000
1555,1,1.331190,44231.960,3426.520,21.98305033,19.65756443,8046.640,3681.420,21.98563998,19.65458867,866.5100,884.2300,907.4600,816.5700
1556,1,0.621660,46101.180,3427.900,21.98729370,19.72521601,10169.180,3677.940,21.98962551,19.72245690,867.2000,1818.8400,905.7200,1877.8400
1557,1,0.532064,43964.300,3428.400,21.98236474,19.64788128,7746.280,3683.660,21.98502328,19.64498810,867.4500,750.4000,908.5800,666.3900
1558,1,0.532064,43964.300,3428.400,21.98236474,19.64788128,7746.280,3683.660,21.98502328,19.64498810,867.4500,750.4000,908.5800,666.3900
1559,1,0.451857,45676.460,3428.780,21.98628474,19.70984673,9688.160,3678.740,21.98872185,19.70707630,867.6400,1606.4800,906.1200,1637.3300
1560,1,0.236900,43831.320,3428.880,21.98204116,19.64306955,7595.420,3685.420,21.98469440,19.64016734,867.6900,683.9100,909.4600,590.9600
1561,1,0.191890,44961.120,3429.300,21.98462149,19.68395892,8876.540,3682.100,21.98713634,19.68112876,867.9000,1248.8100,907.8000,1231.5200
1562,1,0.247268,43660.720,3429.660,21.98161987,19.63689692,7401.860,3686.740,21.98430081,19.63398024,868.0800,598.6100,910.1200,494.1800
1563,1,0.384834,44351.440,3431.480,21.98313874,19.66189833,8184.080,3686.660,21.98573272,19.65899410,868.9900,943.9700,910.0800,885.2900
1564,1,1.108639,45764.240,3431.860,21.98637086,19.71302965,9787.240,3684.680,21.98872260,19.71025644,869.1800,1650.3700,909.0900,1686.8700
1565,1,0.443004,43624.040,3433.200,21.98140274,19.63557643,7360.840,3691.280,21.98408881,19.63267746,869.8500,580.2700,912.3900,473.6700
1566,1,0.849024,43992.800,3433.640,21.98223358,19.64892307,7777.780,3688.960,21.98492071,19.64600589,870.0700,764.6500,911.2300,682.1400
1567,1,0.376754,45730.560,3434.540,21.98619290,19.71181603,9749.460,3686.000,21.98861347,19.70905091,870.5200,1633.5300,909.7500,1667.9800
1568,1,0.524793,44884.680,3434.660,21.98424470,19.68120307,8789.780,3689.780,21.98674512,19.67836949,870.5800,1210.5900,911.6400,1188.1400
1569,1,0.618117,43333.460,3435.380,21.98065323,19.62506436,7031.680,3695.060,21.98337339,19.62215896,870.9400,434.9800,914.2800,309.0900
1570,1,0.618117,43333.460,3435.380,21.98065323,19.62506436,7031.680,3695.060,21.98337339,19.62215896,870.9400,434.9800,914.2800,309.0900
1571,1,0.451835,43318.600,3436.300,21.98058456,19.62452838,7012.720,3695.860,21.98331463,19.62155424,871.4000,427.5500,914.6800,299.6100
1572,1,1.297643,45684.120,3437.160,21.98598787,19.71014050,9694.840,3686.680,21.98849300,19.70730560,871.8300,1610.3100,910.0900,1640.6700
1573,1,1.930614,45921.480,3439.320,21.98645222,19.71873505,9964.080,3694.320,21.98875293,19.71593051,872.9100,1728.9900,913.9100,1775.2900
1574,1,0.151693,45610.700,3442.200,21.98563002,19.70749331,9612.600,3694.960,21.98809138,19.70469206,874.3500,1573.6000,914.2300,1599.5500
1575,1,0.321629,44345.940,3442.680,21.98270580,19.66172140,8178.180,3699.520,21.98533298,19.65883083,874.5900,941.2200,916.5100,882.3400
1576,0,9.549820,46113.060,3443.760,21.98672582,19.72567728,10163.480,3694.420,21.98911418,19.72230717,875.1300,1824.7800,913.9600,1874.9900
1577,1,0.324260,44167.060,3445.760,21.98217917,19.65525364,7975.440,3703.640,21.98483813,19.65235570,876.1300,851.7800,918.5700,780.9700
1578,1,0.104870,46349.240,3447.180,21.98714018,19.73423162,10450.340,3698.560,21.98951231,19.73148863,876.8400,1942.8700,916.0300,2018.4200
1579,1,0.733270,45641.800,3450.540,21.98538851,19.70863533,9649.620,3704.360,21.98787366,19.70589446,878.5200,1589.1500,918.9300,1618.0600
1580,1,0.491628,43664.540,3453.080,21.98074977,19.63708142,7406.260,3715.380,21.98344429,19.63417751,879.7900,600.5200,924.4400,496.3800
1581,1,0.447948,46294.140,3453.560,21.98677415,19.73225010,10387.340,3706.640,21.98915151,19.72948996,880.0300,1915.3200,920.0700,1986.9200
1582,1,0.898567,43846.760,3454.540,21.98111369,19.64367902,7611.880,3717.140,21.98376646,19.64075635,880.5200,691.6300,925.3200,599.1900
1583,1,1.076468,43599.920,3455.180,21.98052247,19.63474691,7331.620,3715.260,21.98331167,19.63179042,880.8400,568.2100,924.3800,459.0600
1584,1,0.692924,46164.600,3455.260,21.98641269,19.72756528,10242.080,3709.380,21.98880297,19.72485021,880.8800,1850.5500,921.4400,1914.2900
1585,1,0.362527,45403.120,3455.580,21.98465092,19.70000722,9377.360,3712.100,21.98714167,19.69720335,881.0400,1469.8100,922.8000,1481.9300
1586,1,0.547146,43585.880,3458.120,21.98037988,19.63424460,7316.540,3721.640,21.98309160,19.63132079,882.3100,561.1900,927.5700,451.5200
1587,1,0.235833,45382.380,3459.240,21.98446592,19.69926385,9353.620,3715.580,21.98699277,19.69645106,882.8700,1459.4400,924.5400,1470.0600
1588,1,0.219844,45685.380,3461.080,21.98509311,19.71023335,9698.040,3717.100,21.98757529,19.70746801,883.7900,1610.9400,925.3000,1642.2700
1589,0,3.058639,46045.000,3461.580,21.98590070,19.72324932,10105.780,3710.100,21.98853223,19.72049300,884.0400,1790.7500,921.8000,1846.1400
1590,1,0.278903,44368.100,3462.320,21.98201968,19.66256218,8203.620,3723.300,21.98466017,19.65969133,884.4100,952.3000,928.4000,895.0600
1591,1,1.380474,45677.760,3462.380,21.98502682,19.70996014,9688.300,3721.060,21.98743729,19.70716437,884.4400,1607.1300,927.2800,1637.4000
1592,1,0.278015,45394.680,3463.360,21.98433957,19.69971714,9367.560,3720.220,21.98687746,19.69690601,884.9300,1465.5900,926.8600,1477.0300
1593,1,2.876037,45002.440,3463.420,21.98343601,19.68552172,8923.540,3716.180,21.98618956,19.68269904,884.9600,1269.4700,924.8400,1255.0200
1594,1,0.416282,45457.400,3463.800,21.98446718,19.70198790,9438.380,3720.520,21.98699760,19.69917130,885.1500,1496.9500,927.0100,1512.4400
1595,1,0.417930,44191.800,3463.880,21.98155603,19.65618480,8003.780,3724.420,21.98426166,19.65330301,885.1900,864.1500,928.9600,795.1400
1596,1,1.033799,45635.200,3464.400,21.98485322,19.70842384,9641.800,3719.100,21.98741193,19.70567351,885.4500,1585.8500,926.3000,1614.1500
1597,1,0.378173,45684.780,3467.420,21.98485381,19.71022415,9697.460,3724.880,21.98733803,19.70746483,886.9600,1610.6400,929.1900,1641.9800
1598,1,1.211052,43442.320,3468.360,21.97966573,19.62906925,7153.200,3735.280,21.98238204,19.62612440,887.4300,489.4100,934.3900,369.8500
1599,1,1.211052,43442.320,3468.360,21.97966573,19.62906925,7153.200,3735.280,21.98238204,19.62612440,887.4300,489.4100,934.3900,369.8500
1600,1,0.588547,44943.100,3468.540,21.98310752,19.68338426,8855.240,3727.180,21.98573164,19.68053666,887.5200,1239.8000,930.3400,1220.8700
1601,1,0.541561,44200.660,3469.200,21.98137675,19.65651596,8013.400,3732.280,21.98404158,19.65362616,887.8500,868.5800,932.8900,799.9500
1602,1,2.520264,43162.760,3470.500,21.97894303,19.61895594,6838.260,3731.580,21.98191918,19.61604586,888.5000,349.6300,932.5400,212.3800
1603,1,1.883660,45475.720,3470.580,21.98425484,19.70266431,9461.420,3732.140,21.98668707,19.69993103,888.5400,1506.1100,932.8200,1523.9600
1604,1,0.422204,45601.520,3473.040,21.98445159,19.70722199,9603.220,3731.720,21.98695847,19.70446471,889.7700,1569.0100,932.6100,1594.8600
1605,1,0.803230,44973.520,3473.120,21.98300555,19.68449424,8889.080,3732.580,21.98562976,19.68162947,889.8100,1255.0100,933.0400,1237.7900
1606,1,0.855868,45394.600,3473.700,21.98395135,19.69973467,9369.580,3731.920,21.98652622,19.69699371,890.1000,1465.5500,932.7100,1478.0400
1607,1,0.675166,44190.500,3474.880,21.98114025,19.65615947,8001.320,3737.540,21.98386052,19.65325025,890.6900,863.5000,935.5200,793.9100
1608,1,0.476531,45839.720,3475.000,21.98492538,19.71584655,9873.700,3732.800,21.98741904,19.71311632,890.7500,1688.1100,933.1500,1730.1000
1609,1,0.196750,45678.020,3475.380,21.98453956,19.70999522,9689.740,3733.360,21.98706650,19.70723471,890.9400,1607.2600,933.4300,1638.1200
1610,1,0.575043,43130.440,3475.560,21.97867888,19.61779624,6799.720,3743.380,21.98149322,19.61483673,891.0300,333.4700,938.4400,193.1100
1611,1,0.608619,45740.460,3476.320,21.98464776,19.71225684,9760.500,3735.640,21.98712633,19.70950199,891.4100,1638.4800,934.5700,1673.5000
1612,1,0.404826,43933.880,3479.800,21.98036594,19.64688187,7711.680,3745.500,21.98309185,19.64400380,893.1500,735.1900,939.5000,649.0900
1613,1,0.606442,45405.440,3480.580,21.98371808,19.70014057,9380.640,3739.400,21.98631948,19.69736216,893.5400,1470.9700,936.4500,1483.5700
1614,1,0.300164,45394.220,3481.640,21.98365252,19.69973660,9368.160,3742.100,21.98621482,19.69696841,894.0700,1465.3600,937.8000,1477.3300
1615,1,0.605132,46365.460,3484.180,21.98578895,19.73489171,10469.240,3742.680,21.98820477,19.73218016,895.3400,1950.9800,938.0900,2027.8700
1616,1,1.506127,44060.940,3484.360,21.98048678,19.65148930,7857.240,3747.000,21.98331188,19.64866151,895.4300,798.7200,940.2500,721.8700
1617,1,0.608586,43923.920,3484.460,21.98016818,19.64653061,7699.460,3749.300,21.98295478,19.64362053,895.4800,730.2100,941.4000,642.9800
1618,1,0.309233,44983.320,3485.100,21.98257849,19.68487257,8901.920,3747.860,21.98519020,19.68207025,895.8000,1259.9100,940.6800,1244.2100
1619,1,1.670904,45652.060,3485.640,21.98409488,19.70907597,9661.680,3748.540,21.98655449,19.70636738,896.0700,1594.2800,941.0200,1624.0900
1620,1,0.146550,43873.800,3486.780,21.97996595,19.64472130,7643.520,3753.340,21.98273079,19.64183964,896.6400,705.1500,943.4200,615.0100
1621,1,0.629367,44957.180,3488.680,21.98238408,19.68393361,8871.080,3750.760,21.98504612,19.68108977,897.5900,1246.8400,942.1300,1228.7900
1622,1,0.504535,44178.160,3488.920,21.98058501,19.65574061,7987.680,3754.800,21.98331387,19.65284816,897.7100,857.3300,944.1500,787.0900
1623,1,0.197897,45601.720,3489.900,21.98381934,19.70726253,9603.360,3750.820,21.98637898,19.70450691,898.2000,1569.1100,942.1600,1594.9300
1624,1,0.171477,44935.300,3489.980,21.98228501,19.68314432,8847.520,3753.360,21.98492441,19.68034149,898.2400,1235.9000,943.4300,1217.0100
1625,1,0.495588,44464.340,3491.600,21.98114203,19.66610303,8312.380,3756.080,21.98386685,19.66323403,899.0500,1000.4200,944.7900,949.4400
1626,1,1.251115,45376.480,3491.780,21.98323123,19.69911460,9345.100,3753.260,21.98583425,19.69625303,899.1400,1456.4900,943.3800,1465.8000
1627,1,0.433338,45019.100,3492.400,21.98238676,19.68618190,8941.740,3756.360,21.98500521,19.68336041,899.4500,1277.8000,944.9300,1264.1200
1628,1,0.500997,45830.860,3492.920,21.98423254,19.71556129,9862.540,3754.480,21.98674020,19.71280227,899.7100,1683.6800,943.9900,1724.5200
1629,1,0.853690,44491.900,3493.240,21.98114381,19.66710369,8342.780,3758.120,21.98386052,19.66421019,899.8700,1014.2000,945.8100,964.6400
1630,0,4.503701,44504.300,3494.500,21.98112502,19.66755495,8361.660,3751.460,21.98409645,19.66480079,900.5000,1020.4000,942.4800,974.0800
1631,1,0.170100,43982.120,3497.660,21.97980655,19.64866300,7766.260,3765.060,21.98260037,19.64578780,902.0800,759.3100,949.2800,676.3800
1632,1,1.100932,44151.660,3498.000,21.98018337,19.65479948,7957.340,3763.420,21.98299800,19.65189497,902.2500,844.0800,948.4600,771.9200
1633,1,1.100932,44151.660,3498.000,21.98018337,19.65479948,7957.340,3763.420,21.98299800,19.65189497,902.2500,844.0800,948.4600,771.9200
1634,1,0.116336,44468.180,3498.120,21.98090618,19.66625488,8317.420,3764.420,21.98362370,19.66341167,902.3100,1002.3400,948.9600,951.9600
1635,1,0.116336,44468.180,3498.120,21.98090618,19.66625488,8317.420,3764.420,21.98362370,19.66341167,902.3100,1002.3400,948.9600,951.9600
1636,1,0.395819,44116.580,3499.220,21.98005698,19.65353231,7918.100,3766.560,21.98283161,19.65064634,902.8600,826.5400,950.0300,752.3000
1637,1,0.299853,44630.540,3499.440,21.98122972,19.67213345,8501.260,3765.640,21.98392165,19.66929296,902.9700,1083.5200,949.5700,1043.8800
1638,1,1.092914,45621.740,3499.620,21.98350058,19.70800627,9626.740,3760.120,21.98613929,19.70527293,903.0600,1579.1200,946.8100,1606.6200
1639,1,0.480765,44188.400,3499.720,21.98020325,19.65613253,7999.500,3767.580,21.98294904,19.65325139,903.1100,862.4500,950.5400,793.0000
1640,1,0.716989,43859.880,3500.980,21.97940108,19.64424557,7627.080,3768.420,21.98224536,19.64134371,903.7400,698.1900,950.9600,606.7900
1641,1,0.375962,44977.300,3501.620,21.98194471,19.68468733,8894.220,3766.380,21.98461501,19.68186059,904.0600,1256.9000,949.9400,1240.3600
1642,1,0.719142,45016.680,3504.860,21.98191361,19.68611893,8938.360,3769.540,21.98459966,19.68327835,905.6800,1276.5900,951.5200,1262.4300
1643,1,0.098611,44360.780,3505.460,21.98038394,19.66238247,8195.760,3773.000,21.98314257,19.65953814,905.9800,948.6400,953.2500,891.1300
1644,1,0.295530,42984.640,3506.400,21.97718652,19.61258051,6635.300,3779.580,21.98010279,19.60965036,906.4500,260.5700,956.5400,110.9000
1645,1,0.728960,44470.940,3506.560,21.98059579,19.66637144,8319.520,3773.320,21.98335825,19.66349640,906.5300,1003.7200,953.4100,953.0100
1646,1,1.230140,45506.200,3507.160,21.98295213,19.70383966,9496.760,3769.840,21.98560752,19.70113560,906.8300,1521.3500,951.6700,1541.6300
1647,1,0.818784,46069.600,3508.880,21.98418219,19.72423304,10134.180,3772.880,21.98667599,19.72152518,907.6900,1803.0500,953.1900,1860.3400
1648,1,0.686907,45525.140,3511.400,21.98283654,19.70453350,9517.620,3776.140,21.98545433,19.70181511,908.9500,1530.8200,954.8200,1552.0600
1649,1,1.391161,45622.420,3511.820,21.98304431,19.70805498,9624.340,3774.620,21.98569477,19.70522483,909.1600,1579.4600,954.0600,1605.4200
1650,1,0.642860,46051.720,3514.280,21.98393846,19.72359661,10113.380,3778.980,21.98645273,19.72087208,910.3900,1794.1100,956.2400,1849.9400
1651,1,1.143382,43466.740,3515.740,21.97794380,19.63004661,7181.140,3790.340,21.98077184,19.62712662,911.1200,501.6200,961.9200,383.8200
1652,1,0.130854,44952.140,3516.900,21.98131348,19.68380694,8866.300,3784.340,21.98402002,19.68100323,911.7000,1244.3200,958.9200,1226.4000
1653,1,0.578409,45386.700,3516.980,21.98230903,19.69953424,9360.320,3782.600,21.98497197,19.69679769,911.7400,1461.6000,958.0500,1473.4100
1654,1,0.867744,43220.740,3519.120,21.97725169,19.62115032,6902.720,3794.720,21.98013317,19.61823189,912.8100,378.6200,964.1100,244.6100
1655,1,1.099562,43264.140,3519.760,21.97732740,19.62272227,6951.880,3795.780,21.98019064,19.61980603,913.1300,400.3200,964.6400,269.1900
1656,1,1.467096,44734.580,3519.880,21.98070173,19.67593913,8617.620,3790.700,21.98337483,19.67306345,913.1900,1135.5400,962.1000,1102.0600
1657,1,0.885394,45670.040,3520.500,21.98282800,19.70979554,9679.900,3787.880,21.98539338,19.70702773,913.5000,1603.2700,960.6900,1633.2000
1658,1,1.250461,45586.660,3521.200,21.98261014,19.70677932,9588.520,3787.840,21.98522830,19.70410548,913.8500,1561.5800,960.6700,1587.5100
1659,1,0.991868,45493.020,3522.600,21.98234243,19.70339316,9478.940,3791.060,21.98493117,19.70060766,914.5500,1514.7600,962.2800,1532.7200
1660,1,0.348143,45629.500,3523.020,21.98264028,19.70833333,9635.140,3789.840,21.98525243,19.70560025,914.7600,1583.0000,961.6700,1610.8200
1661,1,0.517938,45049.760,3524.200,21.98126385,19.68735432,8976.380,3793.280,21.98394944,19.68454106,915.3500,1293.1300,963.3900,1281.4400
1662,1,0.517938,45049.760,3524.200,21.98126385,19.68735432,8976.380,3793.280,21.98394944,19.68454106,915.3500,1293.1300,963.3900,1281.4400
1663,1,0.617405,45952.320,3525.360,21.98329425,19.72002112,10001.280,3792.080,21.98585063,19.71731319,915.9300,1744.4100,962.7900,1793.8900
1664,1,1.069422,43594.800,3525.740,21.97786279,19.63470098,7327.920,3797.420,21.98082525,19.63183437,916.1200,565.6500,965.4600,457.2100
1665,1,0.554554,43457.120,3525.800,21.97754417,19.62971833,7171.100,3801.120,21.98042835,19.62682685,916.1500,496.8100,967.3100,378.8000
1666,1,0.921519,44181.880,3527.860,21.97913225,19.65595215,7991.620,3798.820,21.98199027,19.65306110,917.1800,859.1900,966.1600,789.0600
1667,1,0.555334,45814.280,3528.960,21.98284196,19.71503243,9843.840,3796.680,21.98542446,19.71228762,917.7300,1675.3900,965.0900,1715.1700
1668,1,0.265601,45365.860,3530.320,21.98176053,19.69880637,9335.200,3798.800,21.98443485,19.69602639,918.4100,1451.1800,966.1500,1460.8500
1669,1,0.422584,45480.820,3531.940,21.98196389,19.70297008,9466.800,3799.780,21.98464450,19.70023667,919.2200,1508.6600,966.6400,1526.6500
1670,1,0.082560,45489.660,3532.500,21.98196319,19.70329112,9476.020,3800.760,21.98463153,19.70053344,919.5000,1513.0800,967.1300,1531.2600
1671,1,2.508336,45892.360,3532.620,21.98288403,19.71786545,9934.480,3794.920,21.98564281,19.71518265,919.5600,1714.4300,964.2100,1760.4900
1672,1,0.517281,43634.980,3533.300,21.97767141,19.63617006,7373.960,3808.260,21.98058180,19.63332806,919.9000,585.7400,970.8800,480.2300
1673,1,0.517974,45525.660,3533.860,21.98199487,19.70459668,9517.280,3801.360,21.98468837,19.70185405,920.1800,1531.0800,967.4300,1551.8900
1674,1,0.869263,43067.320,3534.840,21.97630923,19.61562895,6729.460,3813.620,21.97924839,19.61272867,920.6700,301.9100,973.5600,157.9800
1675,1,0.229541,44848.020,3534.980,21.98039574,19.68007445,8748.080,3806.080,21.98314638,19.67726570,920.7400,1192.2600,969.7900,1167.2900
1676,1,1.015375,43418.340,3535.000,21.97710981,19.62833301,7126.540,3812.780,21.97999557,19.62542493,920.7500,477.4200,973.1400,356.5200
1677,1,1.029098,43508.620,3535.660,21.97729249,19.63160164,7230.320,3809.400,21.98028622,19.62873696,921.0800,522.5600,971.4500,408.4100
1678,1,0.572151,45631.320,3535.700,21.98216861,19.70842425,9636.380,3805.200,21.98478842,19.70567024,921.1000,1583.9100,969.3500,1611.4400
1679,1,0.488842,44945.840,3535.840,21.98058824,19.68361635,8858.720,3806.000,21.98334999,19.68080362,921.1700,1241.1700,969.7500,1222.6100
1680,1,0.242225,43994.600,3535.980,21.97839719,19.64919035,7780.800,3810.540,21.98125266,19.64634259,921.2400,765.5500,972.0200,683.6500
1681,1,0.636387,43474.840,3536.060,21.97719986,19.63037990,7191.280,3813.200,21.98010059,19.62749603,921.2800,505.6700,973.3500,388.8900
1682,1,0.283128,43673.340,3536.320,21.97764623,19.63756431,7416.820,3811.980,21.98054743,19.63470600,921.4100,604.9200,972.7400,501.6600
1683,1,0.485286,42891.880,3537.040,21.97582354,19.60928396,6531.060,3815.640,21.97882687,19.60638817,921.7700,214.1900,974.5700,58.7800
1684,1,0.836150,45027.120,3537.760,21.98070295,19.68656174,8950.160,3809.380,21.98341385,19.68373439,922.1300,1281.8100,971.4400,1268.3300
1685,1,0.232354,45613.700,3537.900,21.98204557,19.70779091,9617.140,3807.100,21.98469576,19.70505873,922.2000,1575.1000,970.3000,1601.8200
1686,1,0.147243,45646.720,3538.700,21.98209142,19.70898751,9654.520,3807.740,21.98474430,19.70625535,922.6000,1591.6100,970.6200,1620.5100
1687,1,0.789200,44391.080,3538.980,21.97919565,19.66354526,8230.600,3810.640,21.98206743,19.66072661,922.7400,963.7900,972.0700,908.5500
1688,1,0.175377,45521.620,3539.880,21.98175968,19.70446235,9512.760,3809.320,21.98443859,19.70172523,923.1900,1529.0600,971.4100,1549.6300
1689,1,0.203412,45360.640,3541.600,21.98132523,19.69863973,9329.780,3812.340,21.98401429,19.69587981,924.0500,1448.5700,972.9200,1458.1400
1690,1,0.485150,46025.600,3545.040,21.98272410,19.72271206,10083.700,3814.620,21.98531561,19.71999336,925.7700,1781.0500,974.0600,1835.1000
1691,1,1.215656,45638.220,3545.180,21.98182871,19.70869269,9646.220,3813.300,21.98456043,19.70600091,925.8400,1587.3600,973.4000,1616.3600
1692,1,0.084272,45595.900,3545.260,21.98172847,19.70716124,9596.840,3815.360,21.98440814,19.70442589,925.8800,1566.2000,974.4300,1591.6700
1693,1,0.389509,44288.940,3547.040,21.97865848,19.65986464,8114.000,3821.460,21.98152823,19.65701931,926.7700,912.7200,977.4800,850.2500
1694,1,0.380732,45644.340,3547.980,21.98173770,19.70891971,9652.200,3818.920,21.98440070,19.70620324,927.2400,1590.4200,976.2100,1619.3500
1695,1,0.871880,43407.780,3549.780,21.97653090,19.62798003,7113.700,3827.700,21.97952217,19.62504380,928.1400,472.1400,980.6000,350.1000
1696,1,1.766390,44716.420,3549.940,21.97953194,19.67534127,8597.420,3820.940,21.98242249,19.67247721,928.2200,1126.4600,977.2200,1091.9600
1697,1,1.834200,45310.640,3550.220,21.98088685,19.69684721,9271.960,3825.620,21.98350642,19.69405706,928.3600,1423.5700,979.5600,1429.2300
1698,1,0.635524,44294.820,3550.860,21.97852864,19.66008498,8120.120,3826.900,21.98137484,19.65722577,928.6800,915.6600,980.2000,853.3100
1699,1,0.491106,45682.280,3552.320,21.98166201,19.71030136,9694.860,3824.320,21.98431429,19.70757810,929.4100,1609.3900,978.9100,1640.6800
1700,1,0.414486,45580.740,3553.260,21.98139341,19.70662839,9580.360,3824.740,21.98409348,19.70391742,929.8800,1558.6200,979.1200,1583.4300
1701,1,0.514017,45602.940,3553.640,21.98143016,19.70743258,9605.340,3825.980,21.98410123,19.70471868,930.0700,1569.7200,979.7400,1595.9200
1702,1,0.423188,44923.560,3553.780,21.97986381,19.68284545,8834.340,3828.500,21.98262402,19.68006843,930.1400,1230.0300,981.0000,1210.4200
1703,1,0.353470,45592.780,3555.660,21.98133101,19.70706887,9593.820,3827.220,21.98404267,19.70435274,931.0800,1564.6400,980.3600,1590.1600
1704,1,0.310758,43340.760,3556.940,21.97610820,19.62556865,7040.040,3836.740,21.97911570,19.62270614,931.7200,438.6300,985.1200,313.2700
1705,1,2.853374,44795.400,3557.400,21.97943347,19.67821437,8690.880,3837.700,21.98208478,19.67549900,931.9500,1165.9500,985.6000,1138.6900
1706,1,0.500291,45623.240,3557.840,21.98131920,19.70817555,9627.720,3831.000,21.98398952,19.70544427,932.1700,1579.8700,982.2500,1607.1100
1707,1,0.877269,42910.280,3558.380,21.97506499,19.60999202,6552.280,3841.340,21.97809130,19.60711751,932.4400,223.3900,987.4200,69.3900
1708,1,0.882311,45848.680,3559.000,21.98179369,19.71633673,9883.100,3832.320,21.98441334,19.71361348,932.7500,1692.5900,982.9100,1734.8000
1709,1,1.030034,46305.520,3560.740,21.98277814,19.73287364,10401.120,3833.080,21.98533119,19.73018035,933.6200,1921.0100,983.2900,1993.8100
1710,1,0.514221,44360.320,3561.020,21.97829787,19.66247556,8195.140,3838.940,21.98114698,19.65964855,933.7600,948.4100,986.2200,890.8200
1711,1,0.388763,44351.640,3563.460,21.97818636,19.66216624,8185.080,3841.220,21.98105975,19.65933136,934.9800,944.0700,987.3600,885.7900
1712,1,0.414974,45629.620,3563.860,21.98110794,19.70841834,9634.680,3837.760,21.98379696,19.70568019,935.1800,1583.0600,985.6300,1610.5900
1713,1,0.084010,43667.780,3564.560,21.97657368,19.63741887,7410.300,3844.700,21.97954785,19.63456212,935.5300,602.1400,989.1000,498.4000
1714,1,0.742312,45957.500,3564.800,21.98182608,19.72028649,10007.660,3838.220,21.98446033,19.71760835,935.6500,1747.0000,985.8600,1797.0800
1715,1,0.760270,45902.140,3566.340,21.98164108,19.71828600,9944.360,3840.460,21.98427733,19.71558855,936.4200,1719.3200,986.9800,1765.4300
1716,1,0.760270,45902.140,3566.340,21.98164108,19.71828600,9944.360,3840.460,21.98427733,19.71558855,936.4200,1719.3200,986.9800,1765.4300
1717,1,0.760726,45338.160,3570.100,21.98020405,19.69788245,9304.040,3846.720,21.98292473,19.69512460,938.3000,1437.3300,990.1100,1445.2700
1718,1,0.551338,44444.320,3570.560,21.97813288,19.66553444,8289.920,3848.440,21.98103168,19.66269822,938.5300,990.4100,990.9700,938.2100
1719,1,0.394348,43094.980,3570.640,21.97502932,19.61670070,6760.600,3852.820,21.97812358,19.61380189,938.5700,315.7400,993.1600,173.5500
1720,1,0.340071,45552.400,3570.700,21.98067382,19.70563718,9548.020,3844.820,21.98342531,19.70292290,938.6000,1544.4500,989.1600,1567.2600
1721,1,0.340071,45552.400,3570.700,21.98067382,19.70563718,9548.020,3844.820,21.98342531,19.70292290,938.6000,1544.4500,989.1600,1567.2600
1722,1,0.337475,45570.620,3570.980,21.98070518,19.70629714,9568.540,3844.960,21.98345832,19.70357937,938.7400,1553.5600,989.2300,1577.5200
1723,1,0.888500,43190.840,3574.940,21.97508822,19.62017846,6869.000,3859.980,21.97810447,19.61728248,940.7200,363.6700,996.7400,227.7500
1724,1,0.764010,45560.640,3577.640,21.98043231,19.70594911,9558.340,3852.880,21.98319943,19.70326883,942.0700,1548.5700,993.1900,1572.4200
1725,1,0.733663,46064.760,3579.320,21.98152765,19.72419701,10128.700,3855.020,21.98416954,19.72151217,942.9100,1800.6300,994.2600,1857.6000
1726,1,0.570373,44869.820,3579.540,21.97877362,19.68095143,8773.600,3859.040,21.98158861,19.67818639,943.0200,1203.1600,996.2700,1180.0500
1727,1,0.134436,45553.520,3579.660,21.98034015,19.70569542,9548.860,3855.440,21.98310453,19.70297074,943.0800,1545.0100,994.4700,1567.6800
1728,1,1.488623,45321.000,3579.660,21.97980586,19.69728030,9284.020,3859.260,21.98250806,19.69450916,943.0800,1428.7500,996.3800,1435.2600
1729,1,0.772822,43167.860,3580.700,21.97481926,19.61935817,6843.360,3866.620,21.97785779,19.61647567,943.6000,352.1800,1000.0600,214.9300
1730,1,0.588318,44537.420,3583.000,21.97787997,19.66892839,8395.680,3863.840,21.98075763,19.66611065,944.7500,1036.9600,998.6700,991.0900
1731,1,1.001228,45637.520,3583.120,21.98040332,19.70874229,9643.700,3861.420,21.98309511,19.70601536,944.8100,1587.0100,997.4600,1615.1000
1732,1,1.001228,45637.520,3583.120,21.98040332,19.70874229,9643.700,3861.420,21.98309511,19.70601536,944.8100,1587.0100,997.4600,1615.1000
1733,1,1.001228,45637.520,3583.120,21.98040332,19.70874229,9643.700,3861.420,21.98309511,19.70601536,944.8100,1587.0100,997.4600,1615.1000
1734,1,0.080907,45570.200,3583.360,21.98023963,19.70630639,9567.820,3859.820,21.98300600,19.70358570,944.9300,1553.3500,996.6600,1577.1600
1735,1,0.080907,45570.200,3583.360,21.98023963,19.70630639,9567.820,3859.820,21.98300600,19.70358570,944.9300,1553.3500,996.6600,1577.1600
1736,1,0.287913,45573.580,3584.520,21.98020386,19.70643101,9571.500,3860.740,21.98298476,19.70370519,945.5100,1555.0400,997.1200,1579.0000
1737,1,0.654704,45333.560,3584.620,21.97964858,19.69774465,9299.320,3860.940,21.98248487,19.69500175,945.5600,1435.0300,997.2200,1442.9100
1738,1,0.566257,45529.300,3588.460,21.97995426,19.70483625,9522.480,3865.720,21.98274469,19.70214745,947.4800,1532.9000,999.6100,1554.4900
1739,1,0.365888,45515.720,3588.520,21.97992080,19.70434490,9505.900,3866.900,21.98267881,19.70161959,947.5100,1526.1100,1000.2000,1546.2000
1740,1,0.155925,43349.240,3591.560,21.97482850,19.62594393,7048.920,3877.160,21.97791277,19.62306994,949.0300,442.8700,1005.3300,317.7100
1741,1,1.038870,45507.340,3593.200,21.97972592,19.70405086,9496.100,3873.700,21.98245469,19.70131963,949.8500,1521.9200,1003.6000,1541.3000
1742,1,0.654789,45494.160,3593.200,21.97969563,19.70357386,9481.540,3873.020,21.98244892,19.70085268,949.8500,1515.3300,1003.2600,1534.0200
1743,1,0.072020,44565.940,3593.580,21.97754847,19.66998145,8429.040,3875.460,21.98046648,19.66720040,950.0400,1051.2200,1004.4800,1007.7700
1744,1,0.594029,43359.880,3593.680,21.97477339,19.62633319,7060.680,3880.580,21.97783094,19.62345276,950.0900,448.1900,1007.0400,323.5900
1745,1,1.177753,43707.980,3595.060,21.97552148,19.63893399,7456.620,3882.280,21.97849738,19.63611758,950.7800,622.2400,1007.8900,521.5600
1746,1,0.790249,45055.620,3596.720,21.97855584,19.68770964,8983.140,3878.400,21.98138208,19.68492535,951.6100,1296.0600,1005.9500,1284.8200
1747,1,0.619159,44544.900,3597.100,21.97736803,19.66922695,8404.040,3878.940,21.98031584,19.66640782,951.8000,1040.7000,1006.2200,995.2700
1748,1,0.259626,44559.480,3600.180,21.97728595,19.66976069,8421.180,3882.960,21.98022525,19.66696386,953.3400,1047.9900,1008.2300,1003.8400
1749,1,0.376665,45062.180,3603.860,21.97830297,19.68796115,8991.280,3886.200,21.98116044,19.68520106,955.1800,1299.3400,1009.8500,1288.8900
1750,1,0.551997,44407.040,3606.120,21.97671275,19.66425548,8247.840,3890.080,21.97969566,19.66143482,956.3100,971.7700,1011.7900,917.1700
1751,1,0.446068,46202.960,3612.620,21.98059556,19.72926437,10285.260,3892.820,21.98330436,19.72659335,959.5600,1869.7300,1013.1600,1935.8800
1752,1,0.705446,45637.520,3612.640,21.97929552,19.70880059,9645.440,3893.140,21.98213537,19.70613366,959.5700,1587.0100,1013.3200,1615.9700
1753,1,0.220907,46017.480,3613.040,21.98015360,19.72255250,10075.260,3893.500,21.98290320,19.71987926,959.7700,1776.9900,1013.5000,1830.8800
1754,0,588.167392,43836.660,3661.360,21.97332911,19.64372199,7992.620,2847.220,22.01076017,19.65121356,983.9300,686.5800,490.3600,789.5600
1755,0,805.713657,44615.300,3661.440,21.97511530,19.67190187,8239.480,2361.800,22.02591091,19.65814895,983.9700,1075.9000,247.6500,912.9900
1756,0,1366.292718,45980.320,3676.460,21.97768824,19.72133290,7324.700,3606.360,21.98658573,19.63135404,991.4800,1758.4100,869.9300,455.6000
1757,0,410.484503,45943.820,3678.480,21.97752856,19.72001592,10280.960,3201.280,22.00432241,19.72508997,992.4900,1740.1600,667.3900,1933.7300
1758,0,1135.438459,44039.040,3694.640,21.97254525,19.65111204,9619.260,2594.100,22.02151940,19.70273072,1000.5700,787.7700,363.8000,1602.8800
